{"type":"FeatureCollection","features":[{"type":"Feature","properties":{"u":"950403zmq","n":"LONG ISLAND CITY FRAMEWORK IMPLEMTN","y":1995,"k":"unclassified","un":23501.0,"upa":23.577,"ac":996.77,"t":true},"geometry":{"type":"Polygon","coordinates":[[[-73.96052,40.73824],[-73.95876,40.74373],[-73.95792,40.74448],[-73.95649,40.74417],[-73.95645,40.74981],[-73.95073,40.75562],[-73.94258,40.75416],[-73.92457,40.74763],[-73.92556,40.74261],[-73.92735,40.74027],[-73.94704,40.73792],[-73.95649,40.73945],[-73.96052,40.73824]]]}},{"type":"Feature","properties":{"u":"050111azmk","n":"GREENPOINT-WILLIAMSBURG","y":2005,"k":"more housing allowed","un":18399.0,"upa":31.059,"ac":592.39,"t":true},"geometry":{"type":"Polygon","coordinates":[[[-73.95832,40.73542],[-73.958,40.73345],[-73.95675,40.73357],[-73.95681,40.73394],[-73.95531,40.73408],[-73.95518,40.73329],[-73.95754,40.73308],[-73.95752,40.73292],[-73.95791,40.73288],[-73.95786,40.73253],[-73.95747,40.73257],[-73.95739,40.73193],[-73.95775,40.7319],[-73.95749,40.73027],[-73.95467,40.73053],[-73.95445,40.72983],[-73.95735,40.72952],[-73.95698,40.72739],[-73.95721,40.72578],[-73.95687,40.7259],[-73.95584,40.72425],[-73.95568,40.72417],[-73.95515,40.72464],[-73.95466,40.72379],[-73.95679,40.72205],[-73.956,40.72157],[-73.95494,40.72257],[-73.95257,40.72334],[-73.95275,40.72367],[-73.9519,40.72394],[-73.95165,40.72349],[-73.95126,40.72363],[-73.95028,40.72194],[-73.94908,40.72255],[-73.94701,40.72279],[-73.9449,40.72085],[-73.94409,40.72091],[-73.94404,40.72053],[-73.94372,40.72016],[-73.94628,40.71869],[-73.94553,40.71875],[-73.94538,40.71794],[-73.94652,40.71781],[-73.94647,40.71748],[-73.9477,40.71736],[-73.94763,40.71702],[-73.94805,40.71695],[-73.948,40.71662],[-73.94908,40.71652],[-73.94903,40.71616],[-73.95003,40.71607],[-73.94991,40.71534],[-73.95137,40.7152],[-73.95261,40.71407],[-73.95163,40.71407],[-73.95112,40.71096],[-73.95667,40.71039],[-73.95548,40.71227],[-73.95681,40.71276],[-73.95714,40.71225],[-73.96161,40.71401],[-73.96044,40.71531],[-73.95909,40.71491],[-73.96142,40.71639],[-73.96278,40.71511],[-73.96407,40.71309],[-73.9655,40.71349],[-73.96578,40.71287],[-73.96058,40.71105],[-73.96093,40.71049],[-73.96773,40.7126],[-73.96737,40.71341],[-73.9663,40.7131],[-73.96599,40.71373],[-73.96555,40.71366],[-73.96508,40.71472],[-73.96579,40.71493],[-73.96549,40.71561],[-73.96589,40.71574],[-73.96573,40.71611],[-73.9661,40.71621],[-73.96414,40.71808],[-73.96635,40.71945],[-73.96455,40.72215],[-73.96184,40.72041],[-73.9579,40.72426],[-73.95781,40.7246],[-73.95849,40.72511],[-73.95858,40.72541],[-73.96014,40.72534],[-73.96021,40.72597],[-73.96215,40.72579],[-73.96194,40.72957],[-73.96229,40.73118],[-73.96287,40.73269],[-73.96271,40.73447],[-73.96166,40.73602],[-73.95943,40.73783],[-73.95752,40.73887],[-73.95658,40.7392],[-73.95514,40.73935],[-73.95255,40.73912],[-73.95292,40.73783],[-73.95275,40.73667],[-73.95692,40.73624],[-73.95684,40.73555],[-73.95832,40.73542]],[[-73.95925,40.72064],[-73.95874,40.72032],[-73.95698,40.72199],[-73.95746,40.72229],[-73.95925,40.72064]],[[-73.95809,40.71372],[-73.95748,40.71349],[-73.95734,40.71373],[-73.95795,40.71394],[-73.95809,40.71372]]]}},{"type":"Feature","properties":{"u":"000406azmq","n":"SPEC LONG ISLAND CITY REZONING","y":2001,"k":"unclassified","un":16329.0,"upa":136.369,"ac":119.74,"t":true},"geometry":{"type":"Polygon","coordinates":[[[-73.94081,40.75321],[-73.93687,40.75109],[-73.93624,40.75176],[-73.93476,40.75093],[-73.93597,40.74969],[-73.93509,40.74924],[-73.93955,40.74642],[-73.94554,40.74356],[-73.94693,40.74542],[-73.94304,40.74713],[-73.94342,40.74766],[-73.94304,40.748],[-73.94524,40.74847],[-73.94081,40.75321]]]}},{"type":"Feature","properties":{"u":"010199zmy","n":"UNIFIED BULK PROGRAM","y":2001,"k":"unclassified","un":14091.0,"upa":45.36,"ac":310.65,"t":true},"geometry":{"type":"MultiPolygon","coordinates":[[[[-73.99202,40.6964],[-73.99153,40.69626],[-73.98227,40.69606],[-73.98237,40.69372],[-73.98417,40.69372],[-73.98238,40.69371],[-73.98252,40.69318],[-73.98154,40.69303],[-73.98151,40.69214],[-73.98135,40.69202],[-73.98116,40.69075],[-73.98032,40.69067],[-73.98023,40.68994],[-73.97844,40.68984],[-73.97817,40.68787],[-73.97653,40.68713],[-73.97615,40.68539],[-73.9752,40.68545],[-73.97501,40.68412],[-73.97395,40.68389],[-73.97381,40.68307],[-73.97596,40.68352],[-73.97624,40.68276],[-73.97896,40.68375],[-73.97882,40.68398],[-73.98007,40.68448],[-73.98021,40.68423],[-73.98056,40.68435],[-73.981,40.68371],[-73.98168,40.68398],[-73.98111,40.68489],[-73.99172,40.68901],[-73.99202,40.68887],[-73.99283,40.68903],[-73.99248,40.68957],[-73.99297,40.68972],[-73.99202,40.6916],[-73.99403,40.69218],[-73.99345,40.69371],[-73.99202,40.6964]]],[[[-73.96873,40.7604],[-73.96976,40.759],[-73.97091,40.75949],[-73.97023,40.76039],[-73.96873,40.7604]]],[[[-73.96872,40.76043],[-73.97023,40.7604],[-73.96984,40.7609],[-73.96872,40.76043]]]]}},{"type":"Feature","properties":{"u":"040171zmk","n":"DOWNTOWN BKLYN DEVELOPMENT","y":2004,"k":"more housing allowed","un":9450.0,"upa":89.424,"ac":105.68,"t":true},"geometry":{"type":"MultiPolygon","coordinates":[[[[-73.97924,40.69386],[-73.9789,40.69272],[-73.98156,40.69276],[-73.98162,40.69215],[-73.98141,40.69217],[-73.98125,40.69083],[-73.98033,40.69077],[-73.98009,40.68853],[-73.98078,40.68872],[-73.9782,40.68531],[-73.97849,40.68512],[-73.98062,40.68588],[-73.9801,40.68674],[-73.9883,40.68988],[-73.98789,40.69048],[-73.98357,40.68879],[-73.98296,40.68971],[-73.98789,40.69168],[-73.98865,40.6906],[-73.98947,40.69096],[-73.98891,40.69238],[-73.98445,40.69229],[-73.98436,40.6918],[-73.98353,40.69177],[-73.98355,40.69225],[-73.98272,40.69222],[-73.9849,40.69614],[-73.98226,40.69606],[-73.98239,40.69392],[-73.97924,40.69386]]],[[[-73.98495,40.69594],[-73.98514,40.69433],[-73.98621,40.69436],[-73.98624,40.69384],[-73.98765,40.69383],[-73.98751,40.69485],[-73.98908,40.69488],[-73.98899,40.6963],[-73.9853,40.69618],[-73.98495,40.69594]]]]}},{"type":"Feature","properties":{"u":"980315zmm","n":"NEW SPECIAL LOWER MANHATTAN DIST","y":1998,"k":"unclassified","un":9438.0,"upa":19.388,"ac":486.79,"t":true},"geometry":{"type":"Polygon","coordinates":[[[-74.01889,40.70489],[-74.01386,40.71535],[-74.0069,40.71461],[-74.00405,40.71325],[-73.9982,40.70689],[-74.0066,40.70124],[-74.00881,40.70018],[-74.01141,40.69954],[-74.01367,40.69951],[-74.01637,40.70163],[-74.01889,40.70489]]]}},{"type":"Feature","properties":{"u":"070314azmq","n":"THE JAMAICA PLAN","y":2007,"k":"more housing allowed","un":8714.0,"upa":7.381,"ac":1180.62,"t":true},"geometry":{"type":"MultiPolygon","coordinates":[[[[-73.77428,40.71652],[-73.77391,40.71578],[-73.77138,40.7165],[-73.7708,40.71566],[-73.77245,40.71503],[-73.77006,40.71141],[-73.76958,40.71183],[-73.76939,40.71135],[-73.77026,40.71047],[-73.77021,40.7101],[-73.76884,40.70974],[-73.80219,40.70183],[-73.80081,40.70078],[-73.80001,40.70139],[-73.7999,40.70102],[-73.79963,40.70111],[-73.79947,40.70094],[-73.79871,40.70114],[-73.79821,40.70057],[-73.79783,40.70068],[-73.79765,40.70004],[-73.79915,40.69935],[-73.79747,40.69818],[-73.79367,40.69965],[-73.79241,40.70056],[-73.79156,40.70158],[-73.79111,40.70081],[-73.79176,40.70048],[-73.79165,40.70019],[-73.79282,40.69972],[-73.78963,40.69517],[-73.79054,40.69481],[-73.7938,40.69914],[-73.79524,40.69849],[-73.79327,40.69575],[-73.79759,40.69381],[-73.79923,40.69282],[-73.79944,40.69299],[-73.79985,40.69269],[-73.80073,40.69335],[-73.80155,40.69361],[-73.80447,40.69561],[-73.80792,40.69261],[-73.80995,40.69133],[-73.81059,40.69244],[-73.80957,40.69268],[-73.80973,40.69296],[-73.80804,40.69341],[-73.80698,40.69431],[-73.80723,40.69489],[-73.81134,40.69366],[-73.81153,40.69414],[-73.80576,40.69573],[-73.80718,40.69806],[-73.81127,40.69692],[-73.81164,40.6976],[-73.80693,40.69896],[-73.80767,40.70055],[-73.81143,40.69933],[-73.81178,40.69996],[-73.80999,40.70046],[-73.81013,40.70084],[-73.80976,40.70088],[-73.80992,40.70146],[-73.81041,40.70136],[-73.81062,40.70182],[-73.81261,40.70211],[-73.8152,40.70221],[-73.81411,40.69966],[-73.8147,40.69954],[-73.81683,40.70407],[-73.81651,40.70407],[-73.81774,40.70599],[-73.81586,40.70672],[-73.81458,40.7048],[-73.79537,40.71028],[-73.79011,40.71223],[-73.79022,40.71251],[-73.78893,40.71259],[-73.78861,40.71234],[-73.78485,40.7134],[-73.78459,40.71299],[-73.77879,40.71449],[-73.77895,40.71502],[-73.77997,40.71486],[-73.78029,40.71559],[-73.77905,40.71592],[-73.77863,40.71563],[-73.77428,40.71652]]],[[[-73.7823,40.70527],[-73.78208,40.70502],[-73.78166,40.70515],[-73.78118,40.70441],[-73.78075,40.70453],[-73.78064,40.70433],[-73.77941,40.70477],[-73.77705,40.70277],[-73.77888,40.70212],[-73.77659,40.69869],[-73.78066,40.69703],[-73.78184,40.69858],[-73.78382,40.69769],[-73.7827,40.69679],[-73.7819,40.69711],[-73.78147,40.69658],[-73.78211,40.6963],[-73.78158,40.69552],[-73.78126,40.69568],[-73.78078,40.69491],[-73.78056,40.69503],[-73.78014,40.69429],[-73.78073,40.69401],[-73.78009,40.69311],[-73.78073,40.69287],[-73.78308,40.69585],[-73.78516,40.6974],[-73.78581,40.69708],[-73.7864,40.69789],[-73.78726,40.69749],[-73.78774,40.69814],[-73.78731,40.69834],[-73.78795,40.69888],[-73.78763,40.69904],[-73.79094,40.70227],[-73.78938,40.70316],[-73.78482,40.7047],[-73.7845,40.70438],[-73.7823,40.70527]]],[[[-73.77077,40.70831],[-73.77061,40.70803],[-73.76873,40.70823],[-73.76752,40.7037],[-73.76773,40.70357],[-73.77528,40.7053],[-73.77512,40.70644],[-73.77394,40.70754],[-73.77077,40.70831]]]]}},{"type":"Feature","properties":{"u":"800984zmq","n":"BORDEN & JACKSON AVES, 44TH DR, E R","y":1981,"k":"unclassified","un":6505.0,"upa":37.384,"ac":174.0,"t":true},"geometry":{"type":"Polygon","coordinates":[[[-73.95706,40.74187],[-73.95564,40.74618],[-73.95348,40.74755],[-73.95056,40.7488],[-73.94336,40.74877],[-73.94183,40.74847],[-73.94127,40.74767],[-73.94429,40.74523],[-73.94953,40.74202],[-73.9508,40.74172],[-73.95457,40.74137],[-73.95706,40.74187]]]}},{"type":"Feature","properties":{"u":"120294zmk","n":"BEDFORD-STUYVESANT NORTH","y":2012,"k":"density lowered","un":5916.0,"upa":10.246,"ac":577.39,"t":false},"geometry":{"type":"Polygon","coordinates":[[[-73.9468,40.69791],[-73.94643,40.69609],[-73.9436,40.69642],[-73.94353,40.69605],[-73.94071,40.69636],[-73.94041,40.69489],[-73.93796,40.69517],[-73.93811,40.6959],[-73.93847,40.69586],[-73.93862,40.6966],[-73.93776,40.6967],[-73.93795,40.69743],[-73.93845,40.69737],[-73.93865,40.6984],[-73.93933,40.69877],[-73.94115,40.69855],[-73.94144,40.70001],[-73.94112,40.70031],[-73.92096,40.68888],[-73.92317,40.68863],[-73.92331,40.68935],[-73.92473,40.6892],[-73.92479,40.68995],[-73.9562,40.68633],[-73.95676,40.68926],[-73.95698,40.68924],[-73.95727,40.69069],[-73.96032,40.69035],[-73.96118,40.69438],[-73.95622,40.69494],[-73.95583,40.693],[-73.954,40.69321],[-73.95365,40.69153],[-73.95448,40.69151],[-73.95428,40.69143],[-73.9542,40.69106],[-73.95176,40.69134],[-73.95198,40.69242],[-73.95292,40.69233],[-73.9531,40.69332],[-73.95218,40.69343],[-73.95249,40.69501],[-73.94921,40.69539],[-73.94979,40.69832],[-73.94696,40.69865],[-73.94725,40.70011],[-73.94438,40.70043],[-73.94395,40.69823],[-73.9468,40.69791]],[[-73.93705,40.69303],[-73.93414,40.69338],[-73.93442,40.69483],[-73.93734,40.69449],[-73.9372,40.69376],[-73.94012,40.69342],[-73.93997,40.69269],[-73.93797,40.69292],[-73.93783,40.69218],[-73.9369,40.69228],[-73.93705,40.69303]]]}},{"type":"Feature","properties":{"u":"040499azmm","n":"HUDSON YARDS","y":2005,"k":"more housing allowed","un":5835.0,"upa":30.824,"ac":189.3,"t":true},"geometry":{"type":"Polygon","coordinates":[[[-74.00418,40.75324],[-73.99904,40.76033],[-73.99296,40.75788],[-73.99347,40.75715],[-73.99056,40.75594],[-73.99111,40.75519],[-73.99159,40.75541],[-73.99334,40.75312],[-73.99287,40.75289],[-73.99376,40.75157],[-73.99104,40.75045],[-73.99196,40.74901],[-73.99526,40.75046],[-73.9955,40.75005],[-73.99787,40.75108],[-73.99813,40.7507],[-74.00418,40.75324]]]}},{"type":"Feature","properties":{"u":"100199zmq","n":"ASTORIA REZONING","y":2010,"k":"density lowered","un":5616.0,"upa":6.172,"ac":909.89,"t":false},"geometry":{"type":"MultiPolygon","coordinates":[[[[-73.93417,40.77127],[-73.93132,40.77155],[-73.93223,40.77205],[-73.93078,40.77212],[-73.93202,40.77251],[-73.93185,40.77286],[-73.9313,40.77269],[-73.93084,40.77352],[-73.92902,40.77308],[-73.92899,40.7734],[-73.92812,40.77309],[-73.92812,40.77256],[-73.92752,40.7726],[-73.92752,40.77235],[-73.92734,40.77233],[-73.92732,40.77314],[-73.92681,40.77316],[-73.92557,40.77269],[-73.92412,40.77452],[-73.92302,40.7754],[-73.92372,40.77655],[-73.92265,40.77743],[-73.92152,40.77662],[-73.92086,40.77716],[-73.922,40.77796],[-73.91797,40.78127],[-73.91979,40.78252],[-73.91854,40.78349],[-73.91759,40.78373],[-73.91611,40.78267],[-73.91575,40.78297],[-73.9147,40.78222],[-73.91401,40.78258],[-73.91252,40.78152],[-73.91298,40.78116],[-73.91014,40.77915],[-73.90955,40.77964],[-73.91127,40.78085],[-73.90971,40.78214],[-73.90653,40.77974],[-73.90677,40.77954],[-73.90725,40.77988],[-73.90872,40.77868],[-73.90824,40.77833],[-73.90812,40.77826],[-73.90626,40.77958],[-73.90129,40.7762],[-73.90523,40.77298],[-73.90496,40.7728],[-73.90551,40.77233],[-73.90588,40.77203],[-73.90615,40.77222],[-73.90903,40.76987],[-73.90886,40.76959],[-73.90914,40.76936],[-73.90959,40.76943],[-73.91045,40.76878],[-73.91014,40.76864],[-73.91044,40.76827],[-73.91081,40.76833],[-73.91328,40.7653],[-73.9141,40.76569],[-73.91967,40.75885],[-73.9285,40.76299],[-73.93198,40.76493],[-73.93169,40.76523],[-73.93595,40.76759],[-73.93577,40.76907],[-73.93472,40.77004],[-73.93417,40.77127]],[[-73.93132,40.77155],[-73.93163,40.77106],[-73.93069,40.77061],[-73.93104,40.77018],[-73.93073,40.77004],[-73.93148,40.76911],[-73.93094,40.76889],[-73.93153,40.76816],[-73.93238,40.76852],[-73.93219,40.76877],[-73.93361,40.76931],[-73.93415,40.76867],[-73.93273,40.76811],[-73.93376,40.76683],[-73.93296,40.76639],[-73.93183,40.76779],[-73.93059,40.76721],[-73.92892,40.76929],[-73.93014,40.76988],[-73.92948,40.77067],[-73.92826,40.77011],[-73.92728,40.77136],[-73.92888,40.7721],[-73.92936,40.7715],[-73.93022,40.77192],[-73.93132,40.77155]]],[[[-73.92588,40.77516],[-73.92618,40.77457],[-73.92652,40.77467],[-73.92618,40.77531],[-73.92588,40.77516]]],[[[-73.92682,40.77442],[-73.92633,40.77428],[-73.92646,40.77402],[-73.92696,40.77416],[-73.9271,40.7739],[-73.92745,40.77399],[-73.92765,40.77362],[-73.92677,40.77342],[-73.92684,40.77329],[-73.92781,40.77331],[-73.92844,40.77352],[-73.92723,40.7759],[-73.92662,40.77556],[-73.92711,40.77464],[-73.92676,40.77454],[-73.92682,40.77442]]]]}},{"type":"Feature","properties":{"u":"070447zmk","n":"BEDFORD-STUYVESANT SO","y":2007,"k":"both","un":5479.0,"upa":5.819,"ac":941.56,"t":true},"geometry":{"type":"Polygon","coordinates":[[[-73.92479,40.68995],[-73.92473,40.6892],[-73.92331,40.68935],[-73.92317,40.68863],[-73.92096,40.68888],[-73.91805,40.68722],[-73.91629,40.67858],[-73.91646,40.67673],[-73.92475,40.67716],[-73.92472,40.67768],[-73.92655,40.67776],[-73.92658,40.67727],[-73.93036,40.67748],[-73.93015,40.67934],[-73.93289,40.67948],[-73.93307,40.67764],[-73.93584,40.6778],[-73.9356,40.67888],[-73.93851,40.67904],[-73.93861,40.67793],[-73.94417,40.67824],[-73.94411,40.67873],[-73.9489,40.67899],[-73.94895,40.67851],[-73.95036,40.67859],[-73.9503,40.6793],[-73.95269,40.67944],[-73.9527,40.67981],[-73.95537,40.67959],[-73.9554,40.67978],[-73.95827,40.68033],[-73.96001,40.68889],[-73.95678,40.68926],[-73.9562,40.68633],[-73.92479,40.68995]],[[-73.92257,40.68194],[-73.92577,40.68157],[-73.92528,40.6791],[-73.92199,40.6789],[-73.92257,40.68194]]]}},{"type":"Feature","properties":{"u":"820214zmm","n":"ESTABLISH THE SPEC MIDTOWN DIST","y":1982,"k":"unclassified","un":5083.0,"upa":5.16,"ac":985.02,"t":true},"geometry":{"type":"Polygon","coordinates":[[[-73.975,40.74845],[-73.98731,40.7471],[-73.99217,40.74918],[-73.99358,40.75723],[-73.98337,40.76972],[-73.98227,40.77002],[-73.96957,40.76466],[-73.96821,40.76324],[-73.9661,40.75891],[-73.97415,40.74882],[-73.975,40.74845]]]}},{"type":"Feature","properties":{"u":"080362zmq","n":"HUNTERS POINT SO","y":2008,"k":"unclassified","un":4637.0,"upa":123.545,"ac":37.53,"t":true},"geometry":{"type":"Polygon","coordinates":[[[-73.95839,40.74356],[-73.95935,40.74075],[-73.95738,40.74038],[-73.95769,40.73944],[-73.96011,40.73851],[-73.96073,40.73809],[-73.96217,40.73828],[-73.96215,40.73846],[-73.96264,40.73882],[-73.96264,40.73905],[-73.96229,40.73994],[-73.9616,40.74004],[-73.9613,40.74039],[-73.9613,40.74054],[-73.96191,40.74084],[-73.9617,40.74112],[-73.96114,40.74118],[-73.96113,40.74175],[-73.96145,40.74198],[-73.96085,40.74322],[-73.9604,40.74355],[-73.95978,40.74355],[-73.9597,40.74378],[-73.95839,40.74356]]]}},{"type":"Feature","properties":{"u":"090334zmk","n":"GREENPOINT-WILLIAMSBURG CONTEXTUAL","y":2009,"k":"density lowered","un":4500.0,"upa":7.931,"ac":567.41,"t":true},"geometry":{"type":"Polygon","coordinates":[[[-73.95278,40.73682],[-73.95176,40.73105],[-73.9515,40.73047],[-73.95204,40.73042],[-73.95114,40.72882],[-73.95063,40.72898],[-73.95027,40.7283],[-73.94868,40.72881],[-73.94851,40.72851],[-73.94767,40.72877],[-73.94735,40.72819],[-73.94693,40.72833],[-73.94649,40.72755],[-73.94607,40.7277],[-73.94588,40.72736],[-73.94294,40.72767],[-73.9429,40.72736],[-73.94243,40.72741],[-73.94237,40.72703],[-73.94187,40.72707],[-73.94177,40.72644],[-73.9413,40.72648],[-73.94127,40.72629],[-73.93987,40.72643],[-73.93981,40.72607],[-73.93794,40.72625],[-73.93783,40.72547],[-73.93735,40.72552],[-73.9374,40.72587],[-73.93694,40.7259],[-73.93675,40.72475],[-73.94109,40.72206],[-73.94002,40.71582],[-73.93633,40.71681],[-73.93546,40.71485],[-73.93725,40.71494],[-73.93738,40.71317],[-73.93879,40.7132],[-73.93847,40.7125],[-73.94067,40.71199],[-73.94042,40.71123],[-73.94711,40.7106],[-73.94676,40.70847],[-73.95066,40.70818],[-73.95178,40.71503],[-73.95144,40.71529],[-73.95007,40.71543],[-73.95017,40.71614],[-73.94907,40.71626],[-73.94912,40.71661],[-73.94812,40.71669],[-73.94818,40.71706],[-73.94772,40.7171],[-73.94776,40.71745],[-73.9466,40.71755],[-73.94665,40.71792],[-73.94564,40.71802],[-73.94575,40.71873],[-73.94691,40.71861],[-73.94385,40.72049],[-73.94421,40.72098],[-73.94498,40.72072],[-73.94706,40.72279],[-73.94908,40.72255],[-73.95025,40.72196],[-73.95121,40.72365],[-73.95165,40.72349],[-73.95183,40.72383],[-73.95269,40.72356],[-73.95345,40.72487],[-73.95384,40.72474],[-73.955,40.72673],[-73.95581,40.72646],[-73.95621,40.72718],[-73.95694,40.72707],[-73.95717,40.72733],[-73.9581,40.73295],[-73.95527,40.73335],[-73.95539,40.73405],[-73.95696,40.7339],[-73.95701,40.73426],[-73.95829,40.73414],[-73.95853,40.73556],[-73.95687,40.73573],[-73.95698,40.73643],[-73.95278,40.73682]]]}},{"type":"Feature","properties":{"u":"160035zmk","n":"East New York Community Plan","y":2016,"k":"more housing allowed","un":4402.0,"upa":9.522,"ac":462.32,"t":false},"geometry":{"type":"MultiPolygon","coordinates":[[[[-73.87423,40.68361],[-73.87379,40.68185],[-73.87314,40.68194],[-73.87309,40.68173],[-73.86913,40.68286],[-73.86891,40.68245],[-73.86881,40.68201],[-73.87014,40.68163],[-73.8701,40.6815],[-73.87146,40.68126],[-73.87137,40.6809],[-73.87344,40.68059],[-73.87359,40.68119],[-73.87661,40.68033],[-73.87601,40.67792],[-73.8751,40.67805],[-73.87519,40.67839],[-73.87422,40.67853],[-73.87046,40.67723],[-73.86998,40.6753],[-73.87882,40.67387],[-73.87895,40.67439],[-73.87989,40.67426],[-73.87976,40.67373],[-73.88839,40.67247],[-73.88853,40.67299],[-73.88942,40.67286],[-73.88929,40.67233],[-73.89289,40.67181],[-73.89302,40.67232],[-73.89486,40.67205],[-73.89477,40.67167],[-73.89524,40.6716],[-73.89501,40.67071],[-73.89554,40.67063],[-73.89587,40.6719],[-73.89638,40.67182],[-73.89727,40.67523],[-73.89772,40.67517],[-73.89836,40.67767],[-73.8978,40.67805],[-73.89748,40.67817],[-73.89732,40.67756],[-73.8899,40.67881],[-73.8848,40.68046],[-73.88475,40.68027],[-73.88387,40.68054],[-73.88397,40.68096],[-73.88025,40.68149],[-73.88035,40.68198],[-73.87423,40.68361]]],[[[-73.90358,40.67896],[-73.90331,40.67788],[-73.9035,40.6755],[-73.90696,40.67399],[-73.90668,40.6729],[-73.90766,40.67275],[-73.90788,40.67358],[-73.90842,40.67333],[-73.90835,40.6742],[-73.90751,40.67416],[-73.90666,40.67452],[-73.90628,40.6745],[-73.90607,40.67672],[-73.90658,40.67675],[-73.90652,40.67729],[-73.90702,40.67732],[-73.90693,40.67807],[-73.90808,40.67814],[-73.90827,40.67909],[-73.90642,40.6793],[-73.90549,40.68005],[-73.90358,40.67896]]]]}},{"type":"Feature","properties":{"u":"860211zmk","n":"BROOKLYN CENTER URA","y":1986,"k":"unclassified","un":4278.0,"upa":186.115,"ac":22.99,"t":true},"geometry":{"type":"Polygon","coordinates":[[[-73.98227,40.68938],[-73.98181,40.69009],[-73.97858,40.69001],[-73.9781,40.68677],[-73.97952,40.68663],[-73.98171,40.68848],[-73.98227,40.68938]]]}},{"type":"Feature","properties":{"u":"050120zmx","n":"PORT MORRIS/BRUCKNER BLVD REZONING","y":2005,"k":"more housing allowed","un":3840.0,"upa":53.926,"ac":71.21,"t":true},"geometry":{"type":"Polygon","coordinates":[[[-73.93083,40.80837],[-73.92252,40.80484],[-73.92231,40.80483],[-73.92178,40.80552],[-73.91401,40.80202],[-73.91422,40.80169],[-73.91362,40.80141],[-73.91397,40.80085],[-73.91978,40.8034],[-73.92025,40.80274],[-73.92476,40.80468],[-73.92518,40.80417],[-73.927,40.80499],[-73.9261,40.80534],[-73.93007,40.80701],[-73.93051,40.80637],[-73.93205,40.80782],[-73.93281,40.80905],[-73.93297,40.81058],[-73.93207,40.8112],[-73.93052,40.81011],[-73.93027,40.81029],[-73.9293,40.80947],[-73.93083,40.80837]]]}},{"type":"Feature","properties":{"u":"090336zmk","n":"FLATBUSH REZONING","y":2009,"k":"both","un":3689.0,"upa":4.21,"ac":876.23,"t":true},"geometry":{"type":"Polygon","coordinates":[[[-73.95989,40.65564],[-73.95971,40.65484],[-73.95631,40.65506],[-73.95584,40.65054],[-73.95567,40.64664],[-73.95467,40.64479],[-73.95413,40.63899],[-73.95362,40.63843],[-73.94827,40.63861],[-73.94777,40.63401],[-73.94587,40.63413],[-73.94562,40.63179],[-73.94794,40.63155],[-73.9496,40.6325],[-73.95462,40.63195],[-73.95459,40.63156],[-73.95595,40.63137],[-73.95646,40.63109],[-73.95675,40.63058],[-73.95658,40.62965],[-73.9659,40.62864],[-73.96678,40.6323],[-73.9714,40.64826],[-73.96465,40.6509],[-73.96622,40.65319],[-73.95989,40.65564]]]}},{"type":"Feature","properties":{"u":"050162azmm","n":"WEST CHELSEA/HIGH LINE","y":2005,"k":"more housing allowed","un":3557.0,"upa":50.971,"ac":69.78,"t":true},"geometry":{"type":"Polygon","coordinates":[[[-74.00382,40.75327],[-74.00098,40.75207],[-74.00639,40.74465],[-74.00502,40.74408],[-74.00586,40.7429],[-74.00724,40.74348],[-74.00677,40.74412],[-74.00843,40.74476],[-74.00787,40.74784],[-74.00382,40.75327]]]}},{"type":"Feature","properties":{"u":"090079zmk","n":"GATEWAY ESTATES II","y":2009,"k":"unclassified","un":3472.0,"upa":12.421,"ac":279.52,"t":true},"geometry":{"type":"Polygon","coordinates":[[[-73.87972,40.65557],[-73.87064,40.65948],[-73.86972,40.65821],[-73.86664,40.65954],[-73.86391,40.65596],[-73.86236,40.65521],[-73.8608,40.65503],[-73.86047,40.65466],[-73.87057,40.64926],[-73.87351,40.64701],[-73.87972,40.65557]]]}},{"type":"Feature","properties":{"u":"070430zmk","n":"FORT GREENE/CLINTON HILL","y":2007,"k":"both","un":3431.0,"upa":8.571,"ac":400.31,"t":true},"geometry":{"type":"Polygon","coordinates":[[[-73.97344,40.69594],[-73.96445,40.6956],[-73.96356,40.69585],[-73.96323,40.69425],[-73.96121,40.69452],[-73.96104,40.69378],[-73.96584,40.69312],[-73.96519,40.68979],[-73.96481,40.68833],[-73.96001,40.68889],[-73.95829,40.67984],[-73.96748,40.68176],[-73.96796,40.68374],[-73.97285,40.6857],[-73.97267,40.68481],[-73.97314,40.68475],[-73.97301,40.68407],[-73.97397,40.68402],[-73.97404,40.68439],[-73.97454,40.68434],[-73.97459,40.68461],[-73.97507,40.68456],[-73.97524,40.68542],[-73.9762,40.6853],[-73.97659,40.68721],[-73.97835,40.68789],[-73.97863,40.68985],[-73.97313,40.68964],[-73.97386,40.69331],[-73.97291,40.69327],[-73.97344,40.69594]]]}},{"type":"Feature","properties":{"u":"880920zmq","n":"ELMHURST/CORONA REZONING","y":1989,"k":"unclassified","un":3194.0,"upa":2.129,"ac":1499.94,"t":true},"geometry":{"type":"Polygon","coordinates":[[[-73.84926,40.73896],[-73.85447,40.73695],[-73.86615,40.73345],[-73.8722,40.73465],[-73.8746,40.73533],[-73.87025,40.73333],[-73.87098,40.73184],[-73.88022,40.72891],[-73.88483,40.73275],[-73.88247,40.73732],[-73.88098,40.73714],[-73.88757,40.73901],[-73.89188,40.7426],[-73.89423,40.74645],[-73.8527,40.75283],[-73.85112,40.74986],[-73.84746,40.74013],[-73.84926,40.73896]]]}},{"type":"Feature","properties":{"u":"080397azmm","n":"EAST VILLAGE/LOWER EAST SIDE","y":2008,"k":"both","un":3098.0,"upa":7.792,"ac":397.58,"t":true},"geometry":{"type":"Polygon","coordinates":[[[-73.99082,40.72757],[-73.98727,40.73242],[-73.97814,40.72859],[-73.9786,40.72796],[-73.97663,40.72713],[-73.97754,40.72588],[-73.97517,40.72489],[-73.97876,40.71995],[-73.98134,40.72072],[-73.98315,40.71718],[-73.98894,40.71892],[-73.98995,40.71699],[-73.99425,40.71832],[-73.99217,40.72256],[-73.99165,40.72242],[-73.99101,40.72363],[-73.99171,40.72384],[-73.99079,40.72511],[-73.99159,40.72545],[-73.99082,40.72757]]]}},{"type":"Feature","properties":{"u":"210177zmk","n":"Gowanus Neighborhood Plan","y":2021,"k":"more housing allowed","un":3019.0,"upa":15.242,"ac":198.07,"t":false},"geometry":{"type":"Polygon","coordinates":[[[-73.97823,40.68358],[-73.98294,40.67658],[-73.9828,40.67652],[-73.98327,40.67582],[-73.98507,40.67368],[-73.98521,40.67375],[-73.99124,40.6665],[-73.99223,40.66698],[-73.98796,40.67211],[-73.98854,40.67239],[-73.9888,40.67209],[-73.99002,40.67268],[-73.98801,40.67508],[-73.99023,40.67616],[-73.9906,40.6757],[-73.99417,40.67606],[-73.99499,40.67571],[-73.99579,40.67494],[-73.99745,40.67541],[-73.99628,40.67782],[-73.99508,40.67725],[-73.99484,40.67754],[-73.99538,40.6778],[-73.99513,40.6781],[-73.99394,40.67753],[-73.99373,40.67785],[-73.99187,40.67696],[-73.99091,40.67811],[-73.99178,40.67849],[-73.99138,40.67907],[-73.99043,40.67869],[-73.98699,40.68377],[-73.9848,40.68292],[-73.98567,40.68165],[-73.98487,40.68134],[-73.98444,40.68198],[-73.98142,40.68081],[-73.97926,40.68397],[-73.97823,40.68358]],[[-73.98568,40.68165],[-73.98711,40.68221],[-73.98754,40.68158],[-73.98706,40.68141],[-73.9875,40.68077],[-73.98653,40.68039],[-73.98568,40.68165]],[[-73.98707,40.67621],[-73.988,40.67509],[-73.9857,40.67399],[-73.9847,40.67518],[-73.98707,40.67621]]]}},{"type":"Feature","properties":{"u":"820927zmm","n":"LINCOLN WEST","y":1982,"k":"unclassified","un":3002.0,"upa":23.648,"ac":126.94,"t":true},"geometry":{"type":"Polygon","coordinates":[[[-73.99626,40.77417],[-73.98973,40.78235],[-73.98619,40.78077],[-73.9891,40.77312],[-73.99023,40.77153],[-73.99626,40.77417]]]}},{"type":"Feature","properties":{"u":"040273zmq","n":"HUNTERS POINT SUBDISTRICT REZONING","y":2004,"k":"more housing allowed","un":2846.0,"upa":26.529,"ac":107.28,"t":true},"geometry":{"type":"Polygon","coordinates":[[[-73.94492,40.74808],[-73.94567,40.74588],[-73.94656,40.7455],[-73.94604,40.74475],[-73.94883,40.7437],[-73.94893,40.74341],[-73.95032,40.7432],[-73.95047,40.74277],[-73.94972,40.74262],[-73.94994,40.74192],[-73.94949,40.74183],[-73.94954,40.7417],[-73.95189,40.7414],[-73.95179,40.7417],[-73.95421,40.74202],[-73.95445,40.74133],[-73.95641,40.7417],[-73.95688,40.74188],[-73.95684,40.74201],[-73.95886,40.74218],[-73.9584,40.74356],[-73.95794,40.74348],[-73.95772,40.74417],[-73.95621,40.74388],[-73.95505,40.74734],[-73.95453,40.74724],[-73.95502,40.74586],[-73.95373,40.74561],[-73.95487,40.74215],[-73.95425,40.74202],[-73.95411,40.74274],[-73.95357,40.74263],[-73.95247,40.7461],[-73.95108,40.74583],[-73.95001,40.74905],[-73.94492,40.74808]],[[-73.94797,40.7477],[-73.94879,40.74539],[-73.94784,40.7452],[-73.94702,40.74763],[-73.94797,40.7477]]]}},{"type":"Feature","properties":{"u":"960207zmk","n":"GATEWAY ESTATES/FRESH CREEK URA","y":1996,"k":"unclassified","un":2641.0,"upa":10.074,"ac":262.17,"t":true},"geometry":{"type":"Polygon","coordinates":[[[-73.87992,40.65575],[-73.87068,40.65973],[-73.86758,40.65937],[-73.8664,40.65994],[-73.8658,40.65903],[-73.8683,40.65785],[-73.86765,40.65628],[-73.8612,40.65576],[-73.86054,40.65555],[-73.87138,40.64917],[-73.87361,40.64721],[-73.87992,40.65575]]]}},{"type":"Feature","properties":{"u":"990453zmm","n":"CHELSEA REZONING","y":1999,"k":"unclassified","un":2607.0,"upa":7.155,"ac":364.35,"t":true},"geometry":{"type":"Polygon","coordinates":[[[-74.00758,40.74833],[-74.00647,40.74983],[-73.99784,40.75147],[-73.99402,40.75027],[-73.99239,40.74339],[-73.99255,40.74219],[-73.99658,40.73677],[-74.00515,40.74054],[-74.00758,40.74833]]]}},{"type":"Feature","properties":{"u":"980077zmk","n":"WILLIAMSBURG BRIDGE AREA","y":1998,"k":"unclassified","un":2403.0,"upa":31.174,"ac":77.08,"t":true},"geometry":{"type":"Polygon","coordinates":[[[-73.95826,40.71033],[-73.95919,40.70898],[-73.97057,40.71021],[-73.97019,40.71122],[-73.96746,40.71353],[-73.96617,40.7138],[-73.96537,40.71358],[-73.95826,40.71033]]]}},{"type":"Feature","properties":{"u":"180051azmx","n":"Jerome Avenue Rezoning","y":2018,"k":"more housing allowed","un":2385.0,"upa":13.479,"ac":176.94,"t":false},"geometry":{"type":"MultiPolygon","coordinates":[[[[-73.91445,40.84564],[-73.91557,40.84598],[-73.91682,40.84543],[-73.91709,40.84552],[-73.91713,40.846],[-73.91682,40.84647],[-73.9162,40.84661],[-73.91606,40.84624],[-73.91528,40.84641],[-73.91421,40.84598],[-73.91445,40.84564]]],[[[-73.91445,40.84564],[-73.91398,40.84544],[-73.91237,40.84769],[-73.91284,40.84788],[-73.91252,40.84835],[-73.91345,40.84852],[-73.91249,40.84986],[-73.91209,40.85024],[-73.91129,40.8501],[-73.90976,40.85197],[-73.91018,40.85199],[-73.90985,40.85235],[-73.90939,40.85229],[-73.90831,40.85345],[-73.90937,40.85346],[-73.91062,40.85424],[-73.91045,40.85459],[-73.9106,40.85464],[-73.91017,40.85508],[-73.90914,40.85429],[-73.90901,40.85443],[-73.90858,40.8542],[-73.90761,40.85424],[-73.90631,40.85567],[-73.90672,40.85582],[-73.90625,40.85644],[-73.90577,40.85628],[-73.90459,40.85821],[-73.90708,40.85909],[-73.90653,40.85968],[-73.9042,40.85886],[-73.90306,40.86077],[-73.90205,40.86042],[-73.903,40.85886],[-73.90075,40.85809],[-73.90114,40.85744],[-73.90339,40.85822],[-73.90478,40.85597],[-73.90658,40.85396],[-73.90395,40.85301],[-73.90443,40.85243],[-73.90508,40.85247],[-73.90715,40.85333],[-73.9085,40.85186],[-73.9074,40.85119],[-73.90772,40.85054],[-73.90921,40.85107],[-73.91405,40.84446],[-73.91241,40.84386],[-73.91269,40.84303],[-73.91449,40.84384],[-73.91696,40.84038],[-73.91413,40.83936],[-73.91445,40.83883],[-73.91462,40.83862],[-73.91745,40.83974],[-73.91871,40.83798],[-73.91877,40.83751],[-73.9192,40.83768],[-73.91926,40.83715],[-73.9201,40.83575],[-73.91798,40.83509],[-73.91867,40.83438],[-73.92099,40.83521],[-73.923,40.83181],[-73.9235,40.83198],[-73.92221,40.83417],[-73.92273,40.83435],[-73.92201,40.83557],[-73.9225,40.83574],[-73.92238,40.83612],[-73.9229,40.83577],[-73.92283,40.83774],[-73.923,40.83776],[-73.92208,40.83918],[-73.9219,40.84033],[-73.92239,40.84043],[-73.9223,40.84056],[-73.92329,40.84211],[-73.92343,40.84273],[-73.92382,40.84289],[-73.92362,40.84424],[-73.92296,40.84399],[-73.92282,40.84276],[-73.92243,40.84336],[-73.92189,40.84203],[-73.92116,40.84085],[-73.92051,40.84073],[-73.92029,40.84103],[-73.9204,40.84106],[-73.91992,40.84141],[-73.91868,40.84104],[-73.91809,40.84173],[-73.91888,40.84207],[-73.91733,40.84414],[-73.91656,40.84383],[-73.91587,40.8448],[-73.91522,40.84454],[-73.91445,40.84564]]]]}},{"type":"Feature","properties":{"u":"080429zmq","n":"DUTCH KILLS","y":2008,"k":"both","un":2330.0,"upa":20.092,"ac":115.97,"t":true},"geometry":{"type":"Polygon","coordinates":[[[-73.93549,40.75742],[-73.93258,40.75583],[-73.93231,40.75616],[-73.93111,40.75567],[-73.93056,40.7564],[-73.93021,40.75624],[-73.93006,40.75643],[-73.92908,40.75588],[-73.92872,40.75579],[-73.92861,40.75593],[-73.92823,40.75575],[-73.92954,40.75413],[-73.92594,40.75211],[-73.93228,40.75196],[-73.93367,40.75165],[-73.93474,40.75099],[-73.93599,40.75164],[-73.9368,40.75101],[-73.94062,40.75305],[-73.93823,40.75555],[-73.93753,40.75536],[-73.93549,40.75742]]]}},{"type":"Feature","properties":{"u":"940227zmx","n":"MELROSE COMMONS","y":1994,"k":"unclassified","un":2311.0,"upa":26.457,"ac":87.35,"t":true},"geometry":{"type":"Polygon","coordinates":[[[-73.91826,40.82328],[-73.91579,40.82488],[-73.9134,40.82579],[-73.9109,40.82534],[-73.90869,40.82431],[-73.90946,40.82108],[-73.91166,40.81971],[-73.91531,40.82077],[-73.91826,40.82328]]]}},{"type":"Feature","properties":{"u":"170413zmx","n":"SHRW District Expansion","y":2017,"k":"unclassified","un":2302.0,"upa":116.24,"ac":19.8,"t":false},"geometry":{"type":"Polygon","coordinates":[[[-73.93182,40.81111],[-73.93041,40.81],[-73.93026,40.81012],[-73.92936,40.80945],[-73.93089,40.80834],[-73.92952,40.80774],[-73.9305,40.80643],[-73.93213,40.80814],[-73.93278,40.80948],[-73.93288,40.81032],[-73.93182,40.81111]]]}},{"type":"Feature","properties":{"u":"110384zmx","n":"WILLIAMSBRIDGE/BAYCHESTER REZONING","y":2011,"k":"density lowered","un":2285.0,"upa":4.58,"ac":498.86,"t":false},"geometry":{"type":"MultiPolygon","coordinates":[[[[-73.83542,40.88109],[-73.83506,40.88123],[-73.83416,40.87955],[-73.83612,40.87853],[-73.83634,40.87895],[-73.83731,40.87879],[-73.83749,40.87918],[-73.83707,40.87932],[-73.83736,40.87982],[-73.83704,40.88017],[-73.83666,40.87946],[-73.83539,40.87992],[-73.83578,40.8806],[-73.83528,40.88074],[-73.83542,40.88109]]],[[[-73.83752,40.87517],[-73.8367,40.87542],[-73.83582,40.87377],[-73.83665,40.87349],[-73.83752,40.87517]]],[[[-73.84067,40.88011],[-73.83989,40.88041],[-73.83976,40.88023],[-73.83936,40.88038],[-73.83861,40.87907],[-73.83943,40.87872],[-73.83961,40.87903],[-73.84,40.87889],[-73.83947,40.87799],[-73.83966,40.87777],[-73.84061,40.87815],[-73.84076,40.8785],[-73.84036,40.87866],[-73.84074,40.87934],[-73.84032,40.87948],[-73.84067,40.88011]]],[[[-73.84459,40.87749],[-73.84354,40.87828],[-73.84321,40.87765],[-73.8428,40.87778],[-73.84267,40.8775],[-73.84223,40.87762],[-73.84138,40.87597],[-73.84511,40.87472],[-73.84446,40.87342],[-73.84581,40.87299],[-73.84651,40.8743],[-73.84695,40.87418],[-73.84763,40.87538],[-73.8458,40.87592],[-73.84592,40.87612],[-73.845,40.87638],[-73.84513,40.87664],[-73.84429,40.8769],[-73.84459,40.87749]]],[[[-73.85395,40.89186],[-73.85472,40.89213],[-73.85489,40.89185],[-73.85548,40.89204],[-73.85532,40.89232],[-73.85695,40.89283],[-73.85653,40.89359],[-73.85547,40.89324],[-73.85569,40.89286],[-73.85534,40.89275],[-73.85513,40.89314],[-73.85204,40.89215],[-73.85188,40.89165],[-73.84876,40.89065],[-73.84895,40.8903],[-73.85131,40.89104],[-73.85982,40.8758],[-73.85597,40.87458],[-73.85386,40.87836],[-73.84885,40.88583],[-73.84648,40.88992],[-73.84543,40.88959],[-73.84617,40.88826],[-73.84549,40.88802],[-73.84681,40.88784],[-73.84926,40.88416],[-73.84883,40.88395],[-73.84925,40.88335],[-73.84884,40.88317],[-73.84859,40.88351],[-73.8448,40.88186],[-73.84503,40.88154],[-73.84465,40.88138],[-73.84485,40.8811],[-73.84449,40.88095],[-73.84471,40.88062],[-73.84314,40.87988],[-73.84348,40.87967],[-73.84452,40.88009],[-73.84474,40.87978],[-73.84866,40.88144],[-73.84938,40.88289],[-73.84974,40.88268],[-73.85312,40.87765],[-73.85496,40.87426],[-73.85381,40.87389],[-73.85404,40.87344],[-73.85437,40.87355],[-73.85443,40.87321],[-73.85474,40.87322],[-73.85611,40.87365],[-73.85615,40.87165],[-73.85663,40.87166],[-73.85655,40.87379],[-73.86074,40.87513],[-73.86053,40.8755],[-73.86825,40.87793],[-73.86803,40.8784],[-73.86875,40.87863],[-73.866,40.88432],[-73.86562,40.8845],[-73.86297,40.88942],[-73.86385,40.88974],[-73.86342,40.8905],[-73.86298,40.89036],[-73.86262,40.89099],[-73.8621,40.89082],[-73.86023,40.89426],[-73.85691,40.8933],[-73.85766,40.8919],[-73.8575,40.89185],[-73.85828,40.89043],[-73.85845,40.89048],[-73.86009,40.88726],[-73.85679,40.88622],[-73.85659,40.88659],[-73.85694,40.8867],[-73.85676,40.88704],[-73.8574,40.88724],[-73.85758,40.8869],[-73.85808,40.88705],[-73.85768,40.88775],[-73.85589,40.88718],[-73.85568,40.88756],[-73.85466,40.88721],[-73.8539,40.8886],[-73.85479,40.8889],[-73.85538,40.88786],[-73.8568,40.88834],[-73.85702,40.88794],[-73.85849,40.88843],[-73.85829,40.88877],[-73.85861,40.88888],[-73.85841,40.88924],[-73.85808,40.88913],[-73.85792,40.88941],[-73.8577,40.88983],[-73.85803,40.88994],[-73.85783,40.89029],[-73.85539,40.88951],[-73.85521,40.88986],[-73.85423,40.88955],[-73.85406,40.88986],[-73.85778,40.89108],[-73.8574,40.89178],[-73.8553,40.89111],[-73.85547,40.8908],[-73.85466,40.89053],[-73.85446,40.89091],[-73.85526,40.89119],[-73.85506,40.89154],[-73.85395,40.89186],[-73.85395,40.89186]]],[[[-73.85395,40.89186],[-73.85395,40.89186],[-73.85395,40.89186],[-73.85395,40.89186]]],[[[-73.84348,40.87967],[-73.84347,40.87967],[-73.84348,40.87966],[-73.84348,40.87967]]]]}},{"type":"Feature","properties":{"u":"860156zmq","n":"DUTCH KILLS REZONING","y":1990,"k":"unclassified","un":2277.0,"upa":18.411,"ac":123.68,"t":true},"geometry":{"type":"Polygon","coordinates":[[[-73.94112,40.7531],[-73.93862,40.7557],[-73.93567,40.75748],[-73.92602,40.75217],[-73.93482,40.75092],[-73.93688,40.75092],[-73.94112,40.7531]]]}},{"type":"Feature","properties":{"u":"170243azmq","n":"Downtown Far Rockaway Rezoning","y":2017,"k":"more housing allowed","un":2265.0,"upa":35.808,"ac":63.25,"t":false},"geometry":{"type":"Polygon","coordinates":[[[-73.74897,40.6067],[-73.74936,40.60638],[-73.74997,40.60624],[-73.75136,40.60494],[-73.75038,40.60422],[-73.75066,40.60385],[-73.74939,40.60314],[-73.74923,40.60271],[-73.74878,40.60281],[-73.74835,40.60224],[-73.74922,40.60161],[-73.75003,40.60217],[-73.75164,40.60181],[-73.75227,40.60199],[-73.75236,40.60171],[-73.75431,40.60163],[-73.75415,40.60225],[-73.75477,40.60222],[-73.75434,40.60386],[-73.75477,40.60393],[-73.75453,40.60431],[-73.7561,40.60488],[-73.75562,40.60657],[-73.75373,40.60619],[-73.75289,40.60692],[-73.7521,40.60824],[-73.75101,40.6077],[-73.75141,40.6073],[-73.75089,40.60693],[-73.75012,40.60755],[-73.74897,40.6067]]]}},{"type":"Feature","properties":{"u":"940304zmm","n":"EASTSIDE REZONING","y":1995,"k":"unclassified","un":2124.0,"upa":7.747,"ac":274.16,"t":true},"geometry":{"type":"MultiPolygon","coordinates":[[[[-73.97549,40.74529],[-73.98068,40.73822],[-73.97826,40.73724],[-73.98207,40.7319],[-73.98296,40.73181],[-73.98667,40.73343],[-73.98974,40.73522],[-73.98988,40.73682],[-73.98291,40.74625],[-73.97745,40.7462],[-73.97549,40.74529]]],[[[-73.97319,40.74432],[-73.97409,40.74302],[-73.97616,40.74386],[-73.9751,40.74511],[-73.97319,40.74432]]]]}},{"type":"Feature","properties":{"u":"110085zmx","n":"WEBSTER AVE/BEDFORD PARK/NORWOOD","y":2011,"k":"density lowered","un":2115.0,"upa":7.11,"ac":297.47,"t":false},"geometry":{"type":"MultiPolygon","coordinates":[[[[-73.88414,40.8717],[-73.88375,40.87193],[-73.88341,40.87164],[-73.88293,40.87194],[-73.8828,40.87153],[-73.88314,40.8713],[-73.88285,40.87085],[-73.88326,40.8706],[-73.88213,40.86876],[-73.88162,40.86912],[-73.88143,40.86788],[-73.88225,40.86737],[-73.8825,40.8674],[-73.88214,40.86705],[-73.88729,40.86421],[-73.88767,40.86466],[-73.89047,40.86237],[-73.89134,40.8629],[-73.89165,40.86261],[-73.89243,40.86255],[-73.89227,40.86283],[-73.89314,40.86272],[-73.89406,40.86298],[-73.89248,40.86538],[-73.89303,40.86579],[-73.89271,40.86643],[-73.88989,40.86953],[-73.88562,40.87228],[-73.8845,40.87199],[-73.88414,40.8717]]],[[[-73.86983,40.8807],[-73.87081,40.87848],[-73.87033,40.87836],[-73.87084,40.87687],[-73.87149,40.877],[-73.8724,40.87515],[-73.87596,40.87046],[-73.87945,40.86847],[-73.88073,40.873],[-73.88144,40.87409],[-73.88151,40.87618],[-73.87948,40.8769],[-73.87861,40.87622],[-73.87728,40.87617],[-73.87677,40.87643],[-73.87549,40.87763],[-73.87541,40.87832],[-73.87601,40.87901],[-73.87537,40.87959],[-73.87438,40.87909],[-73.87212,40.87871],[-73.87141,40.88039],[-73.87084,40.88045],[-73.87065,40.88091],[-73.86983,40.8807]]],[[[-73.87857,40.87836],[-73.87932,40.87778],[-73.88006,40.87793],[-73.87944,40.87968],[-73.87899,40.87959],[-73.87911,40.87924],[-73.87845,40.87912],[-73.87888,40.87857],[-73.87857,40.87836]]]]}},{"type":"Feature","properties":{"u":"130213zmk","n":"CROWN HEIGHTS WEST REZONING","y":2013,"k":"density lowered","un":2050.0,"upa":9.036,"ac":226.86,"t":false},"geometry":{"type":"Polygon","coordinates":[[[-73.96279,40.67545],[-73.96318,40.67554],[-73.96223,40.67817],[-73.95958,40.67762],[-73.9593,40.67839],[-73.95838,40.67819],[-73.95866,40.67742],[-73.95639,40.67694],[-73.95559,40.67843],[-73.95281,40.67785],[-73.95289,40.67825],[-73.95022,40.67806],[-73.95018,40.67858],[-73.94921,40.67853],[-73.94925,40.678],[-73.94907,40.67799],[-73.94984,40.66984],[-73.95527,40.67013],[-73.96202,40.67151],[-73.96279,40.67545]]]}},{"type":"Feature","properties":{"u":"100407zmx","n":"THIRD AVE-TREMONT AVE CORRIODORS","y":2010,"k":"more housing allowed","un":2006.0,"upa":13.302,"ac":150.8,"t":false},"geometry":{"type":"Polygon","coordinates":[[[-73.89253,40.85238],[-73.89209,40.85215],[-73.89297,40.8512],[-73.89263,40.85103],[-73.89336,40.84992],[-73.89432,40.85036],[-73.89495,40.84911],[-73.89445,40.84894],[-73.89467,40.84854],[-73.89516,40.84869],[-73.89541,40.8482],[-73.89454,40.8479],[-73.89473,40.84757],[-73.89188,40.84658],[-73.89203,40.84632],[-73.88648,40.84372],[-73.88657,40.84362],[-73.88362,40.84218],[-73.88407,40.84148],[-73.8931,40.84593],[-73.8929,40.84627],[-73.89313,40.84635],[-73.89618,40.84667],[-73.89741,40.84421],[-73.89994,40.84494],[-73.8991,40.84647],[-73.90125,40.84719],[-73.89975,40.8498],[-73.89854,40.84942],[-73.89888,40.84882],[-73.89943,40.849],[-73.89992,40.8481],[-73.89832,40.84784],[-73.89451,40.85456],[-73.89379,40.85553],[-73.89443,40.85579],[-73.89192,40.85925],[-73.89322,40.85988],[-73.89257,40.86053],[-73.89019,40.85957],[-73.89069,40.859],[-73.89028,40.85879],[-73.89103,40.85795],[-73.89039,40.85762],[-73.89075,40.85724],[-73.88992,40.85681],[-73.8903,40.85635],[-73.88997,40.85517],[-73.89253,40.85238]]]}},{"type":"Feature","properties":{"u":"180204azmm","n":"Inwood Rezoning","y":2018,"k":"more housing allowed","un":1968.0,"upa":7.917,"ac":248.56,"t":false},"geometry":{"type":"Polygon","coordinates":[[[-73.91942,40.85887],[-73.92056,40.85937],[-73.92125,40.8605],[-73.92169,40.86069],[-73.91967,40.86348],[-73.92566,40.86127],[-73.9281,40.86508],[-73.92727,40.86554],[-73.9288,40.86681],[-73.92622,40.8686],[-73.924,40.86909],[-73.92341,40.86884],[-73.92361,40.86915],[-73.92221,40.86958],[-73.92205,40.86931],[-73.92172,40.86945],[-73.91935,40.87109],[-73.91988,40.87206],[-73.91849,40.87309],[-73.9141,40.87121],[-73.91155,40.87321],[-73.91085,40.87255],[-73.91048,40.87171],[-73.9108,40.86977],[-73.91401,40.87117],[-73.91892,40.8645],[-73.91819,40.86418],[-73.91712,40.8644],[-73.91723,40.86424],[-73.91679,40.86407],[-73.91655,40.86443],[-73.91486,40.8637],[-73.91607,40.86241],[-73.91711,40.86284],[-73.91758,40.86221],[-73.91664,40.86181],[-73.91942,40.85887]]]}},{"type":"Feature","properties":{"u":"030234azmm","n":"EAST HARLEM REZONING","y":2003,"k":"both","un":1944.0,"upa":9.171,"ac":211.98,"t":true},"geometry":{"type":"MultiPolygon","coordinates":[[[[-73.9372,40.79352],[-73.93923,40.79076],[-73.94172,40.79183],[-73.94117,40.79261],[-73.94327,40.7935],[-73.94468,40.79158],[-73.93998,40.78964],[-73.94324,40.78515],[-73.9458,40.78623],[-73.94356,40.78931],[-73.94554,40.79018],[-73.9478,40.78704],[-73.94923,40.78766],[-73.94306,40.79596],[-73.9372,40.79352]]],[[[-73.93041,40.79643],[-73.9309,40.79581],[-73.93178,40.79619],[-73.93261,40.79483],[-73.93316,40.79506],[-73.93411,40.79378],[-73.93636,40.79471],[-73.93591,40.79532],[-73.94177,40.7978],[-73.93843,40.80228],[-73.93492,40.8008],[-73.93581,40.79953],[-73.93127,40.79765],[-73.93174,40.797],[-73.93041,40.79643]]]]}},{"type":"Feature","properties":{"u":"090303zmx","n":"LOWER CONCOURSE","y":2009,"k":"more housing allowed","un":1941.0,"upa":16.659,"ac":116.51,"t":true},"geometry":{"type":"Polygon","coordinates":[[[-73.92903,40.81676],[-73.92813,40.8165],[-73.9283,40.81611],[-73.92782,40.816],[-73.92848,40.81474],[-73.92791,40.81455],[-73.92907,40.81314],[-73.92961,40.81284],[-73.92919,40.81253],[-73.92885,40.81301],[-73.92799,40.81259],[-73.92815,40.81237],[-73.92776,40.81203],[-73.92546,40.81515],[-73.92605,40.81538],[-73.92569,40.81588],[-73.92708,40.81623],[-73.9261,40.81824],[-73.92283,40.81741],[-73.92716,40.81084],[-73.92877,40.80904],[-73.93166,40.81117],[-73.93254,40.81061],[-73.93222,40.81743],[-73.93236,40.81947],[-73.93013,40.81928],[-73.92828,40.81882],[-73.92903,40.81676]]]}},{"type":"Feature","properties":{"u":"100310zmx","n":"CROTONA PARK E/W FARM","y":2011,"k":"unclassified","un":1907.0,"upa":50.043,"ac":38.11,"t":false},"geometry":{"type":"MultiPolygon","coordinates":[[[[-73.88087,40.83799],[-73.88148,40.83798],[-73.88276,40.8386],[-73.88157,40.83961],[-73.88029,40.84008],[-73.88051,40.83923],[-73.88108,40.83869],[-73.88034,40.83825],[-73.88087,40.83799]]],[[[-73.88529,40.83064],[-73.8858,40.82781],[-73.8861,40.82767],[-73.88601,40.82825],[-73.88651,40.83069],[-73.88538,40.83257],[-73.88583,40.83272],[-73.88245,40.83831],[-73.88186,40.83694],[-73.88193,40.83548],[-73.88448,40.83229],[-73.88529,40.83064]]]]}},{"type":"Feature","properties":{"u":"960566zmq","n":"DOWNTOWN FLUSHING REZONING","y":1998,"k":"unclassified","un":1877.0,"upa":9.786,"ac":191.8,"t":true},"geometry":{"type":"Polygon","coordinates":[[[-73.83886,40.75632],[-73.83666,40.76154],[-73.83366,40.76299],[-73.82794,40.76413],[-73.82579,40.75942],[-73.83296,40.75471],[-73.83747,40.75404],[-73.83838,40.75422],[-73.83861,40.75466],[-73.83886,40.75632]]]}},{"type":"Feature","properties":{"u":"900162zmq","n":"ARVERNE URA REZONING","y":1990,"k":"unclassified","un":1834.0,"upa":3.13,"ac":585.91,"t":true},"geometry":{"type":"Polygon","coordinates":[[[-73.76378,40.59179],[-73.80195,40.58647],[-73.80753,40.58839],[-73.81047,40.59017],[-73.81049,40.59101],[-73.76511,40.59757],[-73.76482,40.59724],[-73.76378,40.59179]]]}},{"type":"Feature","properties":{"u":"920357zmm","n":"TRUMP-RIVERSIDE SOUTH","y":1992,"k":"unclassified","un":1810.0,"upa":14.978,"ac":120.84,"t":true},"geometry":{"type":"Polygon","coordinates":[[[-73.99626,40.77417],[-73.98973,40.78235],[-73.98716,40.7814],[-73.98619,40.78077],[-73.98913,40.77328],[-73.98943,40.77289],[-73.99317,40.77281],[-73.99626,40.77417]]]}},{"type":"Feature","properties":{"u":"080322zmk","n":"RHEINGOLD REZONING","y":2013,"k":"unclassified","un":1706.0,"upa":82.673,"ac":20.64,"t":false},"geometry":{"type":"Polygon","coordinates":[[[-73.9395,40.70129],[-73.93395,40.70268],[-73.93281,40.70009],[-73.93235,40.69982],[-73.93401,40.69912],[-73.93477,40.70102],[-73.93659,40.70055],[-73.93794,40.7013],[-73.93903,40.70099],[-73.9395,40.70129]]]}},{"type":"Feature","properties":{"u":"060294zmq","n":"MASPETH-WOODSIDE","y":2006,"k":"both","un":1662.0,"upa":3.594,"ac":462.43,"t":true},"geometry":{"type":"Polygon","coordinates":[[[-73.90699,40.74502],[-73.90529,40.74495],[-73.90538,40.74469],[-73.90342,40.74417],[-73.9038,40.7427],[-73.90428,40.74281],[-73.90443,40.74211],[-73.90228,40.74196],[-73.89901,40.74138],[-73.8992,40.74086],[-73.89887,40.74081],[-73.89817,40.74138],[-73.90033,40.74337],[-73.89738,40.7427],[-73.8973,40.74308],[-73.89614,40.74281],[-73.89646,40.74253],[-73.8966,40.74186],[-73.89574,40.74176],[-73.89583,40.7407],[-73.89375,40.74072],[-73.89367,40.74036],[-73.89252,40.74022],[-73.89087,40.74042],[-73.89027,40.73923],[-73.89077,40.73932],[-73.89078,40.73897],[-73.89407,40.73904],[-73.89411,40.73922],[-73.89764,40.7399],[-73.89983,40.73952],[-73.89993,40.73702],[-73.89895,40.737],[-73.89893,40.73773],[-73.89593,40.73765],[-73.89598,40.73645],[-73.89694,40.73616],[-73.89695,40.7351],[-73.89603,40.73512],[-73.89602,40.73443],[-73.89506,40.73446],[-73.89498,40.73356],[-73.89213,40.73369],[-73.89175,40.73449],[-73.89139,40.73451],[-73.89138,40.73559],[-73.89074,40.73559],[-73.89077,40.73594],[-73.88897,40.73588],[-73.88811,40.73443],[-73.88799,40.73318],[-73.88838,40.73321],[-73.88811,40.73047],[-73.89024,40.72997],[-73.8914,40.7287],[-73.89497,40.72664],[-73.89498,40.7268],[-73.89541,40.72678],[-73.89535,40.72592],[-73.89507,40.72555],[-73.89099,40.72798],[-73.8912,40.72821],[-73.89058,40.72829],[-73.8895,40.72936],[-73.88913,40.72948],[-73.88874,40.72851],[-73.8872,40.72862],[-73.88721,40.72779],[-73.89051,40.72599],[-73.89304,40.72534],[-73.89519,40.72534],[-73.90255,40.72601],[-73.90243,40.72673],[-73.90268,40.72675],[-73.90268,40.72716],[-73.90223,40.72705],[-73.90218,40.72911],[-73.90123,40.72864],[-73.90069,40.72873],[-73.90024,40.72907],[-73.89924,40.72906],[-73.89917,40.73138],[-73.89963,40.73139],[-73.89954,40.73365],[-73.90021,40.73362],[-73.90094,40.73273],[-73.90133,40.73292],[-73.90057,40.73382],[-73.90565,40.7361],[-73.90559,40.73742],[-73.90731,40.73674],[-73.90926,40.7364],[-73.90849,40.73812],[-73.90778,40.74075],[-73.90453,40.73993],[-73.9046,40.73786],[-73.90379,40.73818],[-73.90261,40.7413],[-73.91499,40.74274],[-73.91488,40.74329],[-73.91271,40.74302],[-73.91256,40.74377],[-73.91031,40.74444],[-73.90699,40.74502]]]}},{"type":"Feature","properties":{"u":"080099azmm","n":"125TH ST CORRIDOR","y":2008,"k":"unclassified","un":1648.0,"upa":16.677,"ac":98.82,"t":true},"geometry":{"type":"Polygon","coordinates":[[[-73.9587,40.81513],[-73.95783,40.81633],[-73.95747,40.81619],[-73.95571,40.81415],[-73.95608,40.81364],[-73.9543,40.81181],[-73.95397,40.81232],[-73.93533,40.80438],[-73.93598,40.80351],[-73.93552,40.80328],[-73.93536,40.80352],[-73.93357,40.80276],[-73.93406,40.80209],[-73.95536,40.8111],[-73.9587,40.81513]]]}},{"type":"Feature","properties":{"u":"090272zmk","n":"CONEY ISLAND COMPREHENSIVE PLAN","y":2009,"k":"more housing allowed","un":1627.0,"upa":17.967,"ac":90.56,"t":true},"geometry":{"type":"Polygon","coordinates":[[[-73.97821,40.57574],[-73.97688,40.5758],[-73.97709,40.57347],[-73.98515,40.57255],[-73.98733,40.5725],[-73.99032,40.57176],[-73.99053,40.5727],[-73.9885,40.57305],[-73.98872,40.57431],[-73.98658,40.5749],[-73.98691,40.57639],[-73.98154,40.57698],[-73.98138,40.57623],[-73.97821,40.57574]]]}},{"type":"Feature","properties":{"u":"020263zmk","n":"BRIDGE PLAZA REZONING","y":2003,"k":"more housing allowed","un":1583.0,"upa":74.507,"ac":21.25,"t":true},"geometry":{"type":"Polygon","coordinates":[[[-73.98402,40.69796],[-73.98308,40.698],[-73.98312,40.69755],[-73.98224,40.69751],[-73.98232,40.69585],[-73.98525,40.69589],[-73.98519,40.69692],[-73.98665,40.69693],[-73.9867,40.69725],[-73.98713,40.69726],[-73.98704,40.69851],[-73.984,40.69842],[-73.98402,40.69796]]]}},{"type":"Feature","properties":{"u":"030333zmx","n":"MORRISANIA AREA REZONING","y":2003,"k":"more housing allowed","un":1513.0,"upa":34.312,"ac":44.1,"t":true},"geometry":{"type":"Polygon","coordinates":[[[-73.91114,40.82632],[-73.91036,40.82745],[-73.91004,40.82731],[-73.90914,40.82892],[-73.90955,40.82905],[-73.90903,40.82988],[-73.90734,40.8293],[-73.90722,40.82946],[-73.90747,40.82956],[-73.90643,40.8313],[-73.90593,40.83118],[-73.90567,40.83169],[-73.90484,40.83144],[-73.90638,40.82821],[-73.90602,40.82795],[-73.90738,40.82692],[-73.90807,40.8253],[-73.9081,40.82481],[-73.90865,40.82398],[-73.91087,40.82473],[-73.91014,40.82602],[-73.91114,40.82632]]]}},{"type":"Feature","properties":{"u":"060130zmk","n":"MIDWOOD REZONING","y":2006,"k":"density lowered","un":1502.0,"upa":5.265,"ac":285.28,"t":true},"geometry":{"type":"MultiPolygon","coordinates":[[[[-73.95792,40.63044],[-73.95672,40.63057],[-73.95341,40.61293],[-73.95117,40.61318],[-73.9513,40.61392],[-73.94889,40.61414],[-73.94895,40.61456],[-73.94787,40.61467],[-73.94591,40.61601],[-73.94577,40.61533],[-73.95077,40.61151],[-73.95162,40.6111],[-73.96249,40.60994],[-73.96403,40.6183],[-73.96342,40.6185],[-73.96338,40.61823],[-73.96197,40.61868],[-73.96176,40.6179],[-73.96116,40.61794],[-73.96122,40.61891],[-73.95981,40.61937],[-73.96001,40.6205],[-73.9587,40.62064],[-73.95877,40.62102],[-73.95619,40.62129],[-73.95792,40.63044]]],[[[-73.96508,40.62418],[-73.96527,40.62534],[-73.96091,40.62583],[-73.96068,40.62468],[-73.96508,40.62418]]],[[[-73.96045,40.62339],[-73.96022,40.62234],[-73.96409,40.62194],[-73.96429,40.62294],[-73.96045,40.62339]]]]}},{"type":"Feature","properties":{"u":"170358zmm","n":"East Harlem Neighborhood Rezoning","y":2017,"k":"more housing allowed","un":1478.0,"upa":6.683,"ac":221.17,"t":false},"geometry":{"type":"MultiPolygon","coordinates":[[[[-73.94555,40.79711],[-73.9419,40.80211],[-73.94136,40.80187],[-73.9409,40.8025],[-73.94148,40.80274],[-73.9401,40.80463],[-73.94195,40.80541],[-73.94171,40.80575],[-73.94252,40.80608],[-73.94177,40.8071],[-73.94134,40.80692],[-73.94157,40.8066],[-73.93929,40.80564],[-73.93906,40.80595],[-73.93951,40.80614],[-73.93925,40.80685],[-73.93822,40.80642],[-73.93777,40.80704],[-73.93925,40.80766],[-73.94016,40.80642],[-73.9413,40.8069],[-73.93948,40.80939],[-73.93834,40.80891],[-73.93788,40.80953],[-73.93905,40.81003],[-73.93858,40.81068],[-73.93593,40.80956],[-73.93777,40.80704],[-73.93692,40.80668],[-73.93714,40.80638],[-73.93732,40.80645],[-73.93801,40.80551],[-73.93477,40.80415],[-73.93574,40.80279],[-73.93457,40.8023],[-73.93396,40.80339],[-73.93379,40.80332],[-73.93356,40.80364],[-73.93259,40.80323],[-73.93849,40.7952],[-73.93896,40.7954],[-73.93919,40.79508],[-73.93872,40.79488],[-73.94104,40.79172],[-73.9415,40.79192],[-73.94104,40.79255],[-73.9415,40.79275],[-73.93851,40.79685],[-73.93981,40.7974],[-73.94278,40.79329],[-73.94327,40.7935],[-73.94468,40.79158],[-73.9442,40.79137],[-73.94516,40.79006],[-73.9461,40.79046],[-73.9415,40.79682],[-73.941,40.79661],[-73.94051,40.79728],[-73.94099,40.79748],[-73.94076,40.7978],[-73.94145,40.79809],[-73.94168,40.79777],[-73.94212,40.79795],[-73.94259,40.79731],[-73.94214,40.79713],[-73.94681,40.79077],[-73.94766,40.79113],[-73.9467,40.79243],[-73.9471,40.7926],[-73.94645,40.79321],[-73.94579,40.79293],[-73.94441,40.79482],[-73.9455,40.79526],[-73.94492,40.79585],[-73.94438,40.79562],[-73.94258,40.79814],[-73.94316,40.79838],[-73.94452,40.79653],[-73.94555,40.79711]]],[[[-73.94198,40.79044],[-73.94295,40.78914],[-73.94386,40.78951],[-73.94289,40.79082],[-73.94198,40.79044]]]]}},{"type":"Feature","properties":{"u":"030194azmk","n":"PARK SLOPE REZONING","y":2003,"k":"both","un":1471.0,"upa":2.994,"ac":491.36,"t":true},"geometry":{"type":"Polygon","coordinates":[[[-73.98241,40.67686],[-73.97312,40.67324],[-73.97285,40.67364],[-73.97042,40.67273],[-73.97312,40.66955],[-73.97269,40.66935],[-73.97941,40.66123],[-73.97988,40.66132],[-73.98034,40.66094],[-73.99419,40.66773],[-73.99363,40.66842],[-73.99296,40.66812],[-73.99272,40.66839],[-73.99244,40.66825],[-73.99181,40.66902],[-73.99209,40.6692],[-73.99191,40.66939],[-73.99256,40.66975],[-73.988,40.67531],[-73.98556,40.67414],[-73.98349,40.67679],[-73.98192,40.67917],[-73.98244,40.67938],[-73.98106,40.68149],[-73.9797,40.68098],[-73.98241,40.67686]],[[-73.97955,40.66921],[-73.97956,40.66919],[-73.97954,40.66921],[-73.97955,40.66921]],[[-73.97956,40.66919],[-73.98042,40.66814],[-73.97824,40.66705],[-73.97756,40.66783],[-73.97891,40.66844],[-73.97865,40.66877],[-73.97956,40.66919]]]}},{"type":"Feature","properties":{"u":"030403zmq","n":"NORTH CORONA REZONING","y":2003,"k":"both","un":1464.0,"upa":2.998,"ac":488.36,"t":true},"geometry":{"type":"Polygon","coordinates":[[[-73.87757,40.74827],[-73.87791,40.75045],[-73.87699,40.75055],[-73.87736,40.75275],[-73.8765,40.75281],[-73.87684,40.75467],[-73.87588,40.75474],[-73.8762,40.75641],[-73.8753,40.75651],[-73.87533,40.75711],[-73.87484,40.75718],[-73.875,40.75799],[-73.87553,40.75794],[-73.87558,40.75872],[-73.86149,40.76],[-73.86153,40.76052],[-73.85973,40.76019],[-73.86002,40.76019],[-73.85997,40.75962],[-73.85961,40.75962],[-73.85959,40.75915],[-73.85928,40.75914],[-73.85947,40.76015],[-73.85768,40.75968],[-73.85567,40.75862],[-73.85473,40.75697],[-73.85687,40.75674],[-73.85553,40.75411],[-73.85476,40.75427],[-73.85501,40.75459],[-73.85378,40.75491],[-73.85332,40.75415],[-73.85405,40.75393],[-73.85343,40.75296],[-73.85276,40.75308],[-73.85251,40.75245],[-73.86093,40.75007],[-73.87757,40.74827]]]}},{"type":"Feature","properties":{"u":"060171zmk","n":"GREENPOINT-WILLIAMSBURG","y":2006,"k":"density lowered","un":1460.0,"upa":30.015,"ac":48.64,"t":true},"geometry":{"type":"MultiPolygon","coordinates":[[[[-73.95822,40.71538],[-73.956,40.7141],[-73.95331,40.71405],[-73.9538,40.71329],[-73.9523,40.71275],[-73.9516,40.71393],[-73.95112,40.71096],[-73.95667,40.71039],[-73.95517,40.71256],[-73.95659,40.71311],[-73.9564,40.71341],[-73.95795,40.71394],[-73.95806,40.71377],[-73.95929,40.71439],[-73.95947,40.71422],[-73.96088,40.7149],[-73.96044,40.71531],[-73.95881,40.71483],[-73.95822,40.71538]]],[[[-73.94694,40.71861],[-73.94739,40.71856],[-73.9475,40.71928],[-73.94604,40.72017],[-73.94554,40.7195],[-73.94694,40.71861]]],[[[-73.96418,40.71605],[-73.96467,40.71534],[-73.96589,40.71574],[-73.96573,40.71611],[-73.9661,40.71621],[-73.96559,40.71672],[-73.96418,40.71605]]]]}},{"type":"Feature","properties":{"u":"110386zmk","n":"SPECIAL 4TH AVE. ENHANCED COMM DIST","y":2011,"k":"more housing allowed","un":1439.0,"upa":26.821,"ac":53.65,"t":false},"geometry":{"type":"Polygon","coordinates":[[[-73.97925,40.68397],[-73.97823,40.68357],[-73.98296,40.67659],[-73.9828,40.67653],[-73.98314,40.67601],[-73.98516,40.67362],[-73.98558,40.67382],[-73.98608,40.67323],[-73.9858,40.6731],[-73.99228,40.66527],[-73.9926,40.66496],[-73.99291,40.66515],[-73.9926,40.66496],[-73.99697,40.66076],[-73.99743,40.66104],[-73.99278,40.66552],[-73.9932,40.66579],[-73.98777,40.67233],[-73.98721,40.67217],[-73.98421,40.67579],[-73.98176,40.67933],[-73.98225,40.67952],[-73.97925,40.68397]]]}},{"type":"Feature","properties":{"u":"100185zmk","n":"THE NEW DOMINO","y":2010,"k":"unclassified","un":1415.0,"upa":64.01,"ac":22.11,"t":false},"geometry":{"type":"Polygon","coordinates":[[[-73.9661,40.71621],[-73.96714,40.71393],[-73.96585,40.71358],[-73.96612,40.71296],[-73.96742,40.71331],[-73.96773,40.7126],[-73.96967,40.71328],[-73.96837,40.71692],[-73.9661,40.71621]]]}},{"type":"Feature","properties":{"u":"090387zmk","n":"SUNSET PARK REZONING","y":2009,"k":"density lowered","un":1381.0,"upa":2.343,"ac":589.43,"t":true},"geometry":{"type":"MultiPolygon","coordinates":[[[[-73.9977,40.64707],[-74.00987,40.6352],[-74.01196,40.63646],[-74.01266,40.63597],[-74.01526,40.63754],[-74.01586,40.63698],[-74.01712,40.63775],[-74.0174,40.63747],[-74.01793,40.63779],[-74.01878,40.63697],[-74.01957,40.63717],[-74.0211,40.63819],[-74.02166,40.63912],[-74.02297,40.63994],[-74.02214,40.64079],[-74.02425,40.64205],[-74.02308,40.64317],[-74.02199,40.64251],[-74.02136,40.64311],[-74.02067,40.64268],[-74.02097,40.64239],[-74.02052,40.64212],[-74.00847,40.65359],[-73.9977,40.64707]]],[[[-73.99779,40.65716],[-74.00159,40.6535],[-74.00229,40.65393],[-74.00373,40.65252],[-74.00547,40.65361],[-74.00018,40.65858],[-73.99779,40.65716]]]]}},{"type":"Feature","properties":{"u":"060054zmk","n":"SOUTH PK SLOPE REZO & TEXT AMEND","y":2005,"k":"both","un":1270.0,"upa":5.877,"ac":216.09,"t":true},"geometry":{"type":"Polygon","coordinates":[[[-73.99404,40.66786],[-73.98091,40.66152],[-73.97899,40.66058],[-73.98032,40.65953],[-73.98088,40.6598],[-73.98172,40.65882],[-73.98114,40.65847],[-73.98228,40.65737],[-73.98285,40.65772],[-73.98403,40.6566],[-73.98435,40.6568],[-73.984,40.6575],[-73.98784,40.65983],[-73.99019,40.65761],[-73.99238,40.65891],[-73.99297,40.65835],[-73.99743,40.66104],[-73.99277,40.66552],[-73.99486,40.66679],[-73.99404,40.66786]]]}},{"type":"Feature","properties":{"u":"080371zmq","n":"ROCKAWAY NEIGHBORHOODS","y":2008,"k":"density lowered","un":1264.0,"upa":1.102,"ac":1147.03,"t":true},"geometry":{"type":"MultiPolygon","coordinates":[[[[-73.74315,40.60727],[-73.74029,40.60461],[-73.73923,40.60415],[-73.73815,40.60272],[-73.73802,40.6014],[-73.73945,40.60051],[-73.73972,40.60076],[-73.74078,40.60023],[-73.74504,40.60021],[-73.74442,40.59743],[-73.74621,40.59744],[-73.7462,40.59783],[-73.7471,40.59783],[-73.7471,40.59844],[-73.74833,40.59937],[-73.74902,40.5989],[-73.74904,40.5986],[-73.75068,40.59886],[-73.75098,40.59746],[-73.7532,40.5974],[-73.7532,40.59514],[-73.754,40.59515],[-73.75426,40.59732],[-73.75305,40.5978],[-73.75248,40.59925],[-73.75058,40.60064],[-73.74944,40.59977],[-73.74815,40.60068],[-73.74849,40.60096],[-73.74798,40.60132],[-73.74875,40.60194],[-73.74708,40.60318],[-73.74574,40.60341],[-73.74468,40.60563],[-73.74315,40.60727]]],[[[-73.74821,40.59644],[-73.74782,40.59616],[-73.74712,40.59617],[-73.7471,40.59557],[-73.74821,40.59529],[-73.74821,40.59644]]],[[[-73.75574,40.60403],[-73.75608,40.60217],[-73.75524,40.60222],[-73.75538,40.60171],[-73.75614,40.60182],[-73.75632,40.60111],[-73.75724,40.60124],[-73.7574,40.60003],[-73.75873,40.59866],[-73.7571,40.59882],[-73.75631,40.59934],[-73.75586,40.5986],[-73.75603,40.59791],[-73.75721,40.59709],[-73.75714,40.59666],[-73.75795,40.59541],[-73.7574,40.59535],[-73.75732,40.5947],[-73.75789,40.59463],[-73.7574,40.59124],[-73.75995,40.59162],[-73.76377,40.59145],[-73.76477,40.59652],[-73.76359,40.59663],[-73.76371,40.59741],[-73.7642,40.59777],[-73.76496,40.59735],[-73.76547,40.59802],[-73.76715,40.59727],[-73.76696,40.59808],[-73.766,40.59873],[-73.76656,40.59946],[-73.76529,40.60004],[-73.7647,40.59934],[-73.76386,40.59974],[-73.76445,40.60044],[-73.76243,40.60141],[-73.7611,40.60181],[-73.76039,40.60152],[-73.75574,40.60403]]],[[[-73.76874,40.59621],[-73.76772,40.59627],[-73.76676,40.59149],[-73.7678,40.5914],[-73.76874,40.59621]]],[[[-73.77374,40.60214],[-73.77436,40.59903],[-73.7769,40.59892],[-73.77687,40.59866],[-73.77858,40.59749],[-73.77863,40.59807],[-73.77751,40.59885],[-73.77646,40.60081],[-73.77547,40.60168],[-73.77374,40.60214]]],[[[-73.77446,40.59326],[-73.77789,40.5929],[-73.77798,40.59347],[-73.77454,40.59376],[-73.77446,40.59326]]],[[[-73.79064,40.59738],[-73.79051,40.5961],[-73.79096,40.59607],[-73.7906,40.59397],[-73.78922,40.59452],[-73.78949,40.59745],[-73.7889,40.59748],[-73.7886,40.59427],[-73.78916,40.59404],[-73.789,40.59242],[-73.79137,40.5921],[-73.79138,40.59223],[-73.79267,40.59188],[-73.79276,40.59266],[-73.79663,40.59244],[-73.7965,40.59113],[-73.79933,40.5908],[-73.79952,40.59265],[-73.80066,40.59259],[-73.80072,40.59331],[-73.80333,40.59594],[-73.80347,40.59658],[-73.80477,40.59651],[-73.80566,40.59821],[-73.80438,40.59943],[-73.8035,40.59976],[-73.79307,40.6004],[-73.78659,40.60483],[-73.78464,40.60343],[-73.78578,40.60218],[-73.78648,40.60178],[-73.78694,40.60088],[-73.78937,40.59909],[-73.79013,40.59741],[-73.79064,40.59738]]],[[[-73.8094,40.59299],[-73.80938,40.59289],[-73.80956,40.59341],[-73.8094,40.59299]]],[[[-73.80938,40.59289],[-73.80873,40.59192],[-73.80695,40.59092],[-73.80809,40.59091],[-73.8101,40.59049],[-73.81004,40.58989],[-73.81145,40.58904],[-73.81125,40.58758],[-73.81306,40.58742],[-73.81386,40.58709],[-73.81242,40.58517],[-73.81236,40.58461],[-73.81774,40.58327],[-73.8171,40.58229],[-73.8213,40.58117],[-73.82303,40.58388],[-73.8298,40.58197],[-73.82905,40.58057],[-73.82961,40.58039],[-73.82945,40.58007],[-73.83517,40.57814],[-73.83601,40.57964],[-73.8374,40.57918],[-73.83782,40.57902],[-73.83713,40.57783],[-73.84042,40.57671],[-73.8403,40.5765],[-73.84361,40.57543],[-73.8434,40.57506],[-73.84424,40.57478],[-73.84544,40.57696],[-73.84836,40.57576],[-73.85231,40.58257],[-73.85074,40.58306],[-73.83927,40.58355],[-73.83809,40.58137],[-73.8374,40.58159],[-73.83675,40.58047],[-73.83568,40.58077],[-73.83561,40.58065],[-73.83105,40.5819],[-73.83115,40.58232],[-73.82795,40.5831],[-73.82919,40.58557],[-73.82202,40.58749],[-73.81177,40.59289],[-73.81168,40.59131],[-73.80927,40.59217],[-73.80938,40.59289]]]]}},{"type":"Feature","properties":{"u":"100051zmm","n":"W44TH ST & 11TH AVE","y":2010,"k":"unclassified","un":1256.0,"upa":286.145,"ac":4.39,"t":false},"geometry":{"type":"Polygon","coordinates":[[[-73.99691,40.76277],[-73.99462,40.76179],[-73.99508,40.76116],[-73.99737,40.76213],[-73.99691,40.76277]]]}},{"type":"Feature","properties":{"u":"030436zmm","n":"FREDERICK DOUGLAS BLVD REZONING","y":2003,"k":"both","un":1245.0,"upa":9.273,"ac":134.26,"t":true},"geometry":{"type":"Polygon","coordinates":[[[-73.95847,40.80494],[-73.95829,40.80495],[-73.95845,40.80495],[-73.95848,40.80532],[-73.95831,40.80577],[-73.95468,40.81077],[-73.94864,40.80833],[-73.94929,40.80747],[-73.94988,40.80774],[-73.95179,40.80521],[-73.95525,40.80033],[-73.95465,40.80011],[-73.95524,40.79927],[-73.95831,40.80061],[-73.95794,40.80113],[-73.95936,40.80168],[-73.95823,40.80323],[-73.95847,40.80494]]]}},{"type":"Feature","properties":{"u":"090484zmq","n":"Hallets Point Rezoning","y":2013,"k":"unclassified","un":1215.0,"upa":58.591,"ac":20.74,"t":false},"geometry":{"type":"Polygon","coordinates":[[[-73.93448,40.77685],[-73.93507,40.77575],[-73.93594,40.77603],[-73.93615,40.77561],[-73.93182,40.77422],[-73.9321,40.77373],[-73.9364,40.77512],[-73.93685,40.77408],[-73.93269,40.77271],[-73.93294,40.77226],[-73.9372,40.77356],[-73.93684,40.7745],[-73.93783,40.7748],[-73.9367,40.7766],[-73.93599,40.77732],[-73.93448,40.77685]]]}},{"type":"Feature","properties":{"u":"840236zmm","n":"W/S HIGH DENSITY AVE (R10A), COLUMB","y":1984,"k":"unclassified","un":1194.0,"upa":1.476,"ac":809.13,"t":true},"geometry":{"type":"Polygon","coordinates":[[[-73.96405,40.79239],[-73.97168,40.78203],[-73.97468,40.78213],[-73.97344,40.77953],[-73.98054,40.7698],[-73.98159,40.77026],[-73.99005,40.78207],[-73.9896,40.78266],[-73.97716,40.79799],[-73.96405,40.79239]]]}},{"type":"Feature","properties":{"u":"040249zmm","n":"VERIZON W43RD ST REZONING","y":2004,"k":"unclassified","un":1175.0,"upa":531.73,"ac":2.21,"t":true},"geometry":{"type":"Polygon","coordinates":[[[-73.99932,40.76231],[-73.9978,40.76168],[-73.99815,40.76118],[-73.99964,40.76184],[-73.99932,40.76231]]]}},{"type":"Feature","properties":{"u":"970219zmm","n":"W42ND ST CORRIDOR","y":1997,"k":"unclassified","un":1175.0,"upa":216.783,"ac":5.42,"t":true},"geometry":{"type":"Polygon","coordinates":[[[-74.00092,40.76216],[-74.00008,40.76278],[-73.99909,40.76234],[-73.99777,40.76142],[-73.99814,40.76094],[-74.00092,40.76216]]]}},{"type":"Feature","properties":{"u":"860205zmk","n":"ATLANTIC TERMINAL URA","y":1986,"k":"unclassified","un":1155.0,"upa":33.526,"ac":34.45,"t":true},"geometry":{"type":"Polygon","coordinates":[[[-73.97842,40.68526],[-73.97523,40.68561],[-73.97081,40.68318],[-73.97071,40.68246],[-73.97651,40.68261],[-73.97842,40.68526]]]}},{"type":"Feature","properties":{"u":"930183zmk","n":"SPEC OCEAN PKWAY DIST REZONING","y":1993,"k":"unclassified","un":1132.0,"upa":1.49,"ac":759.81,"t":true},"geometry":{"type":"MultiPolygon","coordinates":[[[[-73.97061,40.62665],[-73.97192,40.6266],[-73.97712,40.63029],[-73.97737,40.6314],[-73.97807,40.63856],[-73.97636,40.64951],[-73.97565,40.64998],[-73.97399,40.65064],[-73.97196,40.64929],[-73.96659,40.63098],[-73.96614,40.62862],[-73.97061,40.62665]]],[[[-73.96685,40.60251],[-73.97218,40.60391],[-73.9731,40.60987],[-73.97342,40.61741],[-73.97015,40.62299],[-73.96904,40.62309],[-73.96436,40.60752],[-73.96414,40.60626],[-73.966,40.6026],[-73.96685,40.60251]]],[[[-73.9659,40.59725],[-73.97092,40.59639],[-73.97321,40.59659],[-73.97311,40.59768],[-73.9661,40.59847],[-73.9659,40.59725]]],[[[-73.96088,40.59788],[-73.96443,40.5974],[-73.96467,40.5986],[-73.96159,40.59901],[-73.96098,40.59892],[-73.96088,40.59788]]]]}},{"type":"Feature","properties":{"u":"060129zmk","n":"HOMECREST REZONING","y":2006,"k":"density lowered","un":1123.0,"upa":5.02,"ac":223.73,"t":true},"geometry":{"type":"Polygon","coordinates":[[[-73.9529,40.61036],[-73.94839,40.58633],[-73.94958,40.5862],[-73.95284,40.60359],[-73.96098,40.60269],[-73.9612,40.60543],[-73.96173,40.60537],[-73.96189,40.60734],[-73.96238,40.60999],[-73.95258,40.61105],[-73.95181,40.61128],[-73.95078,40.61164],[-73.94869,40.61336],[-73.94483,40.61605],[-73.94465,40.61511],[-73.94556,40.61445],[-73.94563,40.61481],[-73.94902,40.61249],[-73.94891,40.61192],[-73.94987,40.61181],[-73.94978,40.61137],[-73.95164,40.61117],[-73.95152,40.61051],[-73.9529,40.61036]]]}},{"type":"Feature","properties":{"u":"831105zmm","n":"2ND AVE REZONING","y":1983,"k":"unclassified","un":1106.0,"upa":13.451,"ac":82.23,"t":true},"geometry":{"type":"Polygon","coordinates":[[[-73.97697,40.74687],[-73.97126,40.75416],[-73.96958,40.75463],[-73.96696,40.75357],[-73.96956,40.74994],[-73.97409,40.74643],[-73.97496,40.74606],[-73.97697,40.74687]]]}},{"type":"Feature","properties":{"u":"130336zmm","n":"TF Cornerstone-606 WEST 57TH STREET","y":2014,"k":"unclassified","un":1105.0,"upa":324.564,"ac":3.4,"t":false},"geometry":{"type":"Polygon","coordinates":[[[-73.9914,40.77032],[-73.99189,40.76965],[-73.993,40.77011],[-73.99284,40.77032],[-73.99364,40.77066],[-73.99329,40.77113],[-73.9914,40.77032]]]}},{"type":"Feature","properties":{"u":"800459zmm","n":"No Project Name","y":1981,"k":"unclassified","un":1077.0,"upa":3.168,"ac":340.01,"t":true},"geometry":{"type":"MultiPolygon","coordinates":[[[[-73.98792,40.73658],[-73.99268,40.73463],[-74.004,40.73964],[-74.00384,40.74073],[-73.99782,40.74488],[-73.98562,40.73964],[-73.98792,40.73658]]],[[[-73.98943,40.75085],[-73.98984,40.75031],[-73.9932,40.75083],[-73.999,40.75339],[-73.99784,40.75487],[-73.99204,40.75237],[-73.98943,40.75085]]],[[[-74.00836,40.73147],[-74.0094,40.73058],[-74.01023,40.73069],[-74.00955,40.73684],[-74.00871,40.73685],[-74.00788,40.73526],[-74.00801,40.73303],[-74.00836,40.73147]]],[[[-73.98196,40.75166],[-73.98411,40.74873],[-73.98609,40.7496],[-73.98396,40.75249],[-73.98196,40.75166]]],[[[-74.00643,40.73321],[-74.00718,40.73315],[-74.00784,40.73351],[-74.00744,40.73734],[-74.00671,40.73741],[-74.00587,40.7352],[-74.00643,40.73321]]],[[[-74.00178,40.72247],[-74.00356,40.72034],[-74.00439,40.72097],[-74.00279,40.72295],[-74.00178,40.72247]]],[[[-74.00653,40.73273],[-74.00697,40.73128],[-74.00816,40.73148],[-74.00806,40.73245],[-74.00653,40.73273]]]]}},{"type":"Feature","properties":{"u":"910293zmk","n":"WASHINGTON AVE REZONING","y":1991,"k":"unclassified","un":1045.0,"upa":16.64,"ac":62.8,"t":true},"geometry":{"type":"Polygon","coordinates":[[[-73.96284,40.67205],[-73.95707,40.6708],[-73.95966,40.66424],[-73.96121,40.66418],[-73.96284,40.67205]]]}},{"type":"Feature","properties":{"u":"000354zmm","n":"DOS GARAGES 4,4A,7","y":2001,"k":"unclassified","un":1028.0,"upa":163.388,"ac":6.29,"t":true},"geometry":{"type":"Polygon","coordinates":[[[-73.99409,40.77157],[-73.99305,40.77113],[-73.99324,40.7708],[-73.99236,40.77042],[-73.99324,40.76931],[-73.99441,40.76981],[-73.99409,40.77157]]]}},{"type":"Feature","properties":{"u":"940309zmm","n":"LOWER BROADWAY/LMM STUDY TRIBECA","y":1995,"k":"unclassified","un":1015.0,"upa":9.115,"ac":111.36,"t":true},"geometry":{"type":"Polygon","coordinates":[[[-74.01115,40.71477],[-74.01018,40.72041],[-74.00567,40.7202],[-74.00235,40.71865],[-74.00138,40.71737],[-74.00319,40.71539],[-74.00782,40.71327],[-74.01115,40.71477]]]}},{"type":"Feature","properties":{"u":"000639zmq","n":"RIDGEWOOD REZONING","y":2000,"k":"unclassified","un":988.0,"upa":1.239,"ac":797.39,"t":true},"geometry":{"type":"Polygon","coordinates":[[[-73.91424,40.71444],[-73.91311,40.71378],[-73.91255,40.71434],[-73.91152,40.71385],[-73.91032,40.71375],[-73.91001,40.71391],[-73.90489,40.71339],[-73.90412,40.71375],[-73.9035,40.71341],[-73.90336,40.71299],[-73.90042,40.71286],[-73.89947,40.71117],[-73.89864,40.71139],[-73.89287,40.70888],[-73.89316,40.70855],[-73.89277,40.70759],[-73.89591,40.70691],[-73.8959,40.70629],[-73.89302,40.70691],[-73.89203,40.70759],[-73.89098,40.70503],[-73.89431,40.70086],[-73.89402,40.70087],[-73.89383,40.69994],[-73.89473,40.69916],[-73.89477,40.69883],[-73.89574,40.69879],[-73.89768,40.69703],[-73.89732,40.69651],[-73.89819,40.69616],[-73.89973,40.69378],[-73.89897,40.69378],[-73.90003,40.69352],[-73.90063,40.69254],[-73.90044,40.69241],[-73.90144,40.69145],[-73.90599,40.6941],[-73.90446,40.69566],[-73.9098,40.69865],[-73.90872,40.6997],[-73.91297,40.70231],[-73.91186,40.70343],[-73.9171,40.70642],[-73.91566,40.70787],[-73.91722,40.70882],[-73.91653,40.70941],[-73.91807,40.71029],[-73.91478,40.71348],[-73.91345,40.71343],[-73.91488,40.71411],[-73.91424,40.71444]]]}},{"type":"Feature","properties":{"u":"120145zmm","n":"SPECIAL ENHANCED COMMERICAL DIST.","y":2012,"k":"unclassified","un":982.0,"upa":6.243,"ac":157.29,"t":false},"geometry":{"type":"MultiPolygon","coordinates":[[[[-73.96702,40.8028],[-73.9674,40.80027],[-73.96794,40.79898],[-73.97534,40.78881],[-73.97995,40.78295],[-73.9793,40.78267],[-73.96434,40.80318],[-73.96386,40.80298],[-73.9643,40.80238],[-73.96384,40.80219],[-73.96571,40.79956],[-73.96621,40.79977],[-73.97452,40.78837],[-73.97403,40.78816],[-73.97455,40.78735],[-73.98066,40.77911],[-73.98185,40.7796],[-73.98206,40.7788],[-73.98248,40.77898],[-73.98159,40.78206],[-73.98097,40.78348],[-73.97644,40.7893],[-73.96908,40.79937],[-73.96857,40.80076],[-73.96905,40.80097],[-73.96812,40.80234],[-73.9686,40.80255],[-73.96728,40.8044],[-73.96617,40.80395],[-73.96702,40.8028]]],[[[-73.97119,40.78697],[-73.97403,40.78303],[-73.97454,40.78325],[-73.97643,40.78066],[-73.97593,40.78046],[-73.97827,40.7772],[-73.9788,40.77742],[-73.97855,40.77776],[-73.97899,40.77796],[-73.97218,40.78738],[-73.97119,40.78697]]]]}},{"type":"Feature","properties":{"u":"120309zmm","n":"WEST HARLEM REZONING","y":2012,"k":"density lowered","un":974.0,"upa":2.999,"ac":324.73,"t":false},"geometry":{"type":"Polygon","coordinates":[[[-73.94973,40.83271],[-73.94393,40.83029],[-73.94297,40.83159],[-73.94034,40.83048],[-73.93969,40.82977],[-73.93966,40.82942],[-73.94384,40.82366],[-73.94292,40.82328],[-73.94515,40.82089],[-73.9481,40.82212],[-73.94852,40.82151],[-73.94991,40.82209],[-73.95221,40.81895],[-73.95089,40.8184],[-73.95172,40.81795],[-73.95277,40.81652],[-73.95298,40.81508],[-73.95086,40.8142],[-73.95183,40.81288],[-73.95099,40.81254],[-73.95207,40.81145],[-73.95404,40.81228],[-73.95427,40.81196],[-73.95445,40.81203],[-73.95595,40.81381],[-73.95319,40.81761],[-73.95512,40.81843],[-73.95419,40.81973],[-73.95508,40.82011],[-73.95602,40.81884],[-73.95823,40.81977],[-73.95755,40.82069],[-73.95819,40.82097],[-73.9574,40.8212],[-73.95619,40.82219],[-73.95435,40.82477],[-73.95298,40.82582],[-73.95035,40.82892],[-73.94988,40.82977],[-73.94925,40.83172],[-73.94973,40.83271]]]}},{"type":"Feature","properties":{"u":"250014zmk","n":"Atlantic Avenue Mixed-Use Plan","y":2025,"k":"more housing allowed","un":963.0,"upa":13.307,"ac":72.37,"t":false},"geometry":{"type":"MultiPolygon","coordinates":[[[[-73.96736,40.68184],[-73.9582,40.67992],[-73.95829,40.68038],[-73.95537,40.67976],[-73.95534,40.67961],[-73.95268,40.67983],[-73.9526,40.67946],[-73.95026,40.67934],[-73.9502,40.67807],[-73.95287,40.67827],[-73.95279,40.67787],[-73.95416,40.67815],[-73.9543,40.67777],[-73.95485,40.67788],[-73.95499,40.67749],[-73.95545,40.67759],[-73.95517,40.67836],[-73.95557,40.67845],[-73.95584,40.67768],[-73.95609,40.67773],[-73.95637,40.67696],[-73.96267,40.67829],[-73.96198,40.68018],[-73.96693,40.68121],[-73.96706,40.68085],[-73.96767,40.68097],[-73.96736,40.68184]]],[[[-73.97213,40.68107],[-73.97227,40.68069],[-73.97282,40.68085],[-73.9727,40.68119],[-73.97213,40.68107]]],[[[-73.97348,40.68091],[-73.97361,40.68055],[-73.97308,40.68046],[-73.97323,40.68003],[-73.97399,40.68018],[-73.97438,40.68074],[-73.97403,40.68066],[-73.97391,40.68101],[-73.97437,40.6811],[-73.97421,40.68152],[-73.97364,40.68139],[-73.97379,40.68098],[-73.97348,40.68091]]],[[[-73.9485,40.68123],[-73.94969,40.6811],[-73.94984,40.68183],[-73.94865,40.68196],[-73.9485,40.68123]]]]}},{"type":"Feature","properties":{"u":"180127zmm","n":"601 West 29th Street (Block 675 - Douglaston)","y":2018,"k":"more housing allowed","un":938.0,"upa":33.607,"ac":27.91,"t":false},"geometry":{"type":"MultiPolygon","coordinates":[[[[-74.00792,40.74812],[-74.00849,40.74496],[-74.01193,40.74521],[-74.01136,40.74836],[-74.00792,40.74812]]],[[[-74.00573,40.75375],[-74.00456,40.75325],[-74.00429,40.7536],[-74.00376,40.75336],[-74.00428,40.75265],[-74.00602,40.75338],[-74.00573,40.75375]]]]}},{"type":"Feature","properties":{"u":"080008zmm","n":"THE CLINTON PARK","y":2009,"k":"unclassified","un":864.0,"upa":285.444,"ac":3.03,"t":true},"geometry":{"type":"Polygon","coordinates":[[[-73.99281,40.76839],[-73.99126,40.76774],[-73.99168,40.7671],[-73.99329,40.76774],[-73.99281,40.76839]]]}},{"type":"Feature","properties":{"u":"020518zmk","n":"KEDEM WINERY","y":2006,"k":"unclassified","un":857.0,"upa":112.592,"ac":7.61,"t":true},"geometry":{"type":"Polygon","coordinates":[[[-73.97027,40.71083],[-73.96852,40.71063],[-73.96846,40.70901],[-73.97082,40.70931],[-73.97027,40.71083]]]}},{"type":"Feature","properties":{"u":"110177zmm","n":"WEST CLINTON REZONING","y":2011,"k":"more housing allowed","un":848.0,"upa":12.38,"ac":68.5,"t":false},"geometry":{"type":"Polygon","coordinates":[[[-73.995,40.76114],[-73.99545,40.76051],[-74.00048,40.76263],[-73.99916,40.76363],[-73.99452,40.76992],[-73.99235,40.76901],[-73.99372,40.76714],[-73.99277,40.76674],[-73.99323,40.76611],[-73.99347,40.76622],[-73.99482,40.76433],[-73.99428,40.7641],[-73.99565,40.76223],[-73.99691,40.76276],[-73.99738,40.76212],[-73.995,40.76114]]]}},{"type":"Feature","properties":{"u":"850113zmk","n":"FULTON FERRY NEIGHBORHOOD","y":1986,"k":"unclassified","un":833.0,"upa":28.431,"ac":29.3,"t":true},"geometry":{"type":"MultiPolygon","coordinates":[[[[-73.98457,40.70391],[-73.98463,40.70246],[-73.99274,40.70265],[-73.99269,40.70347],[-73.99078,40.70409],[-73.98457,40.70391]]],[[[-73.98021,40.70315],[-73.98182,40.70306],[-73.98179,40.70379],[-73.97991,40.70375],[-73.98021,40.70315]]]]}},{"type":"Feature","properties":{"u":"100063zmm","n":"WEST 28TH STREET","y":2011,"k":"unclassified","un":826.0,"upa":115.522,"ac":7.15,"t":false},"geometry":{"type":"Polygon","coordinates":[[[-73.99483,40.74948],[-73.99294,40.74868],[-73.9938,40.74743],[-73.99573,40.74824],[-73.99483,40.74948]]]}},{"type":"Feature","properties":{"u":"870963zmm","n":"TURTLE BAY MIDLOCK REZONING","y":1987,"k":"unclassified","un":816.0,"upa":10.606,"ac":76.94,"t":true},"geometry":{"type":"Polygon","coordinates":[[[-73.96423,40.75731],[-73.96711,40.75337],[-73.96873,40.75407],[-73.96791,40.75518],[-73.97013,40.75347],[-73.97147,40.754],[-73.96628,40.76144],[-73.96332,40.7603],[-73.96266,40.75952],[-73.96324,40.75878],[-73.96484,40.75755],[-73.96423,40.75731]]]}},{"type":"Feature","properties":{"u":"120380zmm","n":"HUDSON SQUARE SPECIAL DISTRICT","y":2013,"k":"unclassified","un":813.0,"upa":16.149,"ac":50.34,"t":false},"geometry":{"type":"Polygon","coordinates":[[[-74.00859,40.72892],[-74.00478,40.72856],[-74.00513,40.72639],[-74.00373,40.72626],[-74.00506,40.72299],[-74.00566,40.72207],[-74.00791,40.72371],[-74.00756,40.72585],[-74.0091,40.726],[-74.00859,40.72892]]]}},{"type":"Feature","properties":{"u":"930136zmm","n":"UPPER EAST SIDE REZONING","y":1994,"k":"unclassified","un":780.0,"upa":1.317,"ac":592.46,"t":true},"geometry":{"type":"Polygon","coordinates":[[[-73.96512,40.76092],[-73.96413,40.76624],[-73.95012,40.78518],[-73.94648,40.78362],[-73.94418,40.7808],[-73.94282,40.77766],[-73.94873,40.76966],[-73.9552,40.76495],[-73.95971,40.75866],[-73.96512,40.76092]]]}},{"type":"Feature","properties":{"u":"090112zmq","n":"NORTH CORONA REZONING","y":2009,"k":"density lowered","un":778.0,"upa":3.077,"ac":252.83,"t":true},"geometry":{"type":"MultiPolygon","coordinates":[[[[-73.8732,40.75728],[-73.86532,40.75809],[-73.857,40.75853],[-73.85691,40.75776],[-73.85745,40.75764],[-73.86785,40.757],[-73.86759,40.75556],[-73.86623,40.75569],[-73.86603,40.75457],[-73.86325,40.75514],[-73.86342,40.75602],[-73.85908,40.75645],[-73.85706,40.75687],[-73.85599,40.75478],[-73.85812,40.7543],[-73.86208,40.75433],[-73.86209,40.75394],[-73.86161,40.75393],[-73.86107,40.7528],[-73.86045,40.75298],[-73.85946,40.751],[-73.86146,40.75037],[-73.86166,40.75079],[-73.86209,40.75066],[-73.86376,40.75383],[-73.87053,40.752],[-73.87133,40.75393],[-73.87206,40.75379],[-73.8727,40.75498],[-73.87227,40.75504],[-73.87281,40.75647],[-73.87217,40.75652],[-73.87223,40.757],[-73.87312,40.75688],[-73.8732,40.75728]]],[[[-73.87656,40.7542],[-73.87473,40.75441],[-73.87451,40.75329],[-73.87546,40.75318],[-73.87538,40.7528],[-73.87397,40.75294],[-73.87364,40.75126],[-73.87508,40.75111],[-73.87499,40.75074],[-73.87271,40.75101],[-73.87262,40.75054],[-73.87107,40.75108],[-73.87015,40.7495],[-73.87515,40.74899],[-73.87521,40.74923],[-73.87757,40.74897],[-73.87776,40.75008],[-73.87635,40.75021],[-73.8765,40.75098],[-73.87697,40.75094],[-73.87728,40.75215],[-73.87674,40.75225],[-73.87678,40.7526],[-73.87628,40.75265],[-73.87656,40.7542]]],[[[-73.86976,40.75148],[-73.86467,40.7528],[-73.86351,40.75056],[-73.86663,40.74961],[-73.86683,40.74996],[-73.86769,40.74968],[-73.86802,40.75018],[-73.86886,40.74989],[-73.86976,40.75148]]],[[[-73.85413,40.75438],[-73.85333,40.75282],[-73.85852,40.75128],[-73.85979,40.75395],[-73.85757,40.75409],[-73.85676,40.7536],[-73.85413,40.75438]]],[[[-73.86146,40.76054],[-73.85712,40.75968],[-73.85705,40.75903],[-73.85852,40.75889],[-73.85858,40.75917],[-73.85962,40.75906],[-73.85976,40.75967],[-73.86076,40.75957],[-73.8608,40.7599],[-73.86135,40.75985],[-73.86146,40.76054]]],[[[-73.85333,40.75282],[-73.85293,40.75295],[-73.85277,40.75264],[-73.85314,40.75244],[-73.85333,40.75282]]]]}},{"type":"Feature","properties":{"u":"120396zmm","n":"durst w 57th street","y":2013,"k":"unclassified","un":774.0,"upa":453.123,"ac":1.71,"t":false},"geometry":{"type":"Polygon","coordinates":[[[-73.99321,40.77197],[-73.99146,40.77122],[-73.99169,40.7709],[-73.99344,40.77165],[-73.99321,40.77197]]]}},{"type":"Feature","properties":{"u":"010148zmm","n":"WEST 57TH STREET DEVELOPMENT","y":2001,"k":"unclassified","un":774.0,"upa":89.764,"ac":8.62,"t":true},"geometry":{"type":"Polygon","coordinates":[[[-73.99378,40.77238],[-73.99062,40.77107],[-73.99127,40.77018],[-73.99445,40.77146],[-73.99378,40.77238]]]}},{"type":"Feature","properties":{"u":"070522zmm","n":"EAST RIVER REALTY CO.","y":2008,"k":"unclassified","un":761.0,"upa":203.221,"ac":3.74,"t":true},"geometry":{"type":"Polygon","coordinates":[[[-73.97256,40.7451],[-73.97143,40.74459],[-73.97058,40.74421],[-73.97098,40.74364],[-73.97303,40.74446],[-73.97256,40.7451]]]}},{"type":"Feature","properties":{"u":"950318zmm","n":"6TH AVE REZONING","y":1995,"k":"unclassified","un":745.0,"upa":32.874,"ac":22.66,"t":true},"geometry":{"type":"Polygon","coordinates":[[[-73.99331,40.74354],[-73.98979,40.74841],[-73.9884,40.74779],[-73.99173,40.74288],[-73.99331,40.74354]]]}},{"type":"Feature","properties":{"u":"110145zmq","n":"SOUTH JAMAICA","y":2011,"k":"density lowered","un":731.0,"upa":0.416,"ac":1758.78,"t":false},"geometry":{"type":"MultiPolygon","coordinates":[[[[-73.79214,40.69414],[-73.79101,40.69461],[-73.78986,40.69302],[-73.7894,40.6932],[-73.78835,40.69159],[-73.78779,40.69118],[-73.7886,40.69056],[-73.788,40.69018],[-73.78739,40.69058],[-73.78677,40.68962],[-73.7864,40.68974],[-73.78597,40.68908],[-73.78705,40.68858],[-73.7848,40.68716],[-73.78383,40.68745],[-73.78404,40.68784],[-73.78321,40.68812],[-73.78411,40.68965],[-73.78582,40.68901],[-73.78643,40.69016],[-73.78617,40.69038],[-73.79199,40.69833],[-73.78977,40.69943],[-73.78892,40.69846],[-73.7881,40.69881],[-73.78743,40.69819],[-73.78782,40.69802],[-73.78736,40.69742],[-73.78639,40.69779],[-73.78594,40.69695],[-73.7853,40.6973],[-73.78317,40.69572],[-73.78087,40.69267],[-73.7802,40.69294],[-73.77957,40.69214],[-73.78016,40.69194],[-73.77961,40.69078],[-73.77924,40.6909],[-73.77709,40.68821],[-73.77635,40.68695],[-73.77678,40.6868],[-73.77704,40.68725],[-73.77932,40.68676],[-73.77966,40.68734],[-73.78052,40.68705],[-73.77976,40.68575],[-73.77962,40.68499],[-73.77723,40.68579],[-73.77691,40.68528],[-73.77509,40.68662],[-73.77679,40.68787],[-73.77625,40.68805],[-73.77242,40.68529],[-73.76974,40.68378],[-73.76965,40.68454],[-73.76904,40.68421],[-73.76928,40.68393],[-73.76894,40.68373],[-73.76307,40.68093],[-73.76329,40.68054],[-73.75983,40.67898],[-73.75787,40.67614],[-73.75701,40.67649],[-73.75652,40.67604],[-73.75576,40.67589],[-73.75648,40.67152],[-73.75642,40.66976],[-73.757,40.66775],[-73.75763,40.66646],[-73.77155,40.66797],[-73.7745,40.67184],[-73.77385,40.67214],[-73.77076,40.6726],[-73.77057,40.67095],[-73.76559,40.67125],[-73.76584,40.6733],[-73.76797,40.67297],[-73.76838,40.67416],[-73.76471,40.67491],[-73.76647,40.676],[-73.76545,40.67628],[-73.76602,40.67672],[-73.76701,40.6793],[-73.76686,40.68003],[-73.77105,40.67939],[-73.77164,40.68098],[-73.77206,40.68092],[-73.7722,40.68162],[-73.7742,40.68072],[-73.7769,40.68232],[-73.77745,40.68214],[-73.7762,40.68146],[-73.7755,40.68023],[-73.77637,40.67995],[-73.77671,40.68054],[-73.77758,40.68025],[-73.77723,40.67966],[-73.77965,40.67829],[-73.77928,40.67787],[-73.77978,40.67744],[-73.78028,40.67783],[-73.78159,40.6769],[-73.78206,40.67727],[-73.78196,40.67772],[-73.78241,40.67845],[-73.78408,40.67788],[-73.78488,40.68293],[-73.78431,40.68312],[-73.7847,40.68373],[-73.78095,40.68492],[-73.78438,40.68705],[-73.78629,40.68519],[-73.78739,40.68479],[-73.78613,40.68298],[-73.7906,40.68108],[-73.79015,40.68046],[-73.79032,40.68037],[-73.7901,40.67959],[-73.78927,40.67971],[-73.78917,40.67938],[-73.78736,40.67966],[-73.7868,40.67731],[-73.78696,40.67513],[-73.788,40.67493],[-73.7899,40.67522],[-73.79002,40.67541],[-73.79127,40.67511],[-73.79046,40.67339],[-73.78808,40.67302],[-73.78944,40.66683],[-73.79392,40.66704],[-73.79387,40.66748],[-73.79432,40.66776],[-73.79617,40.66836],[-73.79763,40.66809],[-73.7976,40.66672],[-73.79793,40.66672],[-73.79813,40.66798],[-73.80004,40.66776],[-73.80048,40.66797],[-73.80062,40.67253],[-73.80125,40.67425],[-73.80268,40.67772],[-73.80613,40.68479],[-73.80982,40.69142],[-73.80443,40.69562],[-73.80169,40.69375],[-73.80042,40.69324],[-73.80323,40.69003],[-73.79987,40.68773],[-73.79709,40.68968],[-73.79868,40.69175],[-73.79978,40.6928],[-73.79944,40.69306],[-73.79924,40.69287],[-73.79769,40.69384],[-73.79329,40.69571],[-73.79214,40.69414]]],[[[-73.79101,40.69461],[-73.79124,40.69494],[-73.79081,40.69513],[-73.79056,40.69479],[-73.79101,40.69461]]],[[[-73.75763,40.67989],[-73.75661,40.68028],[-73.75657,40.68022],[-73.75756,40.67976],[-73.75763,40.67989]]],[[[-73.75983,40.68294],[-73.75933,40.68257],[-73.75965,40.68234],[-73.75993,40.68273],[-73.76046,40.68252],[-73.76063,40.68274],[-73.76048,40.68376],[-73.75991,40.68394],[-73.75983,40.68343],[-73.75944,40.68313],[-73.75983,40.68294]]],[[[-73.76197,40.68148],[-73.76151,40.68208],[-73.76095,40.68181],[-73.76117,40.68112],[-73.76197,40.68148]]],[[[-73.79045,40.69472],[-73.79013,40.69486],[-73.78992,40.69457],[-73.79024,40.69443],[-73.79045,40.69472]]],[[[-73.79294,40.69966],[-73.79214,40.7],[-73.79142,40.69899],[-73.79222,40.69864],[-73.79294,40.69966]]]]}},{"type":"Feature","properties":{"u":"040215zmk","n":"WATCHTOWER PROJECT","y":2004,"k":"unclassified","un":727.0,"upa":108.426,"ac":6.71,"t":true},"geometry":{"type":"Polygon","coordinates":[[[-73.9867,40.70252],[-73.98458,40.70245],[-73.98469,40.70084],[-73.98578,40.70089],[-73.98575,40.70145],[-73.98687,40.70147],[-73.9867,40.70252]]]}},{"type":"Feature","properties":{"u":"980193zmq","n":"STEINWAY ST REZONING","y":1998,"k":"unclassified","un":718.0,"upa":4.654,"ac":154.26,"t":true},"geometry":{"type":"Polygon","coordinates":[[[-73.92517,40.75202],[-73.914,40.76589],[-73.91291,40.76536],[-73.91477,40.75474],[-73.91509,40.75404],[-73.92517,40.75202]]]}},{"type":"Feature","properties":{"u":"170361zmm","n":"Sendero Verde East 111th Street","y":2017,"k":"more housing allowed","un":709.0,"upa":243.552,"ac":2.91,"t":false},"geometry":{"type":"Polygon","coordinates":[[[-73.9457,40.79618],[-73.94718,40.79681],[-73.94671,40.79746],[-73.94523,40.79683],[-73.9457,40.79618]]]}},{"type":"Feature","properties":{"u":"090047zmk","n":"363-365 BOND STREET","y":2009,"k":"unclassified","un":699.0,"upa":118.427,"ac":5.9,"t":true},"geometry":{"type":"Polygon","coordinates":[[[-73.99043,40.67869],[-73.98914,40.67819],[-73.98923,40.67738],[-73.9897,40.67676],[-73.99137,40.67756],[-73.99043,40.67869]]]}},{"type":"Feature","properties":{"u":"070276zmx","n":"BORICUA VILLAGE/MELROSE COMMONS URA","y":2007,"k":"unclassified","un":689.0,"upa":89.318,"ac":7.71,"t":true},"geometry":{"type":"Polygon","coordinates":[[[-73.91221,40.82369],[-73.91014,40.82453],[-73.90868,40.82407],[-73.90941,40.82272],[-73.91221,40.82369]]]}},{"type":"Feature","properties":{"u":"050153zmq","n":"KEW GARDENS-RICHMOND HILL","y":2005,"k":"both","un":674.0,"upa":1.34,"ac":503.02,"t":true},"geometry":{"type":"MultiPolygon","coordinates":[[[[-73.84941,40.69847],[-73.84524,40.69949],[-73.84296,40.70087],[-73.84185,40.70129],[-73.83411,40.70047],[-73.83425,40.70076],[-73.8337,40.70088],[-73.8338,40.70112],[-73.83348,40.70098],[-73.83304,40.70121],[-73.83372,40.70264],[-73.83332,40.70274],[-73.8339,40.70397],[-73.83607,40.70331],[-73.83651,40.70428],[-73.83609,40.70452],[-73.83636,40.70499],[-73.83678,40.70696],[-73.83783,40.70728],[-73.83694,40.70854],[-73.83261,40.70701],[-73.8317,40.70811],[-73.83157,40.70855],[-73.83227,40.70919],[-73.83178,40.70933],[-73.83297,40.7104],[-73.83128,40.71135],[-73.83028,40.71019],[-73.83,40.71037],[-73.82962,40.71007],[-73.8293,40.71033],[-73.82702,40.70838],[-73.8266,40.70585],[-73.82591,40.70508],[-73.82571,40.70505],[-73.82641,40.70772],[-73.82626,40.70791],[-73.82498,40.70762],[-73.8236,40.70692],[-73.82216,40.70577],[-73.81921,40.70713],[-73.81759,40.70457],[-73.8171,40.70462],[-73.81617,40.70247],[-73.81682,40.70242],[-73.8163,40.70149],[-73.81752,40.7011],[-73.81812,40.70195],[-73.81936,40.70172],[-73.81943,40.70191],[-73.81967,40.70185],[-73.81982,40.70215],[-73.82127,40.7019],[-73.82135,40.70245],[-73.82244,40.70223],[-73.82202,40.70182],[-73.82279,40.70163],[-73.82104,40.69874],[-73.82299,40.69807],[-73.82352,40.69792],[-73.82404,40.69881],[-73.82646,40.69811],[-73.82699,40.69919],[-73.82756,40.69909],[-73.82805,40.70012],[-73.82871,40.7],[-73.82887,40.7004],[-73.83003,40.70023],[-73.83068,40.70007],[-73.82985,40.69977],[-73.83005,40.69963],[-73.8315,40.69929],[-73.8316,40.69943],[-73.83232,40.69912],[-73.83312,40.69868],[-73.83296,40.69842],[-73.8337,40.69804],[-73.83381,40.69832],[-73.8383,40.69547],[-73.83949,40.695],[-73.8403,40.69491],[-73.84512,40.69476],[-73.84501,40.69462],[-73.84559,40.69449],[-73.84592,40.69506],[-73.84641,40.69499],[-73.84662,40.69537],[-73.84722,40.69524],[-73.8481,40.69679],[-73.84941,40.69847]]],[[[-73.83087,40.71351],[-73.83046,40.71369],[-73.8294,40.7128],[-73.82922,40.71292],[-73.82875,40.71277],[-73.82786,40.71176],[-73.82867,40.71145],[-73.82942,40.71248],[-73.82965,40.71232],[-73.83078,40.71321],[-73.83087,40.71351]]]]}},{"type":"Feature","properties":{"u":"160267zmx","n":"La Central","y":2016,"k":"more housing allowed","un":657.0,"upa":86.374,"ac":7.61,"t":false},"geometry":{"type":"Polygon","coordinates":[[[-73.91259,40.81906],[-73.91428,40.81613],[-73.91563,40.81567],[-73.91634,40.81597],[-73.91259,40.81906]]]}},{"type":"Feature","properties":{"u":"000024zmk","n":"NEWSWALK (FORMER DAILY NEWS BLDG)","y":2001,"k":"unclassified","un":646.0,"upa":114.573,"ac":5.64,"t":true},"geometry":{"type":"Polygon","coordinates":[[[-73.97591,40.68273],[-73.97131,40.68178],[-73.9715,40.68125],[-73.97543,40.68206],[-73.97591,40.68273]]]}},{"type":"Feature","properties":{"u":"050018zmx","n":"ST ANN'S AVE DEV","y":2008,"k":"unclassified","un":641.0,"upa":127.407,"ac":5.03,"t":true},"geometry":{"type":"Polygon","coordinates":[[[-73.91,40.82127],[-73.90891,40.82102],[-73.90974,40.819],[-73.91062,40.81922],[-73.91,40.82127]]]}},{"type":"Feature","properties":{"u":"870242zmm","n":"SPEC GARMENT CENTER DIST","y":1987,"k":"unclassified","un":628.0,"upa":8.828,"ac":71.14,"t":true},"geometry":{"type":"Polygon","coordinates":[[[-73.99529,40.75397],[-73.99291,40.75713],[-73.98765,40.75492],[-73.98713,40.75304],[-73.98763,40.75067],[-73.99021,40.75135],[-73.99326,40.75265],[-73.99529,40.75397]]]}},{"type":"Feature","properties":{"u":"000109zmk","n":"FLUSHING/BEDFORD REZONING","y":2001,"k":"unclassified","un":626.0,"upa":11.163,"ac":56.08,"t":true},"geometry":{"type":"Polygon","coordinates":[[[-73.95895,40.69755],[-73.95797,40.69766],[-73.95819,40.69863],[-73.95912,40.69849],[-73.95926,40.69924],[-73.96069,40.69902],[-73.96055,40.69918],[-73.96125,40.69967],[-73.95986,40.70052],[-73.95893,40.69962],[-73.95804,40.69979],[-73.95662,40.7007],[-73.95646,40.70056],[-73.95609,40.70082],[-73.95542,40.70032],[-73.95402,40.70118],[-73.9537,40.70092],[-73.95352,40.70101],[-73.95326,40.70071],[-73.95187,40.70163],[-73.94979,40.69977],[-73.9533,40.69936],[-73.95385,40.70006],[-73.95633,40.69969],[-73.95576,40.69694],[-73.95544,40.69698],[-73.95493,40.69473],[-73.95609,40.69455],[-73.95621,40.69503],[-73.95779,40.69481],[-73.95814,40.69642],[-73.95868,40.69635],[-73.95895,40.69755]]]}},{"type":"Feature","properties":{"u":"950297zmq","n":"BRIARWOOD  REZONING","y":1995,"k":"unclassified","un":624.0,"upa":2.024,"ac":308.37,"t":true},"geometry":{"type":"Polygon","coordinates":[[[-73.81968,40.71479],[-73.8082,40.71471],[-73.80842,40.71572],[-73.80778,40.71572],[-73.80736,40.71425],[-73.80781,40.71413],[-73.80741,40.71351],[-73.80693,40.71365],[-73.80668,40.71307],[-73.8065,40.71223],[-73.80693,40.71211],[-73.80672,40.71119],[-73.80591,40.70997],[-73.80548,40.7101],[-73.80501,40.70948],[-73.80352,40.70865],[-73.80303,40.70815],[-73.8039,40.70786],[-73.80414,40.70817],[-73.80695,40.70738],[-73.80678,40.70703],[-73.81153,40.70566],[-73.81157,40.70608],[-73.81288,40.70562],[-73.81432,40.70551],[-73.81501,40.70525],[-73.81595,40.70664],[-73.81768,40.70598],[-73.81856,40.70727],[-73.81759,40.70764],[-73.81871,40.70888],[-73.82062,40.71003],[-73.82167,40.71142],[-73.82253,40.71166],[-73.82325,40.71228],[-73.82386,40.71295],[-73.82472,40.71452],[-73.8256,40.71552],[-73.82195,40.7163],[-73.82161,40.71626],[-73.82092,40.7145],[-73.81968,40.71479]]]}},{"type":"Feature","properties":{"u":"120226zmm","n":"SEWARD PARK MIXED-USE DEVELOPMENT PROJECT","y":2012,"k":"unclassified","un":617.0,"upa":84.812,"ac":7.27,"t":false},"geometry":{"type":"Polygon","coordinates":[[[-73.9862,40.71691],[-73.98672,40.71596],[-73.98754,40.7162],[-73.98704,40.71716],[-73.98788,40.71742],[-73.98738,40.71839],[-73.9857,40.71787],[-73.98593,40.71743],[-73.98537,40.71728],[-73.98565,40.71674],[-73.9862,40.71691]]]}},{"type":"Feature","properties":{"u":"970453zmr","n":"PLEASANT PLAINS","y":2002,"k":"density lowered","un":607.0,"upa":0.333,"ac":1824.41,"t":true},"geometry":{"type":"Polygon","coordinates":[[[-74.23301,40.51625],[-74.23445,40.51732],[-74.23488,40.51857],[-74.22873,40.51989],[-74.22663,40.51929],[-74.22636,40.51991],[-74.22663,40.52062],[-74.22939,40.51994],[-74.23137,40.52088],[-74.23238,40.52088],[-74.23316,40.52062],[-74.23471,40.52079],[-74.2341,40.52558],[-74.22753,40.52599],[-74.22329,40.52676],[-74.22325,40.52638],[-74.2178,40.52809],[-74.20689,40.531],[-74.20695,40.53119],[-74.19778,40.53369],[-74.19582,40.52993],[-74.19606,40.52986],[-74.1955,40.5292],[-74.199,40.52595],[-74.19286,40.51743],[-74.19314,40.51624],[-74.19323,40.51274],[-74.1904,40.5104],[-74.19231,40.50969],[-74.19444,40.50947],[-74.19866,40.50986],[-74.19785,40.51111],[-74.19711,40.51297],[-74.19731,40.51327],[-74.19719,40.51339],[-74.1978,40.51381],[-74.19785,40.51542],[-74.19842,40.51539],[-74.19922,40.51647],[-74.19897,40.51713],[-74.19932,40.51829],[-74.20083,40.51762],[-74.20257,40.51651],[-74.20183,40.51569],[-74.20094,40.51506],[-74.20018,40.51301],[-74.20143,40.51309],[-74.21019,40.51128],[-74.20898,40.50785],[-74.21629,40.50235],[-74.2191,40.50083],[-74.2191,40.50133],[-74.22693,40.49798],[-74.23301,40.51625]],[[-74.22319,40.50883],[-74.21231,40.51076],[-74.21064,40.51159],[-74.21205,40.51522],[-74.22491,40.51284],[-74.22319,40.50883]],[[-74.2048,40.51531],[-74.20342,40.51292],[-74.20139,40.51336],[-74.20056,40.51323],[-74.20119,40.51487],[-74.2025,40.51581],[-74.20291,40.51639],[-74.2048,40.51531]]]}},{"type":"Feature","properties":{"u":"090413zmk","n":"BROADWAY TRIANGLE URA","y":2009,"k":"unclassified","un":598.0,"upa":19.65,"ac":30.43,"t":true},"geometry":{"type":"Polygon","coordinates":[[[-73.94867,40.70457],[-73.94881,40.70448],[-73.94439,40.70043],[-73.9471,40.70013],[-73.94938,40.70217],[-73.95028,40.70159],[-73.9503,40.70449],[-73.94947,40.70503],[-73.94867,40.70457]]]}},{"type":"Feature","properties":{"u":"080457zmq","n":"WALDHEIM REZONING","y":2008,"k":"density lowered","un":593.0,"upa":3.42,"ac":173.39,"t":true},"geometry":{"type":"Polygon","coordinates":[[[-73.81461,40.75563],[-73.81444,40.75529],[-73.81488,40.75516],[-73.81525,40.75542],[-73.81577,40.75508],[-73.81606,40.75537],[-73.8232,40.75065],[-73.82433,40.75182],[-73.82189,40.75317],[-73.82473,40.75549],[-73.82208,40.75718],[-73.82325,40.75816],[-73.81103,40.76145],[-73.80952,40.76132],[-73.81014,40.75683],[-73.81461,40.75563]]]}},{"type":"Feature","properties":{"u":"130374zmk","n":"LIVONIA COMMONS","y":2013,"k":"unclassified","un":577.0,"upa":56.181,"ac":10.27,"t":false},"geometry":{"type":"Polygon","coordinates":[[[-73.89602,40.66485],[-73.89469,40.66518],[-73.89456,40.66468],[-73.89502,40.66461],[-73.89493,40.66426],[-73.89948,40.66345],[-73.89961,40.66393],[-73.90145,40.66367],[-73.90155,40.66405],[-73.89789,40.66471],[-73.89776,40.66421],[-73.89592,40.66448],[-73.89602,40.66485]]]}},{"type":"Feature","properties":{"u":"060471zmr","n":"NEW STAPLETON WATERFRONT DEV","y":2006,"k":"density lowered","un":571.0,"upa":2.516,"ac":226.92,"t":true},"geometry":{"type":"Polygon","coordinates":[[[-74.0656,40.62495],[-74.07096,40.62044],[-74.07129,40.62166],[-74.07377,40.62472],[-74.0747,40.62618],[-74.07513,40.62785],[-74.07537,40.63057],[-74.07425,40.6334],[-74.07439,40.6346],[-74.06729,40.63535],[-74.06695,40.62817],[-74.0656,40.62495]]]}},{"type":"Feature","properties":{"u":"180347zmk","n":"Franklin Avenue Rezoning","y":2018,"k":"more housing allowed","un":569.0,"upa":92.923,"ac":6.12,"t":false},"geometry":{"type":"Polygon","coordinates":[[[-73.95884,40.66828],[-73.95954,40.66627],[-73.96076,40.66652],[-73.96005,40.66854],[-73.95884,40.66828]]]}},{"type":"Feature","properties":{"u":"150278zmk","n":"Pfizer Sites Rezoning","y":2017,"k":"more housing allowed","un":558.0,"upa":78.564,"ac":7.1,"t":false},"geometry":{"type":"Polygon","coordinates":[[[-73.94938,40.70217],[-73.94813,40.70103],[-73.95009,40.6998],[-73.95074,40.70046],[-73.95029,40.7006],[-73.95028,40.70159],[-73.94938,40.70217]]]}},{"type":"Feature","properties":{"u":"860684zmm","n":"1ST AVE REZONE","y":1986,"k":"unclassified","un":556.0,"upa":46.027,"ac":12.08,"t":true},"geometry":{"type":"Polygon","coordinates":[[[-73.97425,40.74651],[-73.97272,40.7485],[-73.9708,40.74765],[-73.97226,40.74563],[-73.97425,40.74651]]]}},{"type":"Feature","properties":{"u":"070529zmm","n":"EAST RIVER REALTY CO.","y":2008,"k":"unclassified","un":556.0,"upa":36.193,"ac":15.36,"t":true},"geometry":{"type":"Polygon","coordinates":[[[-73.97228,40.74819],[-73.97078,40.74755],[-73.97033,40.74819],[-73.96804,40.7472],[-73.96954,40.74541],[-73.97168,40.74631],[-73.97122,40.74693],[-73.97274,40.74757],[-73.97228,40.74819]]]}},{"type":"Feature","properties":{"u":"900052zmm","n":"CONVENTION CENTER SPEC DIST","y":1990,"k":"unclassified","un":552.0,"upa":8.971,"ac":61.53,"t":true},"geometry":{"type":"MultiPolygon","coordinates":[[[[-74.00209,40.7559],[-73.99969,40.75924],[-73.9978,40.75839],[-74.00023,40.75516],[-74.00209,40.7559]]],[[[-74.00187,40.76219],[-74.00125,40.76304],[-74.00385,40.76413],[-74.00205,40.76656],[-73.99579,40.76401],[-73.99682,40.76263],[-73.9974,40.76287],[-73.99775,40.76238],[-73.9988,40.76282],[-73.99845,40.76331],[-73.99893,40.76351],[-74.00118,40.76187],[-74.00187,40.76219]]]]}},{"type":"Feature","properties":{"u":"170430zmk","n":"Linden Boulevard Rezoning","y":2017,"k":"more housing allowed","un":551.0,"upa":150.365,"ac":3.66,"t":false},"geometry":{"type":"Polygon","coordinates":[[[-73.8582,40.67013],[-73.85779,40.66846],[-73.8587,40.66833],[-73.85912,40.67],[-73.8582,40.67013]]]}},{"type":"Feature","properties":{"u":"050296zmk","n":"BENSONHURST REZONING","y":2005,"k":"both","un":542.0,"upa":0.993,"ac":545.68,"t":true},"geometry":{"type":"Polygon","coordinates":[[[-73.97948,40.61649],[-73.97499,40.61375],[-73.97489,40.61319],[-73.97432,40.6138],[-73.97356,40.60975],[-73.97422,40.60969],[-73.97419,40.60947],[-73.973,40.60882],[-73.97337,40.60878],[-73.97262,40.60464],[-73.97221,40.60459],[-73.97229,40.60383],[-73.97263,40.60387],[-73.97354,40.59736],[-73.97299,40.59742],[-73.97307,40.5969],[-73.98405,40.59571],[-73.98437,40.59681],[-73.98558,40.5975],[-73.98709,40.60513],[-73.98869,40.60608],[-73.9885,40.60632],[-73.98934,40.60649],[-73.98396,40.61166],[-73.98447,40.61197],[-73.9809,40.61542],[-73.98067,40.61529],[-73.97948,40.61649]]]}},{"type":"Feature","properties":{"u":"170311zmx","n":"Lower Concourse North Rezoning","y":2017,"k":"more housing allowed","un":542.0,"upa":82.548,"ac":6.57,"t":false},"geometry":{"type":"Polygon","coordinates":[[[-73.93237,40.81951],[-73.93248,40.82138],[-73.93152,40.82126],[-73.93147,40.82075],[-73.93078,40.82056],[-73.9304,40.81932],[-73.93237,40.81951]]]}},{"type":"Feature","properties":{"u":"850532zmr","n":"W BRIGHTON, PORT RICHMOND, MARINERS","y":1985,"k":"unclassified","un":540.0,"upa":0.347,"ac":1555.55,"t":true},"geometry":{"type":"MultiPolygon","coordinates":[[[[-74.16937,40.64121],[-74.13479,40.64206],[-74.13426,40.64053],[-74.13322,40.64058],[-74.13493,40.63666],[-74.13816,40.6309],[-74.14286,40.6256],[-74.14535,40.62498],[-74.15935,40.6268],[-74.16676,40.62824],[-74.17204,40.63536],[-74.17214,40.64057],[-74.16937,40.64121]]],[[[-74.13597,40.63343],[-74.13186,40.63918],[-74.12982,40.63932],[-74.11804,40.6338],[-74.11697,40.63262],[-74.11625,40.62875],[-74.12239,40.62742],[-74.13005,40.62645],[-74.13128,40.62705],[-74.13425,40.63247],[-74.13597,40.63343]]]]}},{"type":"Feature","properties":{"u":"000087zmk","n":"DOMSEY & GLANTZ SITES","y":2002,"k":"unclassified","un":540.0,"upa":60.443,"ac":8.93,"t":true},"geometry":{"type":"Polygon","coordinates":[[[-73.96856,40.71012],[-73.96672,40.7099],[-73.96724,40.70742],[-73.96842,40.70755],[-73.96856,40.71012]]]}},{"type":"Feature","properties":{"u":"010047zmq","n":"BROADWAY & 31ST ST REZONING","y":2001,"k":"unclassified","un":534.0,"upa":7.86,"ac":67.94,"t":true},"geometry":{"type":"MultiPolygon","coordinates":[[[[-73.93014,40.76523],[-73.92026,40.76058],[-73.91849,40.75981],[-73.91938,40.7587],[-73.92871,40.76302],[-73.93222,40.76486],[-73.93173,40.76544],[-73.93048,40.7648],[-73.93014,40.76523]]],[[[-73.9123,40.75522],[-73.91591,40.75724],[-73.91888,40.75854],[-73.91809,40.7595],[-73.91307,40.75698],[-73.91273,40.75737],[-73.9118,40.7554],[-73.91229,40.75474],[-73.9123,40.75522]]],[[[-73.92326,40.76549],[-73.92216,40.76498],[-73.92288,40.76414],[-73.92398,40.76464],[-73.92326,40.76549]]],[[[-73.92099,40.76805],[-73.91891,40.76974],[-73.91844,40.76956],[-73.92076,40.76767],[-73.92099,40.76805]]]]}},{"type":"Feature","properties":{"u":"100369zmm","n":"NORTH TRIBECA REZONING","y":2010,"k":"more housing allowed","un":526.0,"upa":5.623,"ac":93.54,"t":false},"geometry":{"type":"Polygon","coordinates":[[[-74.00192,40.71936],[-74.00254,40.71864],[-74.00564,40.72003],[-74.00594,40.71971],[-74.00726,40.71984],[-74.00722,40.7205],[-74.01004,40.72072],[-74.00996,40.72148],[-74.01642,40.7222],[-74.01601,40.72557],[-74.00992,40.72507],[-74.00788,40.72349],[-74.00805,40.72264],[-74.00614,40.72242],[-74.00192,40.71936]]]}},{"type":"Feature","properties":{"u":"900258zmk","n":"3RD AVE, PROSPECT EXPRESSWAY, 5TH A","y":1990,"k":"unclassified","un":525.0,"upa":3.455,"ac":151.93,"t":true},"geometry":{"type":"Polygon","coordinates":[[[-74.00759,40.6549],[-73.995,40.66726],[-73.99268,40.66582],[-73.99502,40.6599],[-73.99779,40.6572],[-74.001,40.65773],[-74.00532,40.65353],[-74.00759,40.6549]]]}},{"type":"Feature","properties":{"u":"090310zmk","n":"DUMBO REZONING","y":2009,"k":"more housing allowed","un":523.0,"upa":24.742,"ac":21.14,"t":true},"geometry":{"type":"Polygon","coordinates":[[[-73.98431,40.70269],[-73.98435,40.70235],[-73.98855,40.7025],[-73.9888,40.70384],[-73.9885,40.70383],[-73.98844,40.70453],[-73.98752,40.7045],[-73.98749,40.70485],[-73.98655,40.70483],[-73.98656,40.70452],[-73.98637,40.70442],[-73.98458,40.70435],[-73.98464,40.70369],[-73.98415,40.70367],[-73.98417,40.70337],[-73.98378,40.70334],[-73.9838,40.70301],[-73.98408,40.70302],[-73.9841,40.70269],[-73.98431,40.70269]]]}},{"type":"Feature","properties":{"u":"170189zmk","n":"Ebenezer Plaza Rezoning","y":2017,"k":"more housing allowed","un":523.0,"upa":143.26,"ac":3.65,"t":false},"geometry":{"type":"Polygon","coordinates":[[[-73.90102,40.65832],[-73.90074,40.65725],[-73.9026,40.65698],[-73.90274,40.65755],[-73.90102,40.65832]]]}},{"type":"Feature","properties":{"u":"070409zmx","n":"WAKEFIELD/EASTCHESTER REZONING","y":2007,"k":"density lowered","un":512.0,"upa":1.216,"ac":420.95,"t":true},"geometry":{"type":"MultiPolygon","coordinates":[[[[-73.82943,40.88858],[-73.82937,40.8879],[-73.82966,40.88789],[-73.82988,40.88856],[-73.82943,40.88858]]],[[[-73.82937,40.8879],[-73.82848,40.88794],[-73.82823,40.88684],[-73.8288,40.88681],[-73.82886,40.88757],[-73.82934,40.88754],[-73.82937,40.8879]]],[[[-73.84802,40.90264],[-73.84782,40.90456],[-73.84605,40.90412],[-73.84543,40.90429],[-73.84524,40.90378],[-73.8434,40.90418],[-73.8434,40.90436],[-73.8414,40.90432],[-73.84098,40.90282],[-73.84179,40.90265],[-73.84081,40.90041],[-73.84346,40.89983],[-73.84265,40.89773],[-73.84353,40.8975],[-73.84323,40.89672],[-73.84234,40.8969],[-73.842,40.89601],[-73.84288,40.89582],[-73.84274,40.89545],[-73.84148,40.89587],[-73.8409,40.89446],[-73.84137,40.89438],[-73.84104,40.89349],[-73.84015,40.89368],[-73.84112,40.89621],[-73.83898,40.8956],[-73.83838,40.89409],[-73.83775,40.89424],[-73.82893,40.89156],[-73.83028,40.88959],[-73.83025,40.8905],[-73.83164,40.89067],[-73.83174,40.88735],[-73.83274,40.88592],[-73.83347,40.88601],[-73.83336,40.88691],[-73.83428,40.88704],[-73.83391,40.88795],[-73.83442,40.888],[-73.83445,40.88863],[-73.834,40.88865],[-73.83402,40.88904],[-73.83316,40.88898],[-73.83312,40.88931],[-73.83358,40.88934],[-73.83353,40.88981],[-73.83433,40.88985],[-73.8348,40.88965],[-73.83468,40.88934],[-73.83822,40.88866],[-73.83839,40.88911],[-73.83927,40.88892],[-73.83936,40.88914],[-73.83981,40.88906],[-73.84065,40.89127],[-73.8411,40.89117],[-73.84125,40.89156],[-73.84299,40.89118],[-73.84421,40.8944],[-73.84373,40.89451],[-73.84557,40.89938],[-73.84472,40.89956],[-73.84543,40.90114],[-73.846,40.90101],[-73.84625,40.90169],[-73.84545,40.90186],[-73.8456,40.90223],[-73.84673,40.90198],[-73.84668,40.90234],[-73.84693,40.90251],[-73.84745,40.90273],[-73.84802,40.90264]]],[[[-73.83074,40.88783],[-73.83028,40.88786],[-73.83025,40.88749],[-73.82978,40.88751],[-73.82971,40.88674],[-73.83017,40.88672],[-73.83019,40.88657],[-73.8312,40.88667],[-73.83126,40.88743],[-73.83072,40.88746],[-73.83074,40.88783]]],[[[-73.84836,40.89983],[-73.84711,40.90066],[-73.84651,40.89917],[-73.84695,40.89907],[-73.84655,40.89802],[-73.84699,40.89792],[-73.84653,40.89671],[-73.84697,40.89662],[-73.84635,40.895],[-73.84505,40.89535],[-73.84307,40.89007],[-73.8448,40.88969],[-73.84571,40.89208],[-73.84703,40.89177],[-73.84631,40.88989],[-73.84741,40.89024],[-73.84807,40.89194],[-73.85069,40.89131],[-73.85149,40.89341],[-73.85203,40.89326],[-73.85256,40.89277],[-73.85407,40.89326],[-73.85172,40.89758],[-73.84984,40.89986],[-73.84836,40.89983]]],[[[-73.85301,40.9],[-73.85257,40.8998],[-73.85476,40.8971],[-73.85561,40.89545],[-73.85542,40.89539],[-73.85661,40.89318],[-73.8582,40.89369],[-73.85812,40.89403],[-73.86008,40.89464],[-73.85983,40.89509],[-73.86026,40.89523],[-73.85946,40.89664],[-73.85904,40.8965],[-73.85785,40.89826],[-73.85746,40.89811],[-73.85623,40.89988],[-73.85659,40.90003],[-73.85565,40.90121],[-73.85517,40.90099],[-73.85547,40.90058],[-73.85519,40.90047],[-73.85646,40.89881],[-73.85497,40.89845],[-73.85433,40.89898],[-73.85457,40.89906],[-73.85394,40.89989],[-73.85375,40.8998],[-73.85343,40.90019],[-73.85093,40.90372],[-73.85034,40.90349],[-73.85301,40.9]]],[[[-73.85326,40.90356],[-73.85287,40.90336],[-73.85328,40.90285],[-73.85368,40.90303],[-73.85398,40.90265],[-73.85433,40.90285],[-73.85534,40.90159],[-73.85571,40.90182],[-73.85367,40.9044],[-73.85325,40.9042],[-73.8535,40.9039],[-73.8531,40.90372],[-73.85326,40.90356]]]]}},{"type":"Feature","properties":{"u":"180489zmk","n":"Marcus Garvey Apartments LSGD","y":2018,"k":"more housing allowed","un":505.0,"upa":87.642,"ac":5.76,"t":false},"geometry":{"type":"MultiPolygon","coordinates":[[[[-73.90995,40.66279],[-73.90985,40.66242],[-73.90939,40.66249],[-73.90922,40.66181],[-73.90968,40.66174],[-73.90978,40.66213],[-73.91164,40.66178],[-73.9118,40.66244],[-73.90995,40.66279]]],[[[-73.90871,40.65985],[-73.90918,40.65978],[-73.90946,40.66088],[-73.90899,40.66095],[-73.90871,40.65985]]],[[[-73.90977,40.66402],[-73.91024,40.66396],[-73.91044,40.66471],[-73.90997,40.66478],[-73.90977,40.66402]]]]}},{"type":"Feature","properties":{"u":"150152zmx","n":"Melrose Commons North Site C","y":2015,"k":"unclassified","un":504.0,"upa":111.132,"ac":4.54,"t":false},"geometry":{"type":"Polygon","coordinates":[[[-73.91335,40.82513],[-73.91317,40.82546],[-73.91108,40.82478],[-73.91073,40.82429],[-73.91221,40.82369],[-73.91236,40.82374],[-73.91216,40.82411],[-73.91263,40.82426],[-73.91249,40.82485],[-73.91335,40.82513]]]}},{"type":"Feature","properties":{"u":"200064zmm","n":"GO Broome Street Development","y":2020,"k":"more housing allowed","un":495.0,"upa":225.479,"ac":2.2,"t":false},"geometry":{"type":"Polygon","coordinates":[[[-73.98704,40.71716],[-73.98753,40.7162],[-73.98839,40.71646],[-73.98788,40.71742],[-73.98704,40.71716]]]}},{"type":"Feature","properties":{"u":"140181zmm","n":"SITE 7","y":2014,"k":"unclassified","un":494.0,"upa":185.423,"ac":2.66,"t":false},"geometry":{"type":"Polygon","coordinates":[[[-73.99143,40.76699],[-73.99188,40.76637],[-73.99237,40.76657],[-73.99214,40.76689],[-73.99263,40.76709],[-73.9934,40.76618],[-73.99371,40.76632],[-73.99271,40.76753],[-73.99143,40.76699]]]}},{"type":"Feature","properties":{"u":"970463zmx","n":"HOSTOS COMMUNITY COLLEGE REZONING","y":1997,"k":"unclassified","un":493.0,"upa":16.192,"ac":30.45,"t":true},"geometry":{"type":"MultiPolygon","coordinates":[[[[-73.92867,40.81914],[-73.92726,40.82266],[-73.92501,40.82005],[-73.92532,40.81923],[-73.92685,40.81859],[-73.92867,40.81914]]],[[[-73.92985,40.81737],[-73.92931,40.81877],[-73.92809,40.81844],[-73.92736,40.81749],[-73.92703,40.81662],[-73.92738,40.81583],[-73.92833,40.81607],[-73.92985,40.81737]]]]}},{"type":"Feature","properties":{"u":"090365zmx","n":"161ST STREET REZONING","y":2009,"k":"unclassified","un":476.0,"upa":25.629,"ac":18.57,"t":true},"geometry":{"type":"MultiPolygon","coordinates":[[[[-73.92797,40.82436],[-73.92542,40.8287],[-73.92444,40.82838],[-73.92496,40.82752],[-73.92452,40.82739],[-73.92482,40.82688],[-73.92571,40.82717],[-73.9275,40.82421],[-73.92797,40.82436]]],[[[-73.91793,40.82651],[-73.91681,40.82616],[-73.91575,40.82582],[-73.91659,40.82502],[-73.91847,40.82556],[-73.91793,40.82651]]],[[[-73.92205,40.82598],[-73.92133,40.82708],[-73.92091,40.82694],[-73.9212,40.82644],[-73.91846,40.82558],[-73.91876,40.82512],[-73.92147,40.82597],[-73.9216,40.82583],[-73.92205,40.82598]]]]}},{"type":"Feature","properties":{"u":"170400zmk","n":"Tillary and Prince Streets Rezoning","y":2017,"k":"more housing allowed","un":473.0,"upa":330.572,"ac":1.43,"t":false},"geometry":{"type":"Polygon","coordinates":[[[-73.98155,40.69593],[-73.98159,40.6952],[-73.98243,40.69522],[-73.98239,40.69596],[-73.98155,40.69593]]]}},{"type":"Feature","properties":{"u":"110207zmq","n":"SUNNYSIDE-WOODSIDE","y":2011,"k":"density lowered","un":466.0,"upa":1.257,"ac":370.75,"t":false},"geometry":{"type":"MultiPolygon","coordinates":[[[[-73.90927,40.74933],[-73.90786,40.74895],[-73.90759,40.74957],[-73.90606,40.7486],[-73.90641,40.74779],[-73.90468,40.74734],[-73.90535,40.74791],[-73.90515,40.74842],[-73.90554,40.74864],[-73.90494,40.74994],[-73.90183,40.7491],[-73.90166,40.74948],[-73.8975,40.74838],[-73.89566,40.74858],[-73.89463,40.74692],[-73.89545,40.7468],[-73.89536,40.74606],[-73.89421,40.74619],[-73.89209,40.7429],[-73.89438,40.74254],[-73.90002,40.74377],[-73.90092,40.74408],[-73.90076,40.7444],[-73.90148,40.74496],[-73.90128,40.74543],[-73.90286,40.74527],[-73.90302,40.74474],[-73.90447,40.74512],[-73.90445,40.74548],[-73.90553,40.7454],[-73.90638,40.74564],[-73.90661,40.7454],[-73.90844,40.74517],[-73.90994,40.74559],[-73.90955,40.74536],[-73.90962,40.74504],[-73.91044,40.74487],[-73.91038,40.74515],[-73.91062,40.74483],[-73.91234,40.74431],[-73.91232,40.74458],[-73.91295,40.74429],[-73.91371,40.74437],[-73.91383,40.74378],[-73.91484,40.74346],[-73.9148,40.74366],[-73.91527,40.7437],[-73.91576,40.74365],[-73.91581,40.74339],[-73.91674,40.7435],[-73.91681,40.74314],[-73.91495,40.74292],[-73.91537,40.74075],[-73.9163,40.74086],[-73.91649,40.73994],[-73.91741,40.74004],[-73.91732,40.74057],[-73.92103,40.741],[-73.92131,40.73953],[-73.92503,40.73995],[-73.92466,40.74181],[-73.92607,40.74198],[-73.92497,40.74738],[-73.91617,40.74637],[-73.91606,40.74687],[-73.91513,40.74677],[-73.91489,40.74799],[-73.91442,40.74793],[-73.91428,40.74863],[-73.9134,40.74832],[-73.91331,40.74878],[-73.91294,40.74873],[-73.91289,40.74845],[-73.91323,40.74685],[-73.91223,40.74693],[-73.91237,40.7463],[-73.90985,40.746],[-73.90966,40.74689],[-73.9121,40.7473],[-73.91163,40.74871],[-73.9119,40.74874],[-73.91165,40.74998],[-73.91117,40.74992],[-73.91135,40.74905],[-73.90999,40.74888],[-73.90956,40.75035],[-73.90892,40.75012],[-73.90927,40.74933]]],[[[-73.91554,40.74953],[-73.91561,40.74918],[-73.91867,40.7495],[-73.91631,40.74996],[-73.91635,40.74961],[-73.91554,40.74953]]],[[[-73.90237,40.745],[-73.90196,40.74457],[-73.90248,40.74472],[-73.90237,40.745]]]]}},{"type":"Feature","properties":{"u":"900607azmm","n":"NINTH AVE REZONING","y":1993,"k":"unclassified","un":459.0,"upa":27.454,"ac":16.72,"t":true},"geometry":{"type":"Polygon","coordinates":[[[-73.99665,40.75456],[-73.99406,40.75808],[-73.99314,40.7577],[-73.99279,40.75701],[-73.9951,40.75381],[-73.99665,40.75456]]]}},{"type":"Feature","properties":{"u":"210276zmk","n":"1045 Atlantic Avenue","y":2021,"k":"unclassified","un":456.0,"upa":326.434,"ac":1.4,"t":false},"geometry":{"type":"Polygon","coordinates":[[[-73.95737,40.67965],[-73.95719,40.68012],[-73.95602,40.67987],[-73.95619,40.6794],[-73.95737,40.67965]]]}},{"type":"Feature","properties":{"u":"020420zmr","n":"SIBP REZONING/NORTHEAST MID-ISLAND","y":2003,"k":"density lowered","un":450.0,"upa":0.379,"ac":1188.37,"t":true},"geometry":{"type":"MultiPolygon","coordinates":[[[[-74.09773,40.58196],[-74.09541,40.58381],[-74.09478,40.58348],[-74.09345,40.58458],[-74.09317,40.58452],[-74.09247,40.58508],[-74.09207,40.58556],[-74.09229,40.58567],[-74.09112,40.58692],[-74.09094,40.58681],[-74.08824,40.58973],[-74.08845,40.58983],[-74.08735,40.59104],[-74.08746,40.59111],[-74.08546,40.59592],[-74.08411,40.59568],[-74.08361,40.59522],[-74.085,40.59173],[-74.08275,40.59069],[-74.08149,40.59184],[-74.08265,40.59335],[-74.0796,40.59434],[-74.07825,40.59439],[-74.07743,40.59463],[-74.07877,40.59672],[-74.08047,40.59612],[-74.08168,40.59812],[-74.08042,40.59815],[-74.08025,40.59799],[-74.07977,40.59812],[-74.07965,40.59788],[-74.07836,40.598],[-74.07875,40.59858],[-74.07787,40.59857],[-74.07692,40.59843],[-74.07494,40.59773],[-74.07363,40.59776],[-74.07349,40.59742],[-74.0717,40.59798],[-74.07095,40.59757],[-74.06701,40.59876],[-74.06731,40.59947],[-74.06268,40.60105],[-74.06155,40.59942],[-74.06342,40.59884],[-74.06159,40.59659],[-74.0617,40.59611],[-74.0627,40.595],[-74.06279,40.5936],[-74.06174,40.59438],[-74.06142,40.59409],[-74.06609,40.59036],[-74.06727,40.59174],[-74.06648,40.59283],[-74.06659,40.59296],[-74.06803,40.59227],[-74.06834,40.59267],[-74.06868,40.59266],[-74.06874,40.59202],[-74.06837,40.59155],[-74.06913,40.59113],[-74.06849,40.59031],[-74.0696,40.58915],[-74.06824,40.58826],[-74.0707,40.58532],[-74.07236,40.58402],[-74.07721,40.57931],[-74.07998,40.58072],[-74.08137,40.57905],[-74.07882,40.57784],[-74.08143,40.57623],[-74.08225,40.57585],[-74.08343,40.57682],[-74.08553,40.5755],[-74.09134,40.57866],[-74.09159,40.57835],[-74.09539,40.58032],[-74.09594,40.58085],[-74.09773,40.58196]]],[[[-74.10173,40.58841],[-74.1003,40.58997],[-74.10032,40.59124],[-74.10048,40.59158],[-74.10032,40.59225],[-74.10101,40.59247],[-74.10058,40.5933],[-74.09985,40.59398],[-74.09698,40.59559],[-74.09373,40.59683],[-74.09131,40.59605],[-74.09182,40.59551],[-74.08961,40.59436],[-74.09131,40.59253],[-74.09089,40.59232],[-74.08999,40.59305],[-74.08911,40.59259],[-74.0877,40.59582],[-74.08789,40.59583],[-74.08775,40.59616],[-74.08656,40.5961],[-74.08811,40.59205],[-74.08951,40.59005],[-74.09085,40.58854],[-74.09117,40.58871],[-74.09361,40.58603],[-74.09469,40.58523],[-74.09458,40.58517],[-74.0954,40.5844],[-74.09748,40.58554],[-74.09639,40.58626],[-74.09793,40.58706],[-74.09661,40.58809],[-74.09616,40.58786],[-74.09558,40.58834],[-74.09522,40.58816],[-74.09403,40.58904],[-74.09598,40.58999],[-74.09768,40.58874],[-74.09721,40.5884],[-74.09916,40.58712],[-74.10173,40.58841]]]]}},{"type":"Feature","properties":{"u":"080333zmm","n":"E125TH ST DEV","y":2008,"k":"unclassified","un":450.0,"upa":49.753,"ac":9.04,"t":true},"geometry":{"type":"Polygon","coordinates":[[[-73.93596,40.80351],[-73.93487,40.805],[-73.93266,40.80407],[-73.93357,40.80276],[-73.93536,40.80352],[-73.93553,40.80328],[-73.93596,40.80351]]]}},{"type":"Feature","properties":{"u":"180216zmk","n":"80 Flatbush Avenue Rezoning","y":2018,"k":"more housing allowed","un":441.0,"upa":167.001,"ac":2.64,"t":false},"geometry":{"type":"Polygon","coordinates":[[[-73.9798,40.68666],[-73.97921,40.68647],[-73.97829,40.68521],[-73.98026,40.68598],[-73.9798,40.68666]]]}},{"type":"Feature","properties":{"u":"980067zmk","n":"VINEGAR HILL REZONING","y":1998,"k":"unclassified","un":439.0,"upa":11.87,"ac":36.98,"t":true},"geometry":{"type":"Polygon","coordinates":[[[-73.98511,40.7011],[-73.98497,40.70395],[-73.97949,40.70381],[-73.97927,40.702],[-73.98021,40.70092],[-73.98511,40.7011]]]}},{"type":"Feature","properties":{"u":"090444zmk","n":"NAVY GREEN","y":2009,"k":"unclassified","un":433.0,"upa":122.835,"ac":3.53,"t":true},"geometry":{"type":"Polygon","coordinates":[[[-73.97149,40.69633],[-73.97179,40.69789],[-73.97076,40.69785],[-73.97049,40.69644],[-73.97149,40.69633]]]}},{"type":"Feature","properties":{"u":"850531zmr","n":"STAPLETON, CLIFTON, FOX HILLS & ROS","y":1985,"k":"unclassified","un":433.0,"upa":0.71,"ac":609.6,"t":true},"geometry":{"type":"MultiPolygon","coordinates":[[[[-74.09091,40.60894],[-74.09027,40.60958],[-74.08988,40.60943],[-74.08848,40.61581],[-74.0866,40.622],[-74.07831,40.6266],[-74.07485,40.62621],[-74.07177,40.62211],[-74.07138,40.6213],[-74.07125,40.6205],[-74.08186,40.60603],[-74.08617,40.60673],[-74.08915,40.60798],[-74.09091,40.60894]]],[[[-74.06729,40.61501],[-74.06553,40.6158],[-74.06215,40.61692],[-74.05966,40.61365],[-74.06263,40.61153],[-74.06422,40.61081],[-74.06729,40.61501]]]]}},{"type":"Feature","properties":{"u":"190325zmq","n":"Peninsula Redevelopment","y":2019,"k":"more housing allowed","un":431.0,"upa":36.896,"ac":11.68,"t":false},"geometry":{"type":"Polygon","coordinates":[[[-73.78361,40.59514],[-73.78199,40.59526],[-73.78188,40.59401],[-73.7808,40.59408],[-73.78072,40.5932],[-73.78181,40.5931],[-73.78175,40.5925],[-73.78241,40.59243],[-73.78249,40.59301],[-73.78338,40.59272],[-73.78361,40.59514]]]}},{"type":"Feature","properties":{"u":"050393zmk","n":"OCEAN DREAMS","y":2005,"k":"unclassified","un":425.0,"upa":65.292,"ac":6.51,"t":true},"geometry":{"type":"Polygon","coordinates":[[[-74.00269,40.5734],[-74.00025,40.57297],[-73.9999,40.57179],[-74.00256,40.57238],[-74.00269,40.5734]]]}},{"type":"Feature","properties":{"u":"110058zmk","n":"OCEAN DREAMS","y":2011,"k":"unclassified","un":425.0,"upa":96.733,"ac":4.39,"t":false},"geometry":{"type":"Polygon","coordinates":[[[-74.00213,40.57325],[-74.00031,40.57294],[-74.00009,40.57182],[-74.00193,40.57222],[-74.00213,40.57325]]]}},{"type":"Feature","properties":{"u":"080339zmk","n":"ROSE PLAZA ON THE RIVER","y":2010,"k":"unclassified","un":424.0,"upa":73.447,"ac":5.77,"t":false},"geometry":{"type":"Polygon","coordinates":[[[-73.97038,40.70876],[-73.96846,40.70853],[-73.9684,40.70683],[-73.96965,40.70718],[-73.97038,40.70876]]]}},{"type":"Feature","properties":{"u":"970752zmx","n":"PORT MORRIS ANTIQUE ROW DIST","y":1997,"k":"unclassified","un":420.0,"upa":12.965,"ac":32.4,"t":true},"geometry":{"type":"Polygon","coordinates":[[[-73.93104,40.8084],[-73.92932,40.80971],[-73.92144,40.8054],[-73.92218,40.80457],[-73.93104,40.8084]]]}},{"type":"Feature","properties":{"u":"070396zmk","n":"354 CLARKSON AVE","y":2009,"k":"unclassified","un":420.0,"upa":126.02,"ac":3.33,"t":true},"geometry":{"type":"Polygon","coordinates":[[[-73.94971,40.65545],[-73.94764,40.65558],[-73.94756,40.65489],[-73.94963,40.65476],[-73.94971,40.65545]]]}},{"type":"Feature","properties":{"u":"040331zmm","n":"LADIES MILE REZONING","y":2004,"k":"density lowered","un":419.0,"upa":17.393,"ac":24.09,"t":true},"geometry":{"type":"Polygon","coordinates":[[[-73.99522,40.73885],[-73.99282,40.74213],[-73.99038,40.74111],[-73.99273,40.73781],[-73.99522,40.73885]]]}},{"type":"Feature","properties":{"u":"170416zmk","n":"Bedford-Union Armory","y":2017,"k":"more housing allowed","un":415.0,"upa":107.255,"ac":3.87,"t":false},"geometry":{"type":"Polygon","coordinates":[[[-73.95383,40.66914],[-73.95391,40.66826],[-73.95591,40.66837],[-73.95559,40.66924],[-73.95383,40.66914]]]}},{"type":"Feature","properties":{"u":"000122zmr","n":"WOODROW REZONING","y":2000,"k":"unclassified","un":406.0,"upa":0.53,"ac":765.92,"t":true},"geometry":{"type":"Polygon","coordinates":[[[-74.2093,40.53907],[-74.21219,40.53867],[-74.21231,40.53881],[-74.21476,40.53886],[-74.21798,40.53854],[-74.2179,40.54105],[-74.21923,40.54441],[-74.2162,40.54515],[-74.21344,40.54548],[-74.21322,40.54492],[-74.20964,40.54538],[-74.21006,40.54652],[-74.20773,40.54703],[-74.20817,40.54814],[-74.2104,40.54756],[-74.21154,40.55048],[-74.20993,40.55077],[-74.21062,40.55234],[-74.212,40.55196],[-74.21331,40.5548],[-74.20956,40.55622],[-74.20489,40.55738],[-74.20312,40.55622],[-74.20002,40.54894],[-74.19332,40.53476],[-74.20682,40.53089],[-74.20879,40.53787],[-74.2093,40.53907]],[[-74.20589,40.54099],[-74.20419,40.53747],[-74.20124,40.53829],[-74.20227,40.54041],[-74.20365,40.54006],[-74.2042,40.54145],[-74.20589,40.54099]]]}},{"type":"Feature","properties":{"u":"090397zmx","n":"WEBSTER AVENUE RESIDENTIAL DEV","y":2010,"k":"unclassified","un":404.0,"upa":70.964,"ac":5.69,"t":false},"geometry":{"type":"Polygon","coordinates":[[[-73.8707,40.88079],[-73.8701,40.88217],[-73.86901,40.88369],[-73.86859,40.88352],[-73.86983,40.88057],[-73.8707,40.88079]]]}},{"type":"Feature","properties":{"u":"020087zmq","n":"VERNON BLVD REZONING","y":2006,"k":"unclassified","un":404.0,"upa":34.411,"ac":11.74,"t":true},"geometry":{"type":"Polygon","coordinates":[[[-73.94377,40.76434],[-73.9422,40.76621],[-73.94039,40.76536],[-73.94146,40.76344],[-73.94377,40.76434]]]}},{"type":"Feature","properties":{"u":"100409zmq","n":"AUBURNDALE-OAKLAND gdn/HOLLIS HILLS","y":2010,"k":"density lowered","un":403.0,"upa":0.254,"ac":1584.89,"t":false},"geometry":{"type":"MultiPolygon","coordinates":[[[[-73.7636,40.73921],[-73.75733,40.74111],[-73.75581,40.73784],[-73.74931,40.73894],[-73.74994,40.73978],[-73.74399,40.74081],[-73.74361,40.73883],[-73.74837,40.73801],[-73.74715,40.73656],[-73.74663,40.73665],[-73.74645,40.73622],[-73.7459,40.73635],[-73.74572,40.73596],[-73.74269,40.7366],[-73.74318,40.7359],[-73.74575,40.73417],[-73.7465,40.73336],[-73.74938,40.7313],[-73.75277,40.72934],[-73.75321,40.72823],[-73.75408,40.72787],[-73.75703,40.72788],[-73.75836,40.72806],[-73.75931,40.72848],[-73.7637,40.73286],[-73.76519,40.73466],[-73.76278,40.73534],[-73.76243,40.73624],[-73.7625,40.73681],[-73.7636,40.73921]]],[[[-73.75677,40.75382],[-73.75464,40.75447],[-73.75391,40.75373],[-73.75302,40.75411],[-73.75255,40.75364],[-73.74815,40.75488],[-73.74707,40.75223],[-73.74571,40.7516],[-73.7441,40.74821],[-73.7498,40.74662],[-73.75174,40.75051],[-73.75682,40.74933],[-73.75785,40.75077],[-73.75531,40.75151],[-73.75607,40.75241],[-73.75677,40.75382]]],[[[-73.75398,40.74352],[-73.74593,40.74573],[-73.74479,40.74332],[-73.7459,40.74301],[-73.74798,40.74336],[-73.7488,40.74331],[-73.75348,40.74241],[-73.75398,40.74352]]],[[[-73.7667,40.74579],[-73.76083,40.74744],[-73.76035,40.74641],[-73.75902,40.74676],[-73.75891,40.74648],[-73.758,40.74675],[-73.75721,40.74501],[-73.75991,40.74431],[-73.75892,40.74215],[-73.76433,40.74068],[-73.7667,40.74579]]],[[[-73.81334,40.75419],[-73.81236,40.75217],[-73.81354,40.75162],[-73.81525,40.75315],[-73.81354,40.75423],[-73.81334,40.75419]]],[[[-73.81236,40.75216],[-73.81233,40.75218],[-73.81232,40.75216],[-73.81236,40.75216]]],[[[-73.81232,40.75216],[-73.81076,40.7521],[-73.81097,40.75068],[-73.80291,40.75001],[-73.80298,40.75053],[-73.79905,40.75014],[-73.79729,40.74946],[-73.79471,40.75072],[-73.7946,40.75356],[-73.79803,40.75391],[-73.80159,40.75374],[-73.80121,40.75656],[-73.80073,40.75653],[-73.80036,40.75925],[-73.79855,40.75871],[-73.7986,40.75831],[-73.79674,40.75816],[-73.79676,40.75791],[-73.79585,40.75779],[-73.79489,40.75742],[-73.78799,40.75751],[-73.78787,40.75616],[-73.78643,40.75625],[-73.78647,40.75663],[-73.78553,40.75668],[-73.78559,40.75717],[-73.784,40.75752],[-73.78383,40.75716],[-73.78317,40.7573],[-73.7821,40.7553],[-73.78048,40.75334],[-73.7833,40.75288],[-73.78298,40.75214],[-73.78337,40.75207],[-73.78292,40.7511],[-73.78338,40.75096],[-73.78322,40.75054],[-73.7813,40.75108],[-73.78137,40.75061],[-73.78101,40.75071],[-73.7812,40.75157],[-73.78013,40.75248],[-73.77938,40.75354],[-73.77627,40.75316],[-73.77491,40.75343],[-73.77334,40.75409],[-73.77164,40.75059],[-73.77196,40.75052],[-73.77119,40.74891],[-73.77035,40.74918],[-73.76961,40.74758],[-73.77006,40.74743],[-73.76919,40.74565],[-73.77017,40.74536],[-73.77168,40.74874],[-73.77385,40.74818],[-73.77257,40.74534],[-73.7727,40.74492],[-73.77318,40.74448],[-73.77338,40.74485],[-73.77607,40.74424],[-73.77652,40.74507],[-73.77733,40.74488],[-73.77814,40.74515],[-73.77743,40.74372],[-73.77883,40.7434],[-73.7788,40.74317],[-73.77997,40.74301],[-73.79288,40.73948],[-73.79281,40.74121],[-73.79022,40.74074],[-73.79115,40.74264],[-73.79203,40.74239],[-73.79232,40.74311],[-73.79264,40.74303],[-73.79264,40.74276],[-73.7941,40.74289],[-73.7942,40.74146],[-73.79692,40.74193],[-73.79572,40.74297],[-73.79455,40.74434],[-73.79445,40.74526],[-73.79461,40.74669],[-73.79791,40.74682],[-73.79801,40.74696],[-73.80333,40.74643],[-73.80271,40.74816],[-73.8029,40.74975],[-73.80752,40.75013],[-73.80978,40.74879],[-73.81034,40.74935],[-73.81227,40.74821],[-73.81194,40.74794],[-73.81262,40.74748],[-73.81437,40.7492],[-73.81229,40.75051],[-73.81264,40.75081],[-73.8119,40.75126],[-73.81232,40.75216]]],[[[-73.78715,40.76128],[-73.78712,40.76103],[-73.7861,40.76112],[-73.78588,40.75976],[-73.78446,40.75989],[-73.78386,40.75857],[-73.78455,40.75852],[-73.78453,40.75831],[-73.7857,40.75842],[-73.78585,40.75933],[-73.78779,40.75921],[-73.78763,40.75827],[-73.78945,40.75826],[-73.78948,40.75849],[-73.79038,40.75846],[-73.79036,40.75825],[-73.79501,40.75817],[-73.79708,40.75892],[-73.79711,40.7586],[-73.79941,40.75944],[-73.79934,40.7598],[-73.80113,40.76058],[-73.801,40.76146],[-73.79821,40.76121],[-73.79825,40.76095],[-73.79512,40.76065],[-73.79502,40.75905],[-73.79411,40.75908],[-73.79425,40.76071],[-73.78897,40.76113],[-73.78901,40.76144],[-73.78523,40.76176],[-73.78517,40.76146],[-73.78715,40.76128]]]]}},{"type":"Feature","properties":{"u":"160336zmm","n":"Lexington Gardens II","y":2016,"k":"more housing allowed","un":400.0,"upa":129.357,"ac":3.09,"t":false},"geometry":{"type":"Polygon","coordinates":[[[-73.94695,40.79424],[-73.94533,40.79356],[-73.94579,40.79293],[-73.9474,40.7936],[-73.94695,40.79424]]]}},{"type":"Feature","properties":{"u":"130116zmk","n":"DOWNTOWN BKLYN DEVELOPMENT","y":2013,"k":"unclassified","un":379.0,"upa":128.545,"ac":2.95,"t":false},"geometry":{"type":"Polygon","coordinates":[[[-73.97936,40.68669],[-73.97821,40.68683],[-73.9779,40.68509],[-73.97817,40.68506],[-73.97936,40.68669]]]}},{"type":"Feature","properties":{"u":"970411zmq","n":"EDGEMERE URA","y":1997,"k":"unclassified","un":376.0,"upa":21.023,"ac":17.89,"t":true},"geometry":{"type":"MultiPolygon","coordinates":[[[[-73.77449,40.59314],[-73.778,40.59278],[-73.77811,40.59356],[-73.77642,40.59449],[-73.77533,40.59455],[-73.77461,40.59427],[-73.77449,40.59314]]],[[[-73.77053,40.59547],[-73.77226,40.59529],[-73.77237,40.59594],[-73.77093,40.59668],[-73.76985,40.59674],[-73.76974,40.5961],[-73.77053,40.59547]]],[[[-73.76762,40.596],[-73.76851,40.59551],[-73.76871,40.59622],[-73.76763,40.59632],[-73.76762,40.596]]]]}},{"type":"Feature","properties":{"u":"200092zmk","n":"312 Coney Island Ave-Caton Place","y":2020,"k":"more housing allowed","un":375.0,"upa":172.694,"ac":2.17,"t":false},"geometry":{"type":"Polygon","coordinates":[[[-73.97276,40.65082],[-73.97204,40.65056],[-73.97189,40.65007],[-73.97279,40.64971],[-73.97339,40.65058],[-73.97276,40.65082]]]}},{"type":"Feature","properties":{"u":"030022zmr","n":"SIBP REZONING/CENTRAL MID-ISLAND","y":2003,"k":"density lowered","un":370.0,"upa":0.236,"ac":1565.89,"t":true},"geometry":{"type":"MultiPolygon","coordinates":[[[[-74.17088,40.60501],[-74.16994,40.60543],[-74.17071,40.60628],[-74.17083,40.60682],[-74.16891,40.61473],[-74.16773,40.61455],[-74.16767,40.61486],[-74.16613,40.61468],[-74.1661,40.61505],[-74.16551,40.61497],[-74.16524,40.61617],[-74.16651,40.61636],[-74.16562,40.61993],[-74.16181,40.61811],[-74.15827,40.61589],[-74.15715,40.61498],[-74.15764,40.61406],[-74.15902,40.61233],[-74.16045,40.60941],[-74.16202,40.60819],[-74.16224,40.60757],[-74.16217,40.6073],[-74.15819,40.60799],[-74.15807,40.60744],[-74.15979,40.60391],[-74.16139,40.60426],[-74.16222,40.60135],[-74.1619,40.60012],[-74.16289,40.60004],[-74.16298,40.60028],[-74.16387,40.60016],[-74.1633,40.5951],[-74.16168,40.59497],[-74.16172,40.59467],[-74.16043,40.59461],[-74.15937,40.594],[-74.16021,40.59268],[-74.15976,40.59236],[-74.15818,40.59402],[-74.15915,40.59456],[-74.15878,40.59635],[-74.15497,40.59554],[-74.1563,40.59327],[-74.14827,40.58858],[-74.14561,40.58866],[-74.14596,40.58608],[-74.15021,40.58246],[-74.15233,40.58027],[-74.15918,40.58403],[-74.15772,40.58548],[-74.1582,40.58576],[-74.15959,40.58434],[-74.16348,40.58653],[-74.16202,40.58793],[-74.16397,40.58902],[-74.16364,40.58932],[-74.1649,40.59007],[-74.16184,40.59268],[-74.16259,40.59309],[-74.1664,40.59344],[-74.16895,40.59455],[-74.16752,40.60181],[-74.16919,40.60201],[-74.16905,40.60284],[-74.17088,40.60501]]],[[[-74.14664,40.605],[-74.14824,40.60601],[-74.15011,40.60632],[-74.14926,40.6092],[-74.14766,40.60844],[-74.14609,40.60799],[-74.14351,40.60774],[-74.12767,40.6085],[-74.12289,40.60948],[-74.12284,40.60777],[-74.12144,40.60783],[-74.12142,40.607],[-74.1208,40.60703],[-74.12077,40.60644],[-74.118,40.60674],[-74.11761,40.60244],[-74.12041,40.60237],[-74.1203,40.60029],[-74.12274,40.59868],[-74.12334,40.59887],[-74.12466,40.59806],[-74.12558,40.59796],[-74.12982,40.59852],[-74.13058,40.59842],[-74.13219,40.59753],[-74.13357,40.59631],[-74.13379,40.59591],[-74.1373,40.59743],[-74.13732,40.59727],[-74.13854,40.59674],[-74.1409,40.59394],[-74.14175,40.5932],[-74.14378,40.59417],[-74.14031,40.59852],[-74.14077,40.6027],[-74.14297,40.60336],[-74.14664,40.605]]],[[[-74.19095,40.59469],[-74.18743,40.59729],[-74.18492,40.59526],[-74.18307,40.59654],[-74.18185,40.59557],[-74.18385,40.59422],[-74.1841,40.59442],[-74.18545,40.59342],[-74.18648,40.59403],[-74.18677,40.59388],[-74.18558,40.59326],[-74.18608,40.59272],[-74.1847,40.59195],[-74.18626,40.58923],[-74.18753,40.58989],[-74.18655,40.59105],[-74.18769,40.59003],[-74.18835,40.59036],[-74.18847,40.59021],[-74.18656,40.58913],[-74.187,40.58815],[-74.18842,40.58906],[-74.18956,40.58798],[-74.19376,40.59057],[-74.1937,40.59127],[-74.19296,40.59371],[-74.1909,40.59317],[-74.19079,40.59339],[-74.19036,40.59317],[-74.18934,40.59377],[-74.19095,40.59469]]],[[[-74.15017,40.58248],[-74.15016,40.5825],[-74.15012,40.58253],[-74.15017,40.58248]]]]}},{"type":"Feature","properties":{"u":"090441zmk","n":"470 VANDERBILT AVE","y":2009,"k":"unclassified","un":363.0,"upa":73.645,"ac":4.93,"t":true},"geometry":{"type":"Polygon","coordinates":[[[-73.96906,40.68417],[-73.96796,40.68373],[-73.96755,40.68178],[-73.96868,40.68202],[-73.96906,40.68417]]]}},{"type":"Feature","properties":{"u":"140079zmq","n":"OZONE PARK REZONING","y":2013,"k":"density lowered","un":362.0,"upa":0.238,"ac":1518.28,"t":false},"geometry":{"type":"MultiPolygon","coordinates":[[[[-73.81063,40.692],[-73.81033,40.69204],[-73.80961,40.69092],[-73.81291,40.68984],[-73.81169,40.68768],[-73.81973,40.68539],[-73.81695,40.67976],[-73.82042,40.67889],[-73.82118,40.68044],[-73.82045,40.68076],[-73.82072,40.68133],[-73.82028,40.68145],[-73.82069,40.68228],[-73.82025,40.6824],[-73.82062,40.68318],[-73.82151,40.68293],[-73.8213,40.68251],[-73.82267,40.68212],[-73.82176,40.68028],[-73.82144,40.68037],[-73.82068,40.67882],[-73.821,40.67873],[-73.82091,40.67853],[-73.82059,40.67862],[-73.81983,40.67707],[-73.82015,40.67698],[-73.82027,40.67724],[-73.82076,40.6771],[-73.82063,40.67684],[-73.82129,40.67665],[-73.82142,40.67691],[-73.82455,40.67738],[-73.82465,40.67758],[-73.82547,40.67734],[-73.8257,40.67756],[-73.82562,40.67742],[-73.82582,40.67736],[-73.8264,40.67745],[-73.82676,40.67774],[-73.82664,40.67749],[-73.8275,40.67762],[-73.82763,40.67787],[-73.82909,40.67822],[-73.82922,40.67824],[-73.82904,40.67788],[-73.82989,40.67804],[-73.83022,40.67846],[-73.83143,40.67867],[-73.83127,40.67835],[-73.83214,40.67854],[-73.83263,40.6793],[-73.83333,40.67909],[-73.83589,40.67977],[-73.8368,40.68164],[-73.83892,40.681],[-73.8391,40.68136],[-73.84013,40.68115],[-73.84072,40.68236],[-73.84014,40.68253],[-73.84063,40.68352],[-73.84022,40.68364],[-73.84039,40.68399],[-73.81834,40.69023],[-73.81819,40.6899],[-73.81354,40.69122],[-73.81372,40.69158],[-73.81082,40.69234],[-73.81063,40.692]]],[[[-73.82576,40.68948],[-73.8262,40.68935],[-73.82627,40.68948],[-73.84102,40.68529],[-73.84096,40.68516],[-73.84138,40.68504],[-73.84144,40.68517],[-73.8436,40.68455],[-73.84279,40.68291],[-73.84152,40.68327],[-73.84136,40.68292],[-73.84306,40.68243],[-73.84294,40.68218],[-73.84337,40.68205],[-73.84289,40.68107],[-73.84201,40.68131],[-73.84215,40.68159],[-73.84181,40.68168],[-73.84096,40.68018],[-73.83997,40.68003],[-73.83974,40.67958],[-73.84068,40.67959],[-73.83916,40.67645],[-73.83796,40.67679],[-73.83274,40.66585],[-73.84023,40.66806],[-73.83982,40.66998],[-73.84113,40.67026],[-73.8412,40.66994],[-73.8427,40.67022],[-73.84281,40.67062],[-73.84594,40.67019],[-73.84787,40.67079],[-73.848,40.67238],[-73.8478,40.67389],[-73.84762,40.67382],[-73.84719,40.67444],[-73.84777,40.67468],[-73.84731,40.67474],[-73.84662,40.67576],[-73.84687,40.67594],[-73.84779,40.67581],[-73.84768,40.67541],[-73.84746,40.67532],[-73.84858,40.67516],[-73.84844,40.67458],[-73.84941,40.67448],[-73.84932,40.67406],[-73.84981,40.67399],[-73.84954,40.6729],[-73.85011,40.67282],[-73.85002,40.67245],[-73.85069,40.67228],[-73.85157,40.67254],[-73.85286,40.67236],[-73.85306,40.67325],[-73.8538,40.67348],[-73.85385,40.67369],[-73.8552,40.6735],[-73.85544,40.67448],[-73.85647,40.67458],[-73.85649,40.67339],[-73.85825,40.67414],[-73.86132,40.67503],[-73.86235,40.67917],[-73.86329,40.67912],[-73.8641,40.68238],[-73.86603,40.68193],[-73.86702,40.68684],[-73.8655,40.68598],[-73.86137,40.68492],[-73.86141,40.68507],[-73.8601,40.68531],[-73.86002,40.68497],[-73.85569,40.68622],[-73.85561,40.68606],[-73.854,40.68652],[-73.85387,40.68626],[-73.85549,40.68581],[-73.85506,40.68495],[-73.85591,40.68471],[-73.85534,40.68354],[-73.85449,40.68378],[-73.85478,40.68436],[-73.85224,40.68509],[-73.85237,40.68534],[-73.85159,40.68571],[-73.85169,40.68592],[-73.85039,40.68629],[-73.85,40.68631],[-73.84988,40.68605],[-73.85022,40.68595],[-73.84993,40.68537],[-73.85038,40.68524],[-73.85009,40.68467],[-73.84921,40.68492],[-73.84982,40.68636],[-73.84913,40.68656],[-73.849,40.6863],[-73.8488,40.68635],[-73.84893,40.68661],[-73.84863,40.68679],[-73.84646,40.6874],[-73.8471,40.68865],[-73.84657,40.6888],[-73.84624,40.6881],[-73.84528,40.68857],[-73.84493,40.68784],[-73.84475,40.68788],[-73.84353,40.68539],[-73.81554,40.69333],[-73.81519,40.69262],[-73.82582,40.68961],[-73.82576,40.68948]]],[[[-73.81842,40.6764],[-73.81828,40.67612],[-73.81912,40.67626],[-73.81946,40.67695],[-73.81912,40.67705],[-73.81884,40.6765],[-73.81842,40.6764]]],[[[-73.8248,40.67663],[-73.82461,40.67689],[-73.8239,40.67677],[-73.82398,40.67651],[-73.82378,40.67647],[-73.8237,40.67674],[-73.82299,40.67662],[-73.82307,40.67635],[-73.82286,40.67632],[-73.82278,40.67659],[-73.82207,40.67647],[-73.82215,40.6762],[-73.82195,40.67617],[-73.82187,40.67644],[-73.82115,40.67632],[-73.82123,40.67605],[-73.82103,40.67602],[-73.82094,40.67628],[-73.82024,40.67617],[-73.82032,40.6759],[-73.82012,40.67587],[-73.82003,40.67614],[-73.81932,40.67602],[-73.81952,40.67538],[-73.81924,40.67533],[-73.81905,40.67597],[-73.81833,40.67586],[-73.81842,40.67558],[-73.81877,40.67565],[-73.82024,40.67087],[-73.82054,40.67049],[-73.82137,40.67064],[-73.82194,40.66882],[-73.82095,40.66865],[-73.8218,40.66591],[-73.82215,40.66596],[-73.82236,40.66527],[-73.82202,40.66524],[-73.82225,40.66451],[-73.82842,40.66499],[-73.82809,40.66565],[-73.8245,40.66539],[-73.82461,40.66516],[-73.82439,40.66538],[-73.82279,40.66527],[-73.82258,40.66596],[-73.82811,40.666],[-73.82626,40.67192],[-73.82673,40.67201],[-73.82526,40.67671],[-73.8259,40.67683],[-73.82582,40.67708],[-73.82482,40.67692],[-73.8248,40.67663]]],[[[-73.81922,40.67725],[-73.81956,40.67715],[-73.82032,40.6787],[-73.81998,40.67879],[-73.81922,40.67725]]],[[[-73.81967,40.67677],[-73.81945,40.67631],[-73.82024,40.67644],[-73.82036,40.67669],[-73.81967,40.67677]]],[[[-73.82094,40.68074],[-73.82128,40.68064],[-73.8214,40.6809],[-73.82106,40.68099],[-73.82094,40.68074]]],[[[-73.8247,40.67746],[-73.82455,40.67715],[-73.82519,40.67731],[-73.8247,40.67746]]],[[[-73.83616,40.679],[-73.83433,40.67848],[-73.83418,40.67873],[-73.83315,40.67848],[-73.83323,40.67822],[-73.83303,40.67818],[-73.83295,40.67844],[-73.83225,40.67829],[-73.83233,40.67802],[-73.83213,40.67798],[-73.83204,40.67824],[-73.83125,40.67807],[-73.83187,40.6761],[-73.83234,40.6761],[-73.83245,40.67575],[-73.83491,40.67634],[-73.83501,40.6761],[-73.83564,40.67625],[-73.83503,40.67737],[-73.83549,40.67752],[-73.83616,40.679]]],[[[-73.83268,40.67917],[-73.8324,40.6786],[-73.83326,40.67879],[-73.83335,40.67897],[-73.83268,40.67917]]],[[[-73.86349,40.68586],[-73.86342,40.68555],[-73.8642,40.68574],[-73.86427,40.68605],[-73.86349,40.68586]]],[[[-73.86447,40.68612],[-73.86439,40.6858],[-73.86491,40.68593],[-73.86447,40.68612]]]]}},{"type":"Feature","properties":{"u":"070472zmq","n":"ST ALBANS-HOLLIS REZONING","y":2007,"k":"density lowered","un":357.0,"upa":0.373,"ac":958.21,"t":true},"geometry":{"type":"MultiPolygon","coordinates":[[[[-73.75411,40.713],[-73.75231,40.70878],[-73.75182,40.70878],[-73.74476,40.6931],[-73.74653,40.69095],[-73.74879,40.68753],[-73.74978,40.68786],[-73.75005,40.68837],[-73.75703,40.68533],[-73.75763,40.68621],[-73.76071,40.68513],[-73.76109,40.68638],[-73.76169,40.68626],[-73.76196,40.68697],[-73.76306,40.68676],[-73.76344,40.6876],[-73.76421,40.68739],[-73.76399,40.68672],[-73.76339,40.68593],[-73.76438,40.68564],[-73.76423,40.68522],[-73.76588,40.68489],[-73.76681,40.68397],[-73.76741,40.68427],[-73.76863,40.68322],[-73.76956,40.68373],[-73.76906,40.68431],[-73.76966,40.68461],[-73.76961,40.68506],[-73.7674,40.68753],[-73.76256,40.69073],[-73.76333,40.69136],[-73.76536,40.6917],[-73.76563,40.69207],[-73.76602,40.69216],[-73.76623,40.69254],[-73.76525,40.69245],[-73.76524,40.69287],[-73.76694,40.6945],[-73.76496,40.69562],[-73.76452,40.69554],[-73.76486,40.69416],[-73.76217,40.69374],[-73.76172,40.69516],[-73.76233,40.69524],[-73.76205,40.69587],[-73.76221,40.69666],[-73.76297,40.69677],[-73.76275,40.69737],[-73.76406,40.69764],[-73.76358,40.69791],[-73.76279,40.69881],[-73.76432,40.69955],[-73.76419,40.69982],[-73.76734,40.70268],[-73.76699,40.70318],[-73.76764,40.70355],[-73.76751,40.70382],[-73.76562,40.70451],[-73.76532,40.70375],[-73.76347,40.70474],[-73.76172,40.70117],[-73.75944,40.7018],[-73.75809,40.69912],[-73.7565,40.69958],[-73.75663,40.70005],[-73.75304,40.70098],[-73.75282,40.70048],[-73.75198,40.70068],[-73.75216,40.70098],[-73.75167,40.70111],[-73.75211,40.70218],[-73.75171,40.70228],[-73.75228,40.70362],[-73.75188,40.70375],[-73.75206,40.70429],[-73.75171,40.70432],[-73.75262,40.70663],[-73.75679,40.70563],[-73.7593,40.70587],[-73.75956,40.70641],[-73.76417,40.70702],[-73.76503,40.70762],[-73.76586,40.70859],[-73.7679,40.70969],[-73.76521,40.71031],[-73.76499,40.70989],[-73.76229,40.71059],[-73.76246,40.71089],[-73.76169,40.71109],[-73.76153,40.71076],[-73.76059,40.71101],[-73.7607,40.71134],[-73.75411,40.713]]],[[[-73.77123,40.69781],[-73.77541,40.69551],[-73.77664,40.69595],[-73.77779,40.69438],[-73.7784,40.69515],[-73.77884,40.69502],[-73.77853,40.69451],[-73.77968,40.69398],[-73.78012,40.69418],[-73.78055,40.69492],[-73.78038,40.69499],[-73.78094,40.69569],[-73.78174,40.69546],[-73.78217,40.69623],[-73.77347,40.70009],[-73.77123,40.69781]]],[[[-73.77035,40.69283],[-73.77004,40.69216],[-73.77101,40.69186],[-73.77118,40.69219],[-73.77461,40.69103],[-73.77374,40.68933],[-73.77449,40.68909],[-73.77436,40.68879],[-73.77572,40.68826],[-73.77546,40.68799],[-73.77572,40.68763],[-73.77498,40.68702],[-73.77546,40.68689],[-73.77669,40.68763],[-73.77909,40.69064],[-73.77949,40.69057],[-73.78014,40.69194],[-73.77746,40.69278],[-73.77737,40.69207],[-73.77289,40.6932],[-73.77035,40.69283]]]]}},{"type":"Feature","properties":{"u":"070079zmq","n":"JAMAICA COURTHOUSE REDEV","y":2007,"k":"unclassified","un":356.0,"upa":217.048,"ac":1.64,"t":true},"geometry":{"type":"Polygon","coordinates":[[[-73.80286,40.70439],[-73.80317,40.70501],[-73.80216,40.70528],[-73.80186,40.70466],[-73.80286,40.70439]]]}},{"type":"Feature","properties":{"u":"190124zmq","n":"44-01 Northern Boulevard","y":2019,"k":"more housing allowed","un":354.0,"upa":149.239,"ac":2.37,"t":false},"geometry":{"type":"Polygon","coordinates":[[[-73.91713,40.75449],[-73.91764,40.75386],[-73.91892,40.75364],[-73.91795,40.75487],[-73.91713,40.75449]]]}},{"type":"Feature","properties":{"u":"130076zmm","n":"CORNELL UNIVERSITY","y":2013,"k":"unclassified","un":352.0,"upa":10.459,"ac":33.66,"t":false},"geometry":{"type":"Polygon","coordinates":[[[-73.95583,40.75735],[-73.95303,40.75607],[-73.95703,40.75238],[-73.95948,40.75358],[-73.95583,40.75735]]]}},{"type":"Feature","properties":{"u":"870731zmk","n":"EAST NEW YORK II URA","y":1988,"k":"unclassified","un":352.0,"upa":3.046,"ac":115.57,"t":true},"geometry":{"type":"Polygon","coordinates":[[[-73.90493,40.67316],[-73.90437,40.67513],[-73.90312,40.67571],[-73.89958,40.67574],[-73.89669,40.672],[-73.8961,40.66981],[-73.89869,40.66883],[-73.90361,40.66802],[-73.90493,40.67316]]]}},{"type":"Feature","properties":{"u":"920585zmx","n":"WAKEFIELD REZONING","y":1995,"k":"unclassified","un":352.0,"upa":3.24,"ac":108.66,"t":true},"geometry":{"type":"MultiPolygon","coordinates":[[[[-73.85295,40.89993],[-73.85469,40.89878],[-73.85751,40.89985],[-73.85714,40.90179],[-73.8566,40.9028],[-73.85357,40.90628],[-73.85032,40.90785],[-73.84863,40.90704],[-73.84815,40.90624],[-73.84908,40.90394],[-73.84967,40.90308],[-73.85295,40.89993]]],[[[-73.84974,40.89991],[-73.8506,40.89887],[-73.85185,40.89941],[-73.85117,40.90021],[-73.84974,40.89991]]]]}},{"type":"Feature","properties":{"u":"060084zmx","n":"OLINVILLE AREA REZO & TEXT AMEND","y":2005,"k":"density lowered","un":352.0,"upa":2.555,"ac":137.76,"t":true},"geometry":{"type":"Polygon","coordinates":[[[-73.86531,40.88104],[-73.86593,40.87953],[-73.86643,40.87959],[-73.86691,40.8786],[-73.86704,40.87519],[-73.86594,40.87506],[-73.8661,40.87422],[-73.86655,40.87427],[-73.86661,40.87323],[-73.8663,40.87322],[-73.86577,40.87276],[-73.86528,40.87331],[-73.86497,40.87493],[-73.86269,40.87466],[-73.86286,40.87385],[-73.86131,40.87368],[-73.86131,40.87336],[-73.85936,40.87347],[-73.85934,40.87428],[-73.86108,40.87448],[-73.86072,40.87512],[-73.85654,40.87379],[-73.85654,40.87336],[-73.85748,40.87344],[-73.85754,40.87169],[-73.86136,40.87191],[-73.86199,40.87158],[-73.86426,40.87181],[-73.86442,40.87223],[-73.86556,40.87254],[-73.86772,40.8725],[-73.86773,40.87146],[-73.86826,40.87147],[-73.86825,40.87061],[-73.86777,40.87059],[-73.86774,40.86969],[-73.87054,40.86968],[-73.87027,40.87564],[-73.86808,40.87715],[-73.86799,40.87838],[-73.86885,40.87859],[-73.86605,40.8843],[-73.86542,40.88493],[-73.86324,40.88413],[-73.86462,40.88176],[-73.86531,40.88104]]]}},{"type":"Feature","properties":{"u":"030510zmq","n":"ARVERNE URA","y":2003,"k":"unclassified","un":350.0,"upa":2.172,"ac":161.11,"t":true},"geometry":{"type":"Polygon","coordinates":[[[-73.78197,40.59222],[-73.78599,40.59207],[-73.78605,40.59121],[-73.78866,40.59138],[-73.78866,40.59168],[-73.7908,40.59147],[-73.79043,40.58889],[-73.7914,40.5889],[-73.79148,40.58982],[-73.791,40.58985],[-73.7911,40.59063],[-73.79153,40.59057],[-73.79159,40.59129],[-73.79433,40.59062],[-73.79434,40.59033],[-73.79582,40.59002],[-73.79566,40.58781],[-73.79767,40.58744],[-73.79766,40.58797],[-73.79818,40.58791],[-73.79835,40.59001],[-73.79885,40.58939],[-73.79879,40.58794],[-73.80015,40.58779],[-73.79994,40.58827],[-73.80002,40.58948],[-73.80171,40.58902],[-73.80184,40.58998],[-73.80446,40.5899],[-73.80464,40.59032],[-73.79651,40.59116],[-73.79058,40.59238],[-73.78511,40.59236],[-73.78414,40.59253],[-73.78418,40.59238],[-73.77249,40.5935],[-73.77036,40.59434],[-73.77047,40.59462],[-73.7677,40.59609],[-73.76778,40.59642],[-73.76667,40.59641],[-73.76509,40.59586],[-73.76451,40.59594],[-73.76425,40.59454],[-73.76669,40.59426],[-73.76616,40.59203],[-73.7677,40.592],[-73.76746,40.59093],[-73.77523,40.59052],[-73.77535,40.59187],[-73.77559,40.59206],[-73.77775,40.59188],[-73.77779,40.59262],[-73.78197,40.59222]]]}},{"type":"Feature","properties":{"u":"040496zmm","n":"400 PARK AVE SO","y":2004,"k":"unclassified","un":350.0,"upa":93.052,"ac":3.76,"t":true},"geometry":{"type":"Polygon","coordinates":[[[-73.98587,40.7441],[-73.98405,40.74334],[-73.98455,40.74264],[-73.98635,40.74342],[-73.98587,40.7441]]]}},{"type":"Feature","properties":{"u":"090042zmr","n":"SANDY GROUND REZONING","y":2010,"k":"density lowered","un":348.0,"upa":1.268,"ac":274.5,"t":false},"geometry":{"type":"Polygon","coordinates":[[[-74.20805,40.53565],[-74.20962,40.53546],[-74.20976,40.5362],[-74.21172,40.536],[-74.2116,40.53525],[-74.21826,40.53458],[-74.21774,40.53779],[-74.22443,40.53717],[-74.22407,40.54085],[-74.22371,40.54239],[-74.22271,40.54466],[-74.22271,40.54507],[-74.22049,40.54868],[-74.21727,40.55205],[-74.21476,40.54586],[-74.20987,40.54645],[-74.21036,40.54775],[-74.20809,40.54815],[-74.20753,40.54697],[-74.20987,40.54646],[-74.20941,40.54533],[-74.2132,40.54484],[-74.21338,40.54534],[-74.21605,40.54501],[-74.21892,40.54434],[-74.21771,40.54116],[-74.21763,40.53857],[-74.21494,40.53887],[-74.21208,40.53894],[-74.21204,40.5388],[-74.20917,40.53912],[-74.20805,40.53565]]]}},{"type":"Feature","properties":{"u":"090104zmq","n":"SPECIAL FOREST HILLS DIST","y":2009,"k":"density lowered","un":347.0,"upa":9.265,"ac":37.45,"t":true},"geometry":{"type":"Polygon","coordinates":[[[-73.84052,40.71844],[-73.84077,40.71806],[-73.85207,40.72246],[-73.84803,40.72281],[-73.84729,40.72208],[-73.84462,40.72153],[-73.84093,40.7199],[-73.84157,40.71891],[-73.84052,40.71844]]]}},{"type":"Feature","properties":{"u":"020636zmr","n":"SIBP REZONING/SOUTHEAST MID-ISLAND","y":2003,"k":"density lowered","un":343.0,"upa":0.23,"ac":1493.27,"t":true},"geometry":{"type":"MultiPolygon","coordinates":[[[[-74.10548,40.57411],[-74.10187,40.57758],[-74.10216,40.5777],[-74.10138,40.57855],[-74.09773,40.58149],[-74.09561,40.5799],[-74.09148,40.57773],[-74.09109,40.57824],[-74.08572,40.57533],[-74.08548,40.57548],[-74.08453,40.57471],[-74.08863,40.57221],[-74.0897,40.57276],[-74.09088,40.57137],[-74.09314,40.5726],[-74.09375,40.57191],[-74.09304,40.57157],[-74.0933,40.57131],[-74.09209,40.57072],[-74.09436,40.56821],[-74.10548,40.57411]]],[[[-74.12048,40.55923],[-74.11877,40.56081],[-74.11939,40.56118],[-74.11786,40.5626],[-74.11585,40.56134],[-74.11438,40.56299],[-74.11228,40.56176],[-74.10667,40.56908],[-74.09715,40.56443],[-74.09791,40.56351],[-74.09898,40.56403],[-74.09995,40.56298],[-74.09897,40.56244],[-74.10022,40.56099],[-74.10241,40.56216],[-74.10286,40.56169],[-74.10065,40.56053],[-74.10149,40.55979],[-74.10358,40.56056],[-74.10479,40.56127],[-74.10615,40.55978],[-74.10528,40.55932],[-74.10738,40.55712],[-74.10542,40.55608],[-74.10762,40.55411],[-74.11064,40.5523],[-74.11027,40.55195],[-74.11196,40.5505],[-74.11418,40.54913],[-74.11508,40.54992],[-74.11489,40.55004],[-74.1155,40.55051],[-74.11772,40.55151],[-74.1187,40.55086],[-74.11959,40.55174],[-74.11887,40.55241],[-74.11932,40.55281],[-74.12376,40.55493],[-74.12742,40.55729],[-74.12496,40.55945],[-74.1237,40.55977],[-74.12209,40.55969],[-74.12178,40.55882],[-74.11968,40.55751],[-74.119,40.55829],[-74.12048,40.55923]]],[[[-74.11979,40.57608],[-74.11872,40.5767],[-74.11717,40.57849],[-74.11629,40.57797],[-74.11584,40.57795],[-74.11497,40.57831],[-74.11579,40.57868],[-74.11435,40.57995],[-74.11378,40.57966],[-74.11267,40.58055],[-74.11332,40.5809],[-74.11213,40.58151],[-74.11127,40.58102],[-74.1098,40.58166],[-74.11081,40.58224],[-74.1092,40.5829],[-74.10741,40.58426],[-74.10793,40.58454],[-74.10483,40.58721],[-74.10434,40.58688],[-74.104,40.58715],[-74.10149,40.58545],[-74.10167,40.58493],[-74.10221,40.58452],[-74.09824,40.58187],[-74.10249,40.57836],[-74.10278,40.57794],[-74.10298,40.57804],[-74.10568,40.57525],[-74.1051,40.5749],[-74.10581,40.57412],[-74.10632,40.57445],[-74.1085,40.57219],[-74.10865,40.57227],[-74.10904,40.57194],[-74.1089,40.57182],[-74.1099,40.57088],[-74.11352,40.57279],[-74.11328,40.57303],[-74.11556,40.57423],[-74.11593,40.57398],[-74.11979,40.57608]]],[[[-74.11034,40.57044],[-74.1182,40.56258],[-74.12324,40.56563],[-74.12534,40.56574],[-74.12057,40.57095],[-74.11846,40.57259],[-74.11795,40.57225],[-74.11644,40.57335],[-74.11455,40.57233],[-74.11436,40.57261],[-74.11034,40.57044]]],[[[-74.11759,40.57433],[-74.11933,40.57256],[-74.11954,40.5727],[-74.12079,40.5716],[-74.12119,40.57185],[-74.12329,40.56969],[-74.12333,40.56906],[-74.1238,40.5682],[-74.1265,40.56975],[-74.12425,40.57191],[-74.12578,40.57278],[-74.12805,40.57365],[-74.12788,40.57411],[-74.12812,40.57517],[-74.12553,40.57616],[-74.12313,40.57599],[-74.12203,40.57528],[-74.12048,40.57581],[-74.11759,40.57433]]]]}},{"type":"Feature","properties":{"u":"960516zmr","n":"TOTTENVILLE REZONING","y":1997,"k":"unclassified","un":337.0,"upa":0.407,"ac":827.59,"t":true},"geometry":{"type":"Polygon","coordinates":[[[-74.25271,40.50565],[-74.25241,40.50769],[-74.25043,40.51329],[-74.24975,40.51362],[-74.23253,40.51642],[-74.2264,40.49825],[-74.234,40.495],[-74.25271,40.50565]]]}},{"type":"Feature","properties":{"u":"070387zmk","n":"DYKER HEIGHTS/FT HAMILTON REZONING","y":2007,"k":"density lowered","un":336.0,"upa":0.493,"ac":681.97,"t":true},"geometry":{"type":"Polygon","coordinates":[[[-74.01401,40.63354],[-74.01254,40.63266],[-74.01318,40.63204],[-74.01,40.63014],[-74.00774,40.63164],[-74.00831,40.63198],[-74.00895,40.63146],[-74.01024,40.63224],[-74.00965,40.63279],[-74.00912,40.63247],[-74.00854,40.63304],[-74.00702,40.63212],[-74.00681,40.63226],[-73.99761,40.62673],[-73.99847,40.62604],[-73.99812,40.62582],[-74.01181,40.61269],[-74.02109,40.61834],[-74.02201,40.61622],[-74.02466,40.61521],[-74.02612,40.61228],[-74.02758,40.61299],[-74.02665,40.6148],[-74.0191,40.6241],[-74.01725,40.62803],[-74.01546,40.63338],[-74.01456,40.63289],[-74.01401,40.63354]]]}},{"type":"Feature","properties":{"u":"950443zmm","n":"EAST 14TH ST REZONING","y":1995,"k":"unclassified","un":333.0,"upa":6.545,"ac":50.88,"t":true},"geometry":{"type":"Polygon","coordinates":[[[-73.98963,40.73339],[-73.98845,40.73499],[-73.98199,40.7321],[-73.97751,40.7294],[-73.97819,40.72849],[-73.98963,40.73339]]]}},{"type":"Feature","properties":{"u":"060055zmq","n":"WHITESTONE","y":2005,"k":"density lowered","un":327.0,"upa":0.242,"ac":1351.34,"t":true},"geometry":{"type":"MultiPolygon","coordinates":[[[[-73.80467,40.78348],[-73.80663,40.78684],[-73.80856,40.78702],[-73.80821,40.78957],[-73.80895,40.78952],[-73.81125,40.7886],[-73.81199,40.79039],[-73.81154,40.79049],[-73.81258,40.79315],[-73.81354,40.79293],[-73.81313,40.79197],[-73.81494,40.79156],[-73.81479,40.79118],[-73.81816,40.79041],[-73.81762,40.78895],[-73.81621,40.78834],[-73.81424,40.78767],[-73.81035,40.78719],[-73.80995,40.78654],[-73.81093,40.7867],[-73.81252,40.78611],[-73.8118,40.78404],[-73.80871,40.7838],[-73.80735,40.78153],[-73.80606,40.78],[-73.8063,40.77867],[-73.80486,40.77856],[-73.80355,40.77808],[-73.80331,40.77978],[-73.8015,40.77964],[-73.80199,40.7804],[-73.80105,40.78104],[-73.80168,40.78109],[-73.80135,40.78139],[-73.79747,40.7811],[-73.79757,40.7804],[-73.79477,40.78017],[-73.79482,40.77983],[-73.79451,40.7798],[-73.79417,40.77703],[-73.79047,40.77735],[-73.78656,40.77862],[-73.78545,40.77599],[-73.79172,40.77431],[-73.79374,40.77344],[-73.79482,40.77326],[-73.79674,40.7743],[-73.79767,40.77519],[-73.79827,40.77524],[-73.7984,40.77454],[-73.81338,40.77572],[-73.81773,40.77647],[-73.81437,40.77717],[-73.81364,40.78238],[-73.81463,40.78248],[-73.81511,40.779],[-73.81737,40.77918],[-73.81755,40.7778],[-73.82161,40.77802],[-73.82176,40.77694],[-73.8244,40.7768],[-73.82594,40.77599],[-73.82912,40.7761],[-73.82644,40.78089],[-73.823,40.78061],[-73.82318,40.78018],[-73.82136,40.77984],[-73.82107,40.78176],[-73.82234,40.78177],[-73.82167,40.78284],[-73.82139,40.78384],[-73.82149,40.78464],[-73.82199,40.78588],[-73.82602,40.78485],[-73.8309,40.78463],[-73.83092,40.78421],[-73.83632,40.78423],[-73.83642,40.78637],[-73.83465,40.78629],[-73.8344,40.78774],[-73.83138,40.78829],[-73.83122,40.78751],[-73.82679,40.78801],[-73.82649,40.78673],[-73.82454,40.78681],[-73.8245,40.78757],[-73.82417,40.78786],[-73.82376,40.78948],[-73.82424,40.79151],[-73.8236,40.79165],[-73.82579,40.7953],[-73.82543,40.79538],[-73.82572,40.79583],[-73.82331,40.79641],[-73.82523,40.8002],[-73.82115,40.80139],[-73.81924,40.80127],[-73.81458,40.7993],[-73.8132,40.79889],[-73.8136,40.79679],[-73.81304,40.79648],[-73.81314,40.79592],[-73.81363,40.79534],[-73.81012,40.79508],[-73.80992,40.79359],[-73.80719,40.79338],[-73.80711,40.79379],[-73.80117,40.79332],[-73.80103,40.79433],[-73.79968,40.79422],[-73.80009,40.79145],[-73.79784,40.79125],[-73.7979,40.7914],[-73.79736,40.79134],[-73.79203,40.79235],[-73.79195,40.79186],[-73.79059,40.79103],[-73.79216,40.78954],[-73.7939,40.78927],[-73.79479,40.78877],[-73.79505,40.78818],[-73.79479,40.78717],[-73.79487,40.78678],[-73.79693,40.78636],[-73.79696,40.78565],[-73.79356,40.7862],[-73.792,40.78664],[-73.79205,40.78527],[-73.79127,40.78086],[-73.79218,40.78076],[-73.79254,40.78255],[-73.79347,40.78244],[-73.79382,40.78423],[-73.79482,40.78413],[-73.79444,40.78224],[-73.79498,40.78228],[-73.79492,40.78206],[-73.7972,40.78224],[-73.79703,40.78431],[-73.79771,40.78436],[-73.79864,40.78371],[-73.80012,40.78383],[-73.79977,40.78644],[-73.80387,40.78657],[-73.80403,40.78549],[-73.80349,40.78545],[-73.80376,40.7834],[-73.80467,40.78348]]],[[[-73.79957,40.79649],[-73.79971,40.7956],[-73.80225,40.79569],[-73.80242,40.79444],[-73.80649,40.79477],[-73.80639,40.79536],[-73.80621,40.79547],[-73.80325,40.79524],[-73.80305,40.79707],[-73.79957,40.79649]]],[[[-73.80467,40.78348],[-73.80312,40.78103],[-73.80331,40.77978],[-73.80561,40.77996],[-73.80554,40.78067],[-73.80525,40.78065],[-73.80513,40.78136],[-73.80472,40.78133],[-73.80543,40.78282],[-73.80575,40.78284],[-73.80565,40.78355],[-73.80467,40.78348]]]]}},{"type":"Feature","properties":{"u":"170150zmx","n":"WATSON AVENUE REZONING","y":2017,"k":"more housing allowed","un":326.0,"upa":151.705,"ac":2.15,"t":false},"geometry":{"type":"Polygon","coordinates":[[[-73.86749,40.82851],[-73.86727,40.82756],[-73.86822,40.82743],[-73.86844,40.82838],[-73.86749,40.82851]]]}},{"type":"Feature","properties":{"u":"210151zmk","n":"270 Nostrand Avenue Rezoning","y":2021,"k":"more housing allowed","un":320.0,"upa":186.65,"ac":1.71,"t":false},"geometry":{"type":"Polygon","coordinates":[[[-73.95258,40.69047],[-73.95273,40.69123],[-73.95176,40.69134],[-73.95162,40.69061],[-73.95258,40.69047]]]}},{"type":"Feature","properties":{"u":"160365zmx","n":"1932 Bryant Avenue","y":2016,"k":"more housing allowed","un":319.0,"upa":140.518,"ac":2.27,"t":false},"geometry":{"type":"Polygon","coordinates":[[[-73.88097,40.84042],[-73.88034,40.84012],[-73.88146,40.8397],[-73.88268,40.8396],[-73.88177,40.84044],[-73.88125,40.84017],[-73.88097,40.84042]]]}},{"type":"Feature","properties":{"u":"940129zmm","n":"N/O SPECIAL LINCOLN SQ DIST","y":1994,"k":"unclassified","un":314.0,"upa":22.64,"ac":13.87,"t":true},"geometry":{"type":"Polygon","coordinates":[[[-73.98359,40.77602],[-73.98313,40.77759],[-73.9825,40.77876],[-73.98106,40.77808],[-73.98133,40.77517],[-73.98359,40.77602]]]}},{"type":"Feature","properties":{"u":"110097zmm","n":"1951 PARK AVENUE","y":2011,"k":"unclassified","un":313.0,"upa":104.301,"ac":3.0,"t":false},"geometry":{"type":"Polygon","coordinates":[[[-73.93574,40.80964],[-73.93488,40.80931],[-73.93448,40.80811],[-73.93627,40.80887],[-73.93574,40.80964]]]}},{"type":"Feature","properties":{"u":"860560zmq","n":"ALEXANDER'S REGO PARK MALL","y":1987,"k":"unclassified","un":312.0,"upa":24.807,"ac":12.58,"t":true},"geometry":{"type":"Polygon","coordinates":[[[-73.86475,40.7342],[-73.86265,40.73484],[-73.86154,40.73256],[-73.86361,40.73195],[-73.86475,40.7342]]]}},{"type":"Feature","properties":{"u":"070427zmm","n":"UPPER WEST SIDE REZONING","y":2007,"k":"both","un":311.0,"upa":2.618,"ac":118.8,"t":true},"geometry":{"type":"MultiPolygon","coordinates":[[[[-73.96617,40.80395],[-73.96639,40.80366],[-73.96407,40.80269],[-73.9643,40.80238],[-73.96241,40.80158],[-73.96199,40.80216],[-73.95965,40.80116],[-73.96148,40.79866],[-73.96183,40.79881],[-73.96275,40.79746],[-73.96711,40.79933],[-73.97038,40.79496],[-73.97223,40.79574],[-73.96925,40.79983],[-73.96893,40.79969],[-73.96856,40.80076],[-73.96905,40.80097],[-73.96859,40.80164],[-73.96731,40.80112],[-73.96716,40.80236],[-73.96837,40.80287],[-73.97319,40.79615],[-73.97365,40.79634],[-73.97321,40.79693],[-73.97263,40.79844],[-73.97146,40.79963],[-73.96825,40.80405],[-73.96769,40.80381],[-73.96726,40.80442],[-73.96617,40.80395]]],[[[-73.96101,40.79758],[-73.96333,40.79439],[-73.96387,40.79461],[-73.96156,40.79781],[-73.96101,40.79758]]]]}},{"type":"Feature","properties":{"u":"000151zmr","n":"ARDEN REZONING","y":2000,"k":"unclassified","un":310.0,"upa":0.437,"ac":709.54,"t":true},"geometry":{"type":"Polygon","coordinates":[[[-74.19747,40.5437],[-74.19841,40.54533],[-74.19588,40.54636],[-74.19547,40.54571],[-74.1941,40.54737],[-74.19468,40.54813],[-74.19298,40.54882],[-74.19103,40.55117],[-74.19035,40.55167],[-74.19126,40.55272],[-74.19005,40.55339],[-74.18851,40.55195],[-74.1887,40.55132],[-74.18749,40.55241],[-74.1887,40.55339],[-74.18796,40.55375],[-74.18813,40.55398],[-74.18752,40.55434],[-74.18738,40.55415],[-74.18593,40.55499],[-74.18474,40.55379],[-74.18212,40.55633],[-74.18287,40.56033],[-74.18049,40.5606],[-74.18056,40.56096],[-74.18254,40.56072],[-74.18348,40.56553],[-74.18191,40.56553],[-74.17752,40.564],[-74.17678,40.56354],[-74.17422,40.56284],[-74.17137,40.56139],[-74.17371,40.55866],[-74.17535,40.55618],[-74.17811,40.55094],[-74.17904,40.5487],[-74.17959,40.5483],[-74.18236,40.5448],[-74.18836,40.53796],[-74.19127,40.5356],[-74.19329,40.53476],[-74.19747,40.5437]]]}},{"type":"Feature","properties":{"u":"090132zmm","n":"150 AMSTERDAM AVE","y":2009,"k":"unclassified","un":310.0,"upa":274.988,"ac":1.13,"t":true},"geometry":{"type":"Polygon","coordinates":[[[-73.98494,40.77506],[-73.98445,40.77575],[-73.98391,40.77552],[-73.98441,40.77482],[-73.98494,40.77506]]]}},{"type":"Feature","properties":{"u":"040516zmx","n":"VAN COURTLANDT VILLAGE","y":2004,"k":"density lowered","un":306.0,"upa":4.646,"ac":65.86,"t":true},"geometry":{"type":"Polygon","coordinates":[[[-73.89281,40.8837],[-73.89246,40.88271],[-73.89162,40.88236],[-73.89536,40.88185],[-73.89556,40.88204],[-73.89617,40.88165],[-73.89667,40.87952],[-73.89829,40.87789],[-73.89904,40.87682],[-73.90056,40.87554],[-73.90174,40.87625],[-73.90166,40.87638],[-73.90249,40.87634],[-73.90335,40.87659],[-73.90142,40.87841],[-73.90124,40.87829],[-73.90019,40.87881],[-73.89917,40.87879],[-73.89917,40.87911],[-73.89961,40.87915],[-73.89924,40.88054],[-73.89874,40.88034],[-73.8985,40.88116],[-73.89914,40.88134],[-73.89839,40.88218],[-73.8978,40.88189],[-73.89736,40.88232],[-73.89806,40.88271],[-73.89767,40.88354],[-73.89712,40.88354],[-73.89643,40.88322],[-73.8963,40.88337],[-73.89668,40.88365],[-73.89652,40.88401],[-73.89554,40.88443],[-73.89382,40.88379],[-73.89281,40.8837]]]}},{"type":"Feature","properties":{"u":"120165zmx","n":"CROSSROADS PLAZA","y":2012,"k":"unclassified","un":299.0,"upa":124.053,"ac":2.41,"t":false},"geometry":{"type":"Polygon","coordinates":[[[-73.90542,40.81248],[-73.90447,40.81229],[-73.90464,40.8118],[-73.90584,40.81101],[-73.90542,40.81248]]]}},{"type":"Feature","properties":{"u":"841101zmk","n":"VANDERBILT  PRODUCTS","y":1985,"k":"unclassified","un":298.0,"upa":301.791,"ac":0.99,"t":true},"geometry":{"type":"Polygon","coordinates":[[[-73.97136,40.68096],[-73.9712,40.68147],[-73.97042,40.68129],[-73.97059,40.68078],[-73.97136,40.68096]]]}},{"type":"Feature","properties":{"u":"070119zmq","n":"QUEENSBORO HILL REZONING","y":2007,"k":"density lowered","un":298.0,"upa":1.078,"ac":276.47,"t":true},"geometry":{"type":"MultiPolygon","coordinates":[[[[-73.8242,40.74791],[-73.82434,40.74649],[-73.82385,40.74636],[-73.82376,40.74733],[-73.82328,40.74721],[-73.82339,40.74625],[-73.82115,40.74554],[-73.82079,40.74613],[-73.81904,40.74552],[-73.81943,40.74497],[-73.8179,40.74442],[-73.81803,40.74405],[-73.81685,40.74366],[-73.81431,40.74298],[-73.80824,40.74202],[-73.80826,40.74169],[-73.80591,40.7417],[-73.80597,40.74081],[-73.8055,40.7408],[-73.80552,40.74043],[-73.80646,40.74047],[-73.80649,40.74012],[-73.80555,40.74008],[-73.80561,40.73914],[-73.80464,40.73912],[-73.80467,40.73867],[-73.81276,40.73879],[-73.81579,40.73912],[-73.81773,40.73972],[-73.81739,40.74031],[-73.81782,40.74045],[-73.81707,40.74175],[-73.8183,40.74217],[-73.81811,40.74248],[-73.81905,40.7428],[-73.8193,40.7421],[-73.81885,40.74195],[-73.81898,40.74161],[-73.82099,40.74228],[-73.81965,40.74459],[-73.82098,40.74504],[-73.82219,40.74308],[-73.82462,40.74377],[-73.825,40.74312],[-73.82449,40.74306],[-73.82483,40.7424],[-73.82602,40.74267],[-73.82674,40.7467],[-73.82627,40.74951],[-73.82585,40.74935],[-73.82599,40.74832],[-73.8242,40.74791]]],[[[-73.83055,40.74762],[-73.83074,40.7465],[-73.83039,40.74647],[-73.83051,40.74576],[-73.82978,40.74569],[-73.82996,40.74464],[-73.83139,40.74478],[-73.83144,40.74444],[-73.83304,40.7446],[-73.83329,40.7434],[-73.82774,40.74285],[-73.82788,40.74201],[-73.82583,40.74181],[-73.82545,40.73951],[-73.82677,40.73865],[-73.82791,40.73842],[-73.82796,40.73711],[-73.82928,40.73704],[-73.83058,40.73749],[-73.83146,40.73923],[-73.83117,40.74266],[-73.83155,40.7427],[-73.83161,40.74236],[-73.83593,40.74318],[-73.83598,40.74364],[-73.83421,40.74349],[-73.83412,40.74401],[-73.83584,40.74418],[-73.83568,40.74486],[-73.83523,40.74481],[-73.83445,40.74615],[-73.83376,40.74608],[-73.83393,40.74504],[-73.83349,40.745],[-73.83343,40.74533],[-73.83191,40.74518],[-73.83171,40.74624],[-73.83275,40.74635],[-73.83257,40.7474],[-73.83142,40.74772],[-73.83055,40.74762]]],[[[-73.82269,40.74024],[-73.8183,40.73874],[-73.81838,40.7386],[-73.82007,40.73884],[-73.82356,40.73959],[-73.82335,40.73995],[-73.82294,40.73981],[-73.82269,40.74024]]],[[[-73.82817,40.74958],[-73.8284,40.74796],[-73.82886,40.748],[-73.82889,40.74777],[-73.83024,40.74838],[-73.83013,40.7491],[-73.82817,40.74958]]],[[[-73.82828,40.74413],[-73.82842,40.74345],[-73.83096,40.7437],[-73.83082,40.74438],[-73.82828,40.74413]]],[[[-73.83575,40.74477],[-73.83584,40.74456],[-73.83577,40.74478],[-73.83575,40.74477]]]]}},{"type":"Feature","properties":{"u":"960576zmm","n":"LEXINGTON AVENUE REZONING","y":1997,"k":"unclassified","un":297.0,"upa":63.5,"ac":4.68,"t":true},"geometry":{"type":"Polygon","coordinates":[[[-73.95143,40.78635],[-73.95062,40.78748],[-73.94927,40.78699],[-73.95011,40.78577],[-73.95143,40.78635]]]}},{"type":"Feature","properties":{"u":"050194zmq","n":"SPRINGFIELD GARDENS REZONING","y":2005,"k":"density lowered","un":296.0,"upa":1.328,"ac":222.93,"t":true},"geometry":{"type":"Polygon","coordinates":[[[-73.77948,40.67837],[-73.77155,40.66797],[-73.77483,40.66796],[-73.78697,40.66709],[-73.78658,40.66882],[-73.78416,40.67021],[-73.78503,40.67136],[-73.78602,40.67098],[-73.7858,40.67247],[-73.78438,40.67476],[-73.78327,40.67574],[-73.77948,40.67837]]]}},{"type":"Feature","properties":{"u":"180524zmk","n":"101 Fleet Place Rezoning","y":2019,"k":"more housing allowed","un":294.0,"upa":340.928,"ac":0.86,"t":false},"geometry":{"type":"Polygon","coordinates":[[[-73.98093,40.69295],[-73.98094,40.6925],[-73.98177,40.69253],[-73.98175,40.69298],[-73.98093,40.69295]]]}},{"type":"Feature","properties":{"u":"100207zmq","n":"FLUSHING COMMONS","y":2010,"k":"unclassified","un":291.0,"upa":37.858,"ac":7.69,"t":false},"geometry":{"type":"Polygon","coordinates":[[[-73.82967,40.7619],[-73.82752,40.76243],[-73.82687,40.7611],[-73.82914,40.76052],[-73.82967,40.7619]]]}},{"type":"Feature","properties":{"u":"090181zmk","n":"DOCK STREET DUMBO","y":2009,"k":"unclassified","un":290.0,"upa":190.438,"ac":1.52,"t":true},"geometry":{"type":"Polygon","coordinates":[[[-73.99255,40.70332],[-73.99157,40.70329],[-73.9916,40.70262],[-73.99258,40.70265],[-73.99255,40.70332]]]}},{"type":"Feature","properties":{"u":"190071zmk","n":"809 Atlantic Avenue Rezoning","y":2019,"k":"more housing allowed","un":284.0,"upa":258.789,"ac":1.1,"t":false},"geometry":{"type":"Polygon","coordinates":[[[-73.96766,40.68227],[-73.96722,40.68232],[-73.96716,40.68199],[-73.96661,40.68205],[-73.96651,40.68156],[-73.96756,40.68178],[-73.96766,40.68227]]]}},{"type":"Feature","properties":{"u":"090462zmk","n":"CARROLL GARDENS & COLUMBIA ST","y":2009,"k":"density lowered","un":282.0,"upa":1.007,"ac":279.93,"t":true},"geometry":{"type":"Polygon","coordinates":[[[-74.001,40.68536],[-73.9952,40.68373],[-73.99391,40.68645],[-73.98912,40.68459],[-73.99043,40.68268],[-73.98827,40.68186],[-73.99042,40.67869],[-73.99186,40.67696],[-73.99373,40.67785],[-73.99393,40.67754],[-73.99512,40.67813],[-73.99536,40.67781],[-73.99489,40.67759],[-73.99517,40.67729],[-73.99629,40.67784],[-73.99808,40.67412],[-73.99853,40.67425],[-73.99868,40.67392],[-73.99927,40.67408],[-73.99943,40.67376],[-73.9996,40.67381],[-74.00222,40.67827],[-74.00195,40.67886],[-74.00285,40.67912],[-74.00372,40.68003],[-74.00284,40.68131],[-74.0043,40.68172],[-74.00398,40.68239],[-74.00442,40.68251],[-74.00427,40.68285],[-74.0046,40.68295],[-74.00477,40.68261],[-74.00528,40.68275],[-74.00511,40.68309],[-74.0048,40.68301],[-74.00441,40.68365],[-74.00483,40.68377],[-74.00454,40.68445],[-74.00369,40.68421],[-74.00345,40.6849],[-74.0033,40.68486],[-74.00314,40.6852],[-74.00269,40.68507],[-74.00076,40.68907],[-74.00014,40.68886],[-74.00045,40.68822],[-73.99974,40.68798],[-74.001,40.68536]]]}},{"type":"Feature","properties":{"u":"080233zmx","n":"ROSCOE C BROWNE JR APTS","y":2008,"k":"unclassified","un":279.0,"upa":147.75,"ac":1.89,"t":true},"geometry":{"type":"Polygon","coordinates":[[[-73.89918,40.84098],[-73.89867,40.84082],[-73.89959,40.83952],[-73.90011,40.83968],[-73.89918,40.84098]]]}},{"type":"Feature","properties":{"u":"120173zmx","n":"SOUNDVIEW PARTNERS APARTMENTS","y":2012,"k":"unclassified","un":278.0,"upa":19.574,"ac":14.2,"t":false},"geometry":{"type":"Polygon","coordinates":[[[-73.8689,40.81511],[-73.86864,40.81623],[-73.86571,40.81663],[-73.86522,40.81454],[-73.86708,40.81445],[-73.86789,40.81467],[-73.8689,40.81511]]]}},{"type":"Feature","properties":{"u":"180031zmx","n":"425 Grand Concourse - Former PS 31","y":2018,"k":"more housing allowed","un":277.0,"upa":225.855,"ac":1.23,"t":false},"geometry":{"type":"Polygon","coordinates":[[[-73.92798,40.81715],[-73.92822,40.81654],[-73.92903,40.81676],[-73.92876,40.81735],[-73.92798,40.81715]]]}},{"type":"Feature","properties":{"u":"180150zmm","n":"606 West 30th Street (Block 675 - Lalezarian)","y":2018,"k":"more housing allowed","un":277.0,"upa":8.441,"ac":32.82,"t":false},"geometry":{"type":"MultiPolygon","coordinates":[[[[-74.00808,40.7483],[-74.00876,40.74376],[-74.01194,40.74414],[-74.0111,40.74847],[-74.00808,40.7483]]],[[[-74.00429,40.7536],[-74.00456,40.75325],[-74.00503,40.75345],[-74.00476,40.75378],[-74.00429,40.7536]]]]}},{"type":"Feature","properties":{"u":"190113zmr","n":"Bay Street Corridor","y":2019,"k":"more housing allowed","un":269.0,"upa":5.404,"ac":49.78,"t":false},"geometry":{"type":"MultiPolygon","coordinates":[[[[-74.07883,40.62665],[-74.07828,40.62637],[-74.07761,40.62648],[-74.07742,40.6253],[-74.08032,40.62438],[-74.0806,40.62488],[-74.07883,40.62665]]],[[[-74.07523,40.63111],[-74.07527,40.6292],[-74.07654,40.62908],[-74.07659,40.62932],[-74.07704,40.62927],[-74.07722,40.63022],[-74.07788,40.63034],[-74.07772,40.63057],[-74.07818,40.63062],[-74.07749,40.63158],[-74.077,40.63145],[-74.07648,40.63212],[-74.07712,40.63231],[-74.07619,40.63425],[-74.07713,40.63616],[-74.07632,40.63658],[-74.07611,40.63756],[-74.07492,40.63767],[-74.07421,40.6335],[-74.07523,40.63111]]]]}},{"type":"Feature","properties":{"u":"050277zmq","n":"E. FLUSHING REZONING","y":2005,"k":"density lowered","un":267.0,"upa":0.91,"ac":293.26,"t":true},"geometry":{"type":"Polygon","coordinates":[[[-73.81599,40.76464],[-73.815,40.76492],[-73.81491,40.76471],[-73.81409,40.7649],[-73.81434,40.76578],[-73.81078,40.76524],[-73.80916,40.76476],[-73.80905,40.7656],[-73.80293,40.7651],[-73.80284,40.76569],[-73.79811,40.76531],[-73.79847,40.76274],[-73.80071,40.76288],[-73.80106,40.76011],[-73.80023,40.75971],[-73.80023,40.75955],[-73.80113,40.75367],[-73.80422,40.75364],[-73.80438,40.75348],[-73.80412,40.7523],[-73.80369,40.7514],[-73.80716,40.75173],[-73.80656,40.75608],[-73.81029,40.7564],[-73.80961,40.76123],[-73.81103,40.76133],[-73.81396,40.76058],[-73.81599,40.76464]],[[-73.80929,40.76225],[-73.80938,40.76166],[-73.80498,40.76078],[-73.80487,40.76159],[-73.80423,40.76154],[-73.80419,40.76179],[-73.80671,40.76205],[-73.80659,40.76291],[-73.80856,40.76358],[-73.80873,40.76221],[-73.80929,40.76225]],[[-73.81064,40.7639],[-73.81083,40.76262],[-73.80943,40.7625],[-73.80938,40.76282],[-73.80981,40.76286],[-73.80966,40.7639],[-73.81064,40.7639]]]}},{"type":"Feature","properties":{"u":"210386zmk","n":"1034 - 1042 Atlantic Avenue Rezoning","y":2022,"k":"unclassified","un":267.0,"upa":219.339,"ac":1.22,"t":false},"geometry":{"type":"Polygon","coordinates":[[[-73.95891,40.68004],[-73.95921,40.67918],[-73.95978,40.67931],[-73.95947,40.68016],[-73.95891,40.68004]]]}},{"type":"Feature","properties":{"u":"080219zmm","n":"W127TH ST","y":2008,"k":"unclassified","un":266.0,"upa":104.608,"ac":2.54,"t":true},"geometry":{"type":"Polygon","coordinates":[[[-73.95155,40.81205],[-73.95097,40.81262],[-73.94969,40.81208],[-73.95014,40.81145],[-73.95155,40.81205]]]}},{"type":"Feature","properties":{"u":"030237zmm","n":"HUDSON SQUARE REZONING","y":2003,"k":"more housing allowed","un":266.0,"upa":26.494,"ac":10.04,"t":true},"geometry":{"type":"Polygon","coordinates":[[[-74.00996,40.72605],[-74.00744,40.72592],[-74.00786,40.72344],[-74.00963,40.72484],[-74.01023,40.72504],[-74.00996,40.72605]]]}},{"type":"Feature","properties":{"u":"150312zmx","n":"Concourse Village West Rezoning","y":2016,"k":"more housing allowed","un":265.0,"upa":34.605,"ac":7.66,"t":false},"geometry":{"type":"Polygon","coordinates":[[[-73.92317,40.82309],[-73.92432,40.82093],[-73.92535,40.82106],[-73.92559,40.82131],[-73.92446,40.82348],[-73.92317,40.82309]]]}},{"type":"Feature","properties":{"u":"170087zmx","n":"Whitlock and 165th Street - Rezoning","y":2017,"k":"more housing allowed","un":265.0,"upa":138.608,"ac":1.91,"t":false},"geometry":{"type":"Polygon","coordinates":[[[-73.8873,40.82526],[-73.88657,40.82529],[-73.88711,40.82332],[-73.88714,40.82332],[-73.8873,40.82526]]]}},{"type":"Feature","properties":{"u":"860696zmx","n":"BATHGATE NORTH","y":1986,"k":"unclassified","un":263.0,"upa":14.676,"ac":17.92,"t":true},"geometry":{"type":"Polygon","coordinates":[[[-73.8998,40.84415],[-73.89845,40.84676],[-73.8957,40.84626],[-73.89694,40.84382],[-73.8998,40.84415]]]}},{"type":"Feature","properties":{"u":"100218zmk","n":"MCGUINNESS BOULEVARD REZONING","y":2012,"k":"unclassified","un":262.0,"upa":123.307,"ac":2.12,"t":false},"geometry":{"type":"Polygon","coordinates":[[[-73.95207,40.73041],[-73.95148,40.73047],[-73.95066,40.729],[-73.95115,40.72884],[-73.95207,40.73041]]]}},{"type":"Feature","properties":{"u":"090125zmm","n":"HOBBS COURT","y":2009,"k":"unclassified","un":259.0,"upa":189.753,"ac":1.36,"t":true},"geometry":{"type":"Polygon","coordinates":[[[-73.94386,40.78787],[-73.94339,40.78851],[-73.94268,40.78821],[-73.94314,40.78758],[-73.94386,40.78787]]]}},{"type":"Feature","properties":{"u":"040515zmx","n":"CENTRAL RIVERDALE/SPUYTEN DUYVIL","y":2004,"k":"density lowered","un":259.0,"upa":2.012,"ac":128.74,"t":true},"geometry":{"type":"Polygon","coordinates":[[[-73.90853,40.88702],[-73.90897,40.88549],[-73.90998,40.88569],[-73.91043,40.88436],[-73.9104,40.88345],[-73.91372,40.88433],[-73.91484,40.88207],[-73.9166,40.88048],[-73.91558,40.87983],[-73.91595,40.87952],[-73.91522,40.87892],[-73.916,40.87859],[-73.91685,40.87872],[-73.91685,40.87844],[-73.91853,40.87643],[-73.91897,40.87648],[-73.9193,40.87684],[-73.91942,40.87756],[-73.91993,40.8785],[-73.92009,40.87839],[-73.92081,40.87887],[-73.92267,40.87926],[-73.92313,40.87968],[-73.92341,40.8809],[-73.92325,40.88152],[-73.92198,40.88112],[-73.92231,40.88063],[-73.92207,40.8804],[-73.92003,40.88046],[-73.91954,40.88054],[-73.9179,40.8819],[-73.91681,40.88394],[-73.9164,40.88388],[-73.91551,40.88479],[-73.91599,40.8849],[-73.9145,40.88592],[-73.91326,40.88719],[-73.91293,40.88969],[-73.91154,40.88969],[-73.90908,40.88932],[-73.90919,40.88852],[-73.90849,40.88837],[-73.90875,40.88784],[-73.90853,40.88702]]]}},{"type":"Feature","properties":{"u":"190410zmk","n":"515 Blake Ave","y":2019,"k":"more housing allowed","un":255.0,"upa":73.473,"ac":3.47,"t":false},"geometry":{"type":"Polygon","coordinates":[[[-73.89985,40.66869],[-73.89946,40.66715],[-73.90039,40.66701],[-73.90079,40.66855],[-73.89985,40.66869]]]}},{"type":"Feature","properties":{"u":"170128zmk","n":"Caton Flats","y":2017,"k":"more housing allowed","un":255.0,"upa":240.224,"ac":1.06,"t":false},"geometry":{"type":"Polygon","coordinates":[[[-73.95945,40.65359],[-73.95934,40.65298],[-73.95988,40.65277],[-73.96015,40.65316],[-73.96008,40.65352],[-73.95945,40.65359]]]}},{"type":"Feature","properties":{"u":"830592zmk","n":"N/W/C FLATBUSH & CATON AVES","y":1983,"k":"unclassified","un":255.0,"upa":342.703,"ac":0.74,"t":true},"geometry":{"type":"Polygon","coordinates":[[[-73.96035,40.65378],[-73.95996,40.65385],[-73.95978,40.65313],[-73.96007,40.65302],[-73.96035,40.65378]]]}},{"type":"Feature","properties":{"u":"990092zmk","n":"KENT AVE REZONING/PARK PLAZA","y":1999,"k":"unclassified","un":254.0,"upa":15.154,"ac":16.76,"t":true},"geometry":{"type":"Polygon","coordinates":[[[-73.9685,40.70794],[-73.96731,40.70813],[-73.96606,40.70793],[-73.96589,40.70724],[-73.96629,40.70487],[-73.96717,40.70422],[-73.96844,40.7067],[-73.9685,40.70794]]]}},{"type":"Feature","properties":{"u":"050134azmk","n":"BAY RIDGE REZONING","y":2005,"k":"density lowered","un":251.0,"upa":0.269,"ac":933.15,"t":true},"geometry":{"type":"MultiPolygon","coordinates":[[[[-74.0394,40.63095],[-74.03768,40.63274],[-74.03694,40.63394],[-74.03698,40.63451],[-74.03751,40.63513],[-74.03755,40.63572],[-74.03641,40.63715],[-74.03618,40.6388],[-74.03558,40.64006],[-74.03337,40.63933],[-74.03405,40.63752],[-74.03247,40.63704],[-74.03297,40.63591],[-74.03455,40.63635],[-74.03531,40.63446],[-74.03467,40.63431],[-74.03453,40.63472],[-74.03326,40.63441],[-74.03273,40.6358],[-74.03065,40.63525],[-74.03094,40.63452],[-74.03025,40.63438],[-74.02849,40.63877],[-74.02753,40.63959],[-74.02808,40.63992],[-74.02817,40.63983],[-74.02776,40.63961],[-74.02861,40.63892],[-74.03009,40.63937],[-74.02897,40.64047],[-74.0294,40.64073],[-74.02854,40.64144],[-74.01927,40.6359],[-74.01894,40.6362],[-74.01741,40.63527],[-74.01769,40.635],[-74.01593,40.63391],[-74.01617,40.63231],[-74.01812,40.62678],[-74.01995,40.62334],[-74.0273,40.61477],[-74.02868,40.61536],[-74.0325,40.61089],[-74.03415,40.61172],[-74.03468,40.61103],[-74.03618,40.61245],[-74.03722,40.61384],[-74.03823,40.61606],[-74.03867,40.61642],[-74.04054,40.61987],[-74.04066,40.62074],[-74.04025,40.62189],[-74.04072,40.62391],[-74.04057,40.62497],[-74.03915,40.62463],[-74.03968,40.62331],[-74.03893,40.6232],[-74.03916,40.62257],[-74.03992,40.62274],[-74.04003,40.62259],[-74.03986,40.62221],[-74.03727,40.62248],[-74.03755,40.62175],[-74.03836,40.62197],[-74.03866,40.62136],[-74.03928,40.62153],[-74.03964,40.62138],[-74.03855,40.62116],[-74.03839,40.62149],[-74.03769,40.62133],[-74.03781,40.62099],[-74.03591,40.62054],[-74.03579,40.62088],[-74.03523,40.62075],[-74.03468,40.62211],[-74.03256,40.62159],[-74.03153,40.62401],[-74.03261,40.62425],[-74.03237,40.6249],[-74.03129,40.62464],[-74.03058,40.62645],[-74.03265,40.6269],[-74.03229,40.62769],[-74.03286,40.62781],[-74.03244,40.62892],[-74.03456,40.62935],[-74.03442,40.62978],[-74.03686,40.63062],[-74.03701,40.6302],[-74.0394,40.63095]]],[[[-74.03367,40.62396],[-74.03656,40.62467],[-74.03614,40.62579],[-74.03321,40.6251],[-74.03367,40.62396]]]]}},{"type":"Feature","properties":{"u":"170377zmx","n":"1675 Westchester Avenue - Rezoning","y":2017,"k":"more housing allowed","un":249.0,"upa":189.218,"ac":1.32,"t":false},"geometry":{"type":"Polygon","coordinates":[[[-73.87276,40.83004],[-73.87292,40.83072],[-73.87241,40.83087],[-73.87235,40.83059],[-73.87189,40.83072],[-73.8718,40.83031],[-73.87276,40.83004]]]}},{"type":"Feature","properties":{"u":"090313zmk","n":"CANARSIE REZONING","y":2009,"k":"density lowered","un":247.0,"upa":0.232,"ac":1064.21,"t":true},"geometry":{"type":"MultiPolygon","coordinates":[[[[-73.89888,40.64737],[-73.89783,40.64807],[-73.89629,40.64669],[-73.8926,40.64896],[-73.89161,40.64983],[-73.8912,40.64948],[-73.89156,40.64916],[-73.8911,40.6488],[-73.89181,40.64825],[-73.89157,40.64803],[-73.89231,40.64758],[-73.89143,40.64679],[-73.89071,40.64726],[-73.8901,40.6467],[-73.89179,40.64561],[-73.88993,40.644],[-73.89041,40.64369],[-73.8892,40.64262],[-73.88879,40.64288],[-73.88915,40.64316],[-73.8887,40.64345],[-73.88901,40.6437],[-73.8877,40.64455],[-73.88587,40.64291],[-73.88522,40.64333],[-73.88465,40.64278],[-73.8848,40.64266],[-73.88448,40.64237],[-73.88399,40.6427],[-73.88186,40.64077],[-73.88267,40.64031],[-73.88139,40.63918],[-73.88816,40.63472],[-73.88754,40.63417],[-73.88901,40.6333],[-73.88683,40.63124],[-73.88751,40.63072],[-73.88891,40.63198],[-73.88941,40.63178],[-73.89024,40.63252],[-73.8902,40.63301],[-73.89044,40.63324],[-73.89624,40.62959],[-73.89808,40.63127],[-73.89906,40.63063],[-73.90142,40.63275],[-73.90187,40.63248],[-73.90277,40.63332],[-73.90243,40.63366],[-73.90269,40.6339],[-73.90415,40.63296],[-73.90233,40.63133],[-73.90461,40.62986],[-73.90814,40.63319],[-73.9085,40.63295],[-73.91031,40.63459],[-73.91144,40.63386],[-73.91064,40.63314],[-73.91117,40.63243],[-73.91189,40.63276],[-73.91263,40.63169],[-73.9156,40.63304],[-73.91623,40.63361],[-73.91547,40.63409],[-73.91715,40.63559],[-73.91885,40.63449],[-73.91942,40.63978],[-73.91572,40.63651],[-73.91495,40.63701],[-73.91681,40.63869],[-73.91603,40.63918],[-73.91761,40.64058],[-73.91462,40.64236],[-73.91487,40.64258],[-73.91227,40.64417],[-73.91182,40.64377],[-73.9101,40.64476],[-73.91122,40.64574],[-73.91054,40.64618],[-73.91026,40.64593],[-73.90925,40.64658],[-73.90982,40.64709],[-73.90909,40.64754],[-73.90858,40.64708],[-73.90697,40.64809],[-73.9066,40.64775],[-73.90417,40.64932],[-73.90236,40.64769],[-73.90194,40.64796],[-73.90138,40.64749],[-73.903,40.64643],[-73.90215,40.64569],[-73.90064,40.64669],[-73.90035,40.64641],[-73.89996,40.64667],[-73.89874,40.64553],[-73.89943,40.64505],[-73.89905,40.64471],[-73.89718,40.64592],[-73.89888,40.64737]]],[[[-73.89783,40.64807],[-73.89829,40.64849],[-73.89679,40.64943],[-73.89635,40.64903],[-73.89783,40.64807]]],[[[-73.90543,40.62633],[-73.90409,40.62786],[-73.90049,40.62622],[-73.90177,40.62461],[-73.90543,40.62633]]]]}},{"type":"Feature","properties":{"u":"900404zmm","n":"CONTEXTUAL REZONING UPPER EAST SIDE","y":1990,"k":"unclassified","un":244.0,"upa":0.966,"ac":252.52,"t":true},"geometry":{"type":"MultiPolygon","coordinates":[[[[-73.94317,40.77425],[-73.94821,40.7694],[-73.94937,40.76988],[-73.96048,40.77496],[-73.95966,40.77595],[-73.94899,40.77761],[-73.94345,40.77789],[-73.94213,40.77734],[-73.94194,40.77666],[-73.94236,40.77535],[-73.94317,40.77425]]],[[[-73.95387,40.76745],[-73.95448,40.76659],[-73.95587,40.76675],[-73.96379,40.7705],[-73.96311,40.77139],[-73.95387,40.76745]]],[[[-73.94434,40.78358],[-73.94525,40.78246],[-73.94596,40.78276],[-73.94822,40.7846],[-73.94781,40.78509],[-73.94434,40.78358]]],[[[-73.94991,40.78598],[-73.95035,40.78505],[-73.95225,40.78579],[-73.95165,40.78664],[-73.94991,40.78598]]]]}},{"type":"Feature","properties":{"u":"160285zmx","n":"Lambert Houses","y":2016,"k":"more housing allowed","un":242.0,"upa":17.679,"ac":13.69,"t":false},"geometry":{"type":"Polygon","coordinates":[[[-73.87721,40.84405],[-73.87809,40.84265],[-73.8771,40.84241],[-73.87725,40.84205],[-73.87768,40.84214],[-73.87787,40.84173],[-73.87857,40.84193],[-73.8788,40.84152],[-73.87791,40.84128],[-73.87869,40.83992],[-73.88004,40.84005],[-73.88023,40.84026],[-73.87891,40.84156],[-73.87951,40.84187],[-73.87893,40.84255],[-73.88004,40.84319],[-73.87973,40.8435],[-73.87928,40.84325],[-73.87894,40.84362],[-73.87862,40.84346],[-73.87783,40.84448],[-73.87721,40.84405]]]}},{"type":"Feature","properties":{"u":"160175zmk","n":"1050 Pacific Street Rezoning","y":2019,"k":"unclassified","un":240.0,"upa":161.312,"ac":1.49,"t":false},"geometry":{"type":"Polygon","coordinates":[[[-73.95857,40.67906],[-73.95778,40.67889],[-73.95803,40.67814],[-73.95884,40.67831],[-73.95857,40.67906]]]}},{"type":"Feature","properties":{"u":"860685zmk","n":"METROTECH","y":1987,"k":"unclassified","un":239.0,"upa":7.287,"ac":32.8,"t":true},"geometry":{"type":"Polygon","coordinates":[[[-73.98743,40.69264],[-73.98731,40.69514],[-73.9853,40.69619],[-73.9844,40.69613],[-73.98269,40.69271],[-73.98322,40.69207],[-73.98452,40.69209],[-73.98743,40.69264]]]}},{"type":"Feature","properties":{"u":"160251zmx","n":"147 Street Rezoning","y":2016,"k":"more housing allowed","un":237.0,"upa":54.523,"ac":4.35,"t":false},"geometry":{"type":"Polygon","coordinates":[[[-73.90666,40.81045],[-73.90533,40.81134],[-73.90468,40.81076],[-73.90353,40.81054],[-73.9044,40.81],[-73.90666,40.81045]]]}},{"type":"Feature","properties":{"u":"980584zmk","n":"WASHINGTON ST REZONING","y":1999,"k":"unclassified","un":237.0,"upa":20.767,"ac":11.41,"t":true},"geometry":{"type":"Polygon","coordinates":[[[-73.99183,40.70265],[-73.99177,40.70336],[-73.98873,40.70332],[-73.9884,40.70265],[-73.98858,40.70163],[-73.99049,40.70167],[-73.99183,40.70265]]]}},{"type":"Feature","properties":{"u":"190161zmk","n":"1921 Atlantic Ave.","y":2019,"k":"more housing allowed","un":233.0,"upa":214.751,"ac":1.08,"t":false},"geometry":{"type":"Polygon","coordinates":[[[-73.92004,40.67748],[-73.92011,40.67693],[-73.92094,40.67698],[-73.92089,40.67753],[-73.92004,40.67748]]]}},{"type":"Feature","properties":{"u":"160138zmq","n":"One Flushing","y":2016,"k":"more housing allowed","un":232.0,"upa":58.845,"ac":3.94,"t":false},"geometry":{"type":"Polygon","coordinates":[[[-73.82984,40.75897],[-73.82947,40.7582],[-73.8311,40.75748],[-73.83164,40.75834],[-73.82984,40.75897]]]}},{"type":"Feature","properties":{"u":"010725zmk","n":"LIGHT BRIDGES REZONING","y":2002,"k":"unclassified","un":231.0,"upa":50.888,"ac":4.54,"t":true},"geometry":{"type":"Polygon","coordinates":[[[-73.98858,40.70252],[-73.9866,40.70248],[-73.98664,40.7015],[-73.98869,40.70155],[-73.98858,40.70252]]]}},{"type":"Feature","properties":{"u":"920126zmq","n":"WOODSIDE REZONING","y":1992,"k":"unclassified","un":229.0,"upa":2.204,"ac":103.91,"t":true},"geometry":{"type":"Polygon","coordinates":[[[-73.91264,40.74326],[-73.91247,40.7443],[-73.91007,40.74501],[-73.90656,40.74574],[-73.90522,40.74569],[-73.89607,40.74309],[-73.8986,40.74088],[-73.91264,40.74326]]]}},{"type":"Feature","properties":{"u":"130344zmq","n":"EAST ELMHURST REZONING","y":2013,"k":"density lowered","un":228.0,"upa":0.532,"ac":428.59,"t":false},"geometry":{"type":"MultiPolygon","coordinates":[[[[-73.86106,40.74964],[-73.86088,40.74929],[-73.86133,40.74916],[-73.86141,40.74932],[-73.86308,40.74881],[-73.86316,40.7486],[-73.86355,40.7485],[-73.86376,40.7489],[-73.86359,40.7494],[-73.86399,40.74935],[-73.86412,40.7496],[-73.8654,40.74925],[-73.86556,40.74958],[-73.86112,40.75003],[-73.85261,40.75255],[-73.85243,40.75219],[-73.86106,40.74964]]],[[[-73.87083,40.77035],[-73.87055,40.76874],[-73.8696,40.76883],[-73.86975,40.76968],[-73.86869,40.76903],[-73.8683,40.76688],[-73.86855,40.76682],[-73.86825,40.76649],[-73.86752,40.7669],[-73.86702,40.76638],[-73.86667,40.76658],[-73.86653,40.76644],[-73.865,40.76779],[-73.86467,40.76751],[-73.86323,40.76609],[-73.86107,40.76345],[-73.85994,40.76171],[-73.86052,40.76143],[-73.85926,40.76003],[-73.86148,40.76051],[-73.86139,40.75997],[-73.87451,40.7586],[-73.87692,40.75862],[-73.87721,40.76017],[-73.88232,40.75963],[-73.88268,40.76162],[-73.88593,40.76127],[-73.88627,40.76311],[-73.88673,40.76306],[-73.88709,40.76501],[-73.8865,40.76491],[-73.88675,40.76556],[-73.88625,40.76562],[-73.88614,40.76498],[-73.88379,40.76523],[-73.88365,40.76443],[-73.88122,40.76401],[-73.88132,40.76456],[-73.8801,40.76468],[-73.8801,40.7643],[-73.87951,40.76419],[-73.87898,40.76425],[-73.87899,40.76439],[-73.87704,40.76448],[-73.87715,40.7651],[-73.87669,40.76515],[-73.87674,40.76543],[-73.8734,40.76594],[-73.8732,40.76486],[-73.87364,40.76481],[-73.87346,40.76381],[-73.87302,40.76387],[-73.87287,40.76306],[-73.87051,40.7628],[-73.8704,40.76217],[-73.86958,40.76203],[-73.86884,40.76244],[-73.86923,40.76286],[-73.86814,40.76347],[-73.86912,40.76449],[-73.86951,40.76427],[-73.86979,40.76455],[-73.8697,40.76404],[-73.87072,40.76393],[-73.8708,40.76436],[-73.87171,40.76426],[-73.8721,40.76645],[-73.87527,40.76612],[-73.87547,40.76731],[-73.87323,40.76753],[-73.87331,40.76798],[-73.87421,40.76788],[-73.87429,40.76835],[-73.87625,40.76814],[-73.87613,40.76766],[-73.87712,40.76756],[-73.87721,40.76804],[-73.87864,40.76789],[-73.87894,40.7695],[-73.87844,40.76956],[-73.87853,40.77006],[-73.87244,40.77098],[-73.87168,40.77084],[-73.87083,40.77035]]],[[[-73.8687,40.74886],[-73.86848,40.74852],[-73.86892,40.74838],[-73.86919,40.74877],[-73.87002,40.74848],[-73.87016,40.74871],[-73.87556,40.74813],[-73.8758,40.74787],[-73.87642,40.74815],[-73.87625,40.74845],[-73.86752,40.74938],[-73.8673,40.749],[-73.8687,40.74886]]]]}},{"type":"Feature","properties":{"u":"110243zmm","n":"WEST 116TH/117TH STREET REZONING","y":2011,"k":"unclassified","un":225.0,"upa":68.615,"ac":3.28,"t":false},"geometry":{"type":"Polygon","coordinates":[[[-73.94757,40.80202],[-73.94597,40.80135],[-73.94646,40.80067],[-73.94807,40.80135],[-73.94757,40.80202]]]}},{"type":"Feature","properties":{"u":"170442zmm","n":"Harlem Renaissance 2012 NBT Way Project","y":2017,"k":"more housing allowed","un":222.0,"upa":255.744,"ac":0.87,"t":false},"geometry":{"type":"Polygon","coordinates":[[[-73.94135,40.80691],[-73.94184,40.80625],[-73.94226,40.80642],[-73.94177,40.8071],[-73.94135,40.80691]]]}},{"type":"Feature","properties":{"u":"020538zmr","n":"SIBP REZONING/NORTHWEST NORTH SHORE","y":2003,"k":"density lowered","un":222.0,"upa":0.289,"ac":766.9,"t":true},"geometry":{"type":"MultiPolygon","coordinates":[[[[-74.11367,40.64242],[-74.11116,40.63003],[-74.11627,40.6294],[-74.11624,40.62925],[-74.11841,40.62924],[-74.122,40.62793],[-74.13005,40.62682],[-74.13003,40.62705],[-74.13103,40.62726],[-74.13044,40.62933],[-74.13203,40.62985],[-74.13473,40.62737],[-74.13669,40.62606],[-74.13793,40.62697],[-74.1406,40.62482],[-74.14134,40.62539],[-74.14291,40.62584],[-74.14295,40.62555],[-74.14372,40.62533],[-74.14422,40.62531],[-74.1439,40.62579],[-74.1469,40.62517],[-74.14734,40.62543],[-74.14871,40.62531],[-74.14868,40.62562],[-74.15206,40.62601],[-74.15141,40.63071],[-74.14807,40.63011],[-74.14865,40.62839],[-74.14442,40.62769],[-74.14339,40.63036],[-74.14406,40.63048],[-74.14292,40.63391],[-74.14136,40.63352],[-74.13925,40.63944],[-74.13869,40.63941],[-74.13675,40.63992],[-74.13379,40.63978],[-74.13503,40.6371],[-74.13504,40.63684],[-74.13477,40.63684],[-74.13517,40.63613],[-74.13529,40.63599],[-74.13604,40.636],[-74.13611,40.63493],[-74.13631,40.63504],[-74.13673,40.6343],[-74.13637,40.6341],[-74.13792,40.63238],[-74.14102,40.62985],[-74.14063,40.62965],[-74.14077,40.62954],[-74.1405,40.62934],[-74.13799,40.6314],[-74.1362,40.63313],[-74.13579,40.63377],[-74.1354,40.63356],[-74.13433,40.63494],[-74.13472,40.63516],[-74.13218,40.63875],[-74.12948,40.63765],[-74.12956,40.63721],[-74.12862,40.63726],[-74.12886,40.63474],[-74.12984,40.63286],[-74.12922,40.63275],[-74.12936,40.6322],[-74.1291,40.63114],[-74.12628,40.63144],[-74.12504,40.63179],[-74.12604,40.63348],[-74.124,40.63369],[-74.12397,40.63349],[-74.12188,40.63352],[-74.1206,40.63379],[-74.11837,40.63382],[-74.11453,40.63426],[-74.11581,40.64103],[-74.11367,40.64242]]],[[[-74.16821,40.64037],[-74.16487,40.6393],[-74.16498,40.63862],[-74.16444,40.63856],[-74.16433,40.63897],[-74.1634,40.63823],[-74.16114,40.6371],[-74.16121,40.63522],[-74.16881,40.63537],[-74.1688,40.63582],[-74.17129,40.63584],[-74.17132,40.63689],[-74.16967,40.63707],[-74.16973,40.63989],[-74.16823,40.6397],[-74.16821,40.64037]]],[[[-74.11979,40.63951],[-74.11964,40.63925],[-74.11926,40.63938],[-74.1191,40.63907],[-74.12097,40.63793],[-74.12066,40.63746],[-74.12023,40.63506],[-74.12413,40.63485],[-74.12426,40.63483],[-74.1242,40.63439],[-74.1262,40.63421],[-74.12688,40.63684],[-74.12465,40.63701],[-74.12365,40.6374],[-74.12362,40.63718],[-74.12222,40.63793],[-74.1206,40.63935],[-74.11979,40.63951]]]]}},{"type":"Feature","properties":{"u":"080517zmx","n":"VIA VERDE/THE GREEN WAY","y":2008,"k":"unclassified","un":222.0,"upa":50.881,"ac":4.36,"t":true},"geometry":{"type":"Polygon","coordinates":[[[-73.91216,40.81979],[-73.91168,40.81962],[-73.91225,40.8175],[-73.91339,40.81767],[-73.91216,40.81979]]]}},{"type":"Feature","properties":{"u":"860553zmm","n":"BISHOP ANNEX OFFICE COMPLEX","y":1987,"k":"unclassified","un":221.0,"upa":66.875,"ac":3.3,"t":true},"geometry":{"type":"Polygon","coordinates":[[[-73.95128,40.81012],[-73.95091,40.81067],[-73.94895,40.80988],[-73.94936,40.80928],[-73.95128,40.81012]]]}},{"type":"Feature","properties":{"u":"010703zmx","n":"1701 PURDY ST","y":2005,"k":"unclassified","un":221.0,"upa":120.969,"ac":1.83,"t":true},"geometry":{"type":"Polygon","coordinates":[[[-73.85398,40.84027],[-73.85388,40.83975],[-73.85467,40.83872],[-73.85451,40.8402],[-73.85398,40.84027]]]}},{"type":"Feature","properties":{"u":"990102zmx","n":"BRUCKNER BLVD REZONING","y":2000,"k":"unclassified","un":220.0,"upa":32.074,"ac":6.86,"t":true},"geometry":{"type":"Polygon","coordinates":[[[-73.89451,40.81689],[-73.89127,40.82023],[-73.89064,40.81997],[-73.89402,40.81658],[-73.89451,40.81689]]]}},{"type":"Feature","properties":{"u":"050149zmq","n":"BAYSIDE REZONING","y":2005,"k":"density lowered","un":219.0,"upa":0.164,"ac":1332.62,"t":true},"geometry":{"type":"MultiPolygon","coordinates":[[[[-73.78293,40.75663],[-73.7802,40.75741],[-73.78003,40.75702],[-73.77707,40.75783],[-73.77694,40.75745],[-73.76857,40.75969],[-73.76871,40.75996],[-73.76603,40.76037],[-73.76553,40.75874],[-73.76597,40.75867],[-73.76578,40.75825],[-73.76635,40.75816],[-73.76568,40.75595],[-73.7638,40.75626],[-73.76401,40.75698],[-73.76187,40.7574],[-73.76187,40.75549],[-73.76091,40.75464],[-73.76068,40.75416],[-73.75976,40.7544],[-73.75915,40.75309],[-73.75986,40.75289],[-73.75961,40.75259],[-73.75881,40.7523],[-73.75747,40.75075],[-73.75654,40.7489],[-73.75881,40.7482],[-73.76161,40.74705],[-73.76674,40.7456],[-73.76787,40.74533],[-73.76812,40.74594],[-73.76938,40.74556],[-73.77026,40.74744],[-73.76977,40.74756],[-73.7705,40.74905],[-73.77138,40.74879],[-73.77216,40.75058],[-73.77172,40.75067],[-73.77322,40.75391],[-73.77456,40.75326],[-73.77598,40.75302],[-73.77943,40.75342],[-73.78047,40.75317],[-73.78293,40.75663]]],[[[-73.78865,40.76589],[-73.78588,40.76674],[-73.78617,40.7672],[-73.78272,40.76823],[-73.7846,40.77184],[-73.78521,40.77455],[-73.7853,40.77579],[-73.78559,40.77601],[-73.7759,40.77882],[-73.77566,40.7795],[-73.7709,40.78205],[-73.76904,40.78018],[-73.76721,40.77671],[-73.76574,40.77444],[-73.76428,40.77282],[-73.76139,40.77046],[-73.7603,40.76924],[-73.75948,40.76764],[-73.75851,40.76464],[-73.75868,40.76462],[-73.75835,40.76396],[-73.75894,40.76397],[-73.75871,40.76324],[-73.75935,40.76316],[-73.75908,40.76227],[-73.76528,40.76127],[-73.76538,40.76171],[-73.76714,40.76139],[-73.76726,40.76184],[-73.76762,40.76176],[-73.76796,40.76294],[-73.76674,40.76322],[-73.7668,40.76349],[-73.76853,40.76327],[-73.76858,40.76351],[-73.76904,40.76345],[-73.76911,40.76378],[-73.7697,40.7637],[-73.77013,40.76541],[-73.77092,40.76528],[-73.77113,40.76563],[-73.77179,40.76827],[-73.77269,40.76812],[-73.77312,40.7691],[-73.77198,40.76934],[-73.77207,40.76984],[-73.77417,40.76944],[-73.77404,40.76883],[-73.77351,40.76792],[-73.7739,40.76783],[-73.77311,40.76632],[-73.77366,40.76616],[-73.77289,40.76471],[-73.77511,40.76406],[-73.77483,40.76349],[-73.77707,40.76324],[-73.77715,40.76346],[-73.77765,40.7633],[-73.7773,40.7626],[-73.77661,40.76269],[-73.77628,40.76187],[-73.78274,40.76016],[-73.78362,40.76188],[-73.78523,40.76164],[-73.78545,40.76238],[-73.78596,40.76283],[-73.78539,40.76307],[-73.78625,40.76448],[-73.78579,40.76458],[-73.78594,40.76497],[-73.7843,40.76591],[-73.78285,40.7663],[-73.78227,40.76529],[-73.78124,40.76561],[-73.78204,40.76717],[-73.78461,40.7664],[-73.78601,40.76564],[-73.78581,40.76529],[-73.78772,40.76424],[-73.78865,40.76589]]],[[[-73.76419,40.7607],[-73.76031,40.7613],[-73.75978,40.75933],[-73.75997,40.75908],[-73.76137,40.75919],[-73.76141,40.75962],[-73.76239,40.75939],[-73.76203,40.75802],[-73.76363,40.75769],[-73.76403,40.75921],[-73.76371,40.7593],[-73.76419,40.7607]]],[[[-73.78156,40.75973],[-73.77473,40.7616],[-73.77374,40.75946],[-73.7775,40.75846],[-73.77756,40.75884],[-73.77871,40.75852],[-73.77886,40.75887],[-73.78047,40.7584],[-73.78068,40.75886],[-73.78112,40.75874],[-73.78156,40.75973]]]]}},{"type":"Feature","properties":{"u":"050014zmr","n":"TOTTENVILLE REZONING","y":2005,"k":"density lowered","un":217.0,"upa":0.3,"ac":722.23,"t":true},"geometry":{"type":"Polygon","coordinates":[[[-74.24476,40.5154],[-74.24282,40.51629],[-74.2391,40.51757],[-74.2384,40.51689],[-74.2391,40.5165],[-74.23861,40.51593],[-74.24008,40.51511],[-74.2382,40.51314],[-74.23558,40.51456],[-74.23523,40.51364],[-74.23437,40.51431],[-74.2347,40.51505],[-74.23283,40.51638],[-74.22693,40.49798],[-74.23447,40.49539],[-74.23649,40.50044],[-74.23818,40.50553],[-74.24425,40.50432],[-74.24336,40.50179],[-74.24527,40.50141],[-74.24615,40.50373],[-74.24684,40.50361],[-74.24602,40.50125],[-74.24975,40.50047],[-74.25061,40.50291],[-74.25188,40.50266],[-74.25324,40.50454],[-74.25324,40.50543],[-74.25677,40.50492],[-74.25714,40.50784],[-74.25544,40.51199],[-74.25358,40.5129],[-74.25214,40.51144],[-74.25108,40.512],[-74.24809,40.50886],[-74.24607,40.50944],[-74.24515,40.50699],[-74.2422,40.50748],[-74.24285,40.5095],[-74.24002,40.51081],[-74.24008,40.51102],[-74.23854,40.51137],[-74.23884,40.51251],[-74.23979,40.51191],[-74.24029,40.51242],[-74.24288,40.51098],[-74.24245,40.51048],[-74.24534,40.50946],[-74.24869,40.51312],[-74.24715,40.51387],[-74.24532,40.51192],[-74.2445,40.51238],[-74.24572,40.51366],[-74.24408,40.51468],[-74.24476,40.5154]]]}},{"type":"Feature","properties":{"u":"100436zmq","n":"ROSEDALE REZONING","y":2010,"k":"density lowered","un":216.0,"upa":0.356,"ac":607.46,"t":false},"geometry":{"type":"MultiPolygon","coordinates":[[[[-73.72786,40.66537],[-73.72777,40.66314],[-73.7283,40.66308],[-73.72767,40.66129],[-73.72644,40.65925],[-73.72557,40.65674],[-73.72549,40.6556],[-73.72624,40.65561],[-73.72621,40.65493],[-73.72584,40.65493],[-73.72583,40.65429],[-73.72502,40.65427],[-73.72506,40.6523],[-73.73049,40.6505],[-73.73211,40.65029],[-73.7368,40.64884],[-73.73906,40.65285],[-73.73969,40.65261],[-73.73951,40.65228],[-73.73996,40.65214],[-73.74658,40.65217],[-73.74655,40.65255],[-73.74824,40.65265],[-73.74816,40.65345],[-73.74768,40.65433],[-73.74797,40.65441],[-73.74646,40.65676],[-73.74684,40.65688],[-73.74676,40.65747],[-73.74607,40.65743],[-73.7461,40.65722],[-73.74601,40.65738],[-73.74517,40.65734],[-73.74508,40.6566],[-73.74533,40.65666],[-73.74546,40.65627],[-73.74489,40.65613],[-73.74485,40.65578],[-73.74429,40.65578],[-73.74453,40.65737],[-73.74503,40.65741],[-73.74507,40.65801],[-73.74202,40.66137],[-73.74022,40.6645],[-73.73955,40.66526],[-73.73757,40.66526],[-73.73775,40.665],[-73.73728,40.66479],[-73.73707,40.66525],[-73.73174,40.66534],[-73.73153,40.6651],[-73.73101,40.66537],[-73.72992,40.66536],[-73.72982,40.66469],[-73.72959,40.66469],[-73.72934,40.66469],[-73.72934,40.66506],[-73.72965,40.66505],[-73.72966,40.66536],[-73.72786,40.66537]]],[[[-73.7283,40.67465],[-73.72758,40.67429],[-73.73015,40.67421],[-73.72994,40.67458],[-73.72909,40.67465],[-73.7283,40.67465]]],[[[-73.72786,40.67403],[-73.72795,40.67358],[-73.72869,40.67362],[-73.72845,40.67404],[-73.72786,40.67403]]],[[[-73.72868,40.67406],[-73.72883,40.67379],[-73.72963,40.67377],[-73.72949,40.67403],[-73.72868,40.67406]]],[[[-73.72973,40.674],[-73.72988,40.67374],[-73.73021,40.67385],[-73.73038,40.67356],[-73.73071,40.67366],[-73.7306,40.67386],[-73.72973,40.674]]],[[[-73.73009,40.66645],[-73.72998,40.66603],[-73.73584,40.66602],[-73.73628,40.66652],[-73.73009,40.66645]]],[[[-73.73043,40.67415],[-73.7331,40.67373],[-73.73317,40.67377],[-73.7328,40.6742],[-73.73037,40.67458],[-73.73021,40.67453],[-73.73043,40.67415]]],[[[-73.73099,40.67358],[-73.73139,40.67357],[-73.73159,40.67322],[-73.73192,40.67333],[-73.73173,40.67368],[-73.73085,40.67382],[-73.73099,40.67358]]],[[[-73.73197,40.67364],[-73.73226,40.67314],[-73.73283,40.67332],[-73.73269,40.67352],[-73.73197,40.67364]]],[[[-73.73351,40.67348],[-73.73297,40.67348],[-73.73316,40.6732],[-73.7334,40.67328],[-73.73374,40.67281],[-73.73396,40.67288],[-73.73351,40.67348]]],[[[-73.7364,40.66665],[-73.73661,40.66686],[-73.73647,40.66712],[-73.73579,40.6669],[-73.73593,40.66666],[-73.7364,40.66665]]],[[[-73.73624,40.66606],[-73.73866,40.66605],[-73.73841,40.66633],[-73.73653,40.66638],[-73.73624,40.66606]]],[[[-73.73649,40.66747],[-73.73675,40.66701],[-73.73717,40.66753],[-73.73696,40.66805],[-73.73649,40.66747]]],[[[-73.73731,40.66746],[-73.73669,40.66668],[-73.73717,40.66655],[-73.73771,40.66709],[-73.73731,40.66746]]]]}},{"type":"Feature","properties":{"u":"050482zmq","n":"COLLEGE POINT REZONING","y":2005,"k":"density lowered","un":216.0,"upa":0.487,"ac":443.17,"t":true},"geometry":{"type":"MultiPolygon","coordinates":[[[[-73.85694,40.78523],[-73.85606,40.78526],[-73.8561,40.78572],[-73.85498,40.78579],[-73.85499,40.78532],[-73.85547,40.7853],[-73.85542,40.78462],[-73.85423,40.78467],[-73.85433,40.7858],[-73.85244,40.78586],[-73.85261,40.78787],[-73.85182,40.78926],[-73.85168,40.79013],[-73.85123,40.79012],[-73.85171,40.79108],[-73.85125,40.79128],[-73.85067,40.79048],[-73.85064,40.79013],[-73.8494,40.79021],[-73.84879,40.78945],[-73.84741,40.78951],[-73.84703,40.78883],[-73.84663,40.78894],[-73.84727,40.79019],[-73.8488,40.79014],[-73.84933,40.79067],[-73.84996,40.79063],[-73.85085,40.79186],[-73.84857,40.79295],[-73.84841,40.79277],[-73.84476,40.79265],[-73.84271,40.79391],[-73.8416,40.79395],[-73.84156,40.79334],[-73.84113,40.79335],[-73.84114,40.7929],[-73.84028,40.79289],[-73.84033,40.79197],[-73.83976,40.79196],[-73.83977,40.79156],[-73.83905,40.79153],[-73.83902,40.79194],[-73.83882,40.79179],[-73.83718,40.79167],[-73.83738,40.79229],[-73.83703,40.79243],[-73.83666,40.7924],[-73.83654,40.79208],[-73.83651,40.79175],[-73.83742,40.7914],[-73.83765,40.79103],[-73.83732,40.78977],[-73.83708,40.78958],[-73.83712,40.78924],[-73.83803,40.78908],[-73.83811,40.78792],[-73.83726,40.7879],[-73.83727,40.78708],[-73.83776,40.78712],[-73.8378,40.78605],[-73.83617,40.78637],[-73.83622,40.78459],[-73.83862,40.78462],[-73.83855,40.78573],[-73.84202,40.78489],[-73.84221,40.78179],[-73.84132,40.78179],[-73.84144,40.78016],[-73.83961,40.78018],[-73.83962,40.77979],[-73.84012,40.77983],[-73.84015,40.77903],[-73.83968,40.77906],[-73.83971,40.77871],[-73.83886,40.77872],[-73.83899,40.77664],[-73.84072,40.77643],[-73.84078,40.77554],[-73.84171,40.77555],[-73.84172,40.77516],[-73.84309,40.77521],[-73.84317,40.77423],[-73.84399,40.77426],[-73.84404,40.77397],[-73.84587,40.77402],[-73.84578,40.77576],[-73.84316,40.7757],[-73.84312,40.77614],[-73.84363,40.77616],[-73.84361,40.77652],[-73.84583,40.77658],[-73.84564,40.78016],[-73.84603,40.78016],[-73.84625,40.7768],[-73.84799,40.77686],[-73.84804,40.77854],[-73.84896,40.77853],[-73.84865,40.78367],[-73.84776,40.78369],[-73.8478,40.78475],[-73.8485,40.78473],[-73.84848,40.78437],[-73.8495,40.78433],[-73.84955,40.78469],[-73.8531,40.78457],[-73.85306,40.78382],[-73.85684,40.78369],[-73.85694,40.78523]]],[[[-73.8472,40.77575],[-73.84617,40.77561],[-73.84646,40.77509],[-73.84647,40.77431],[-73.84545,40.77301],[-73.84671,40.77306],[-73.84671,40.77349],[-73.84694,40.7735],[-73.84693,40.77374],[-73.84733,40.77375],[-73.8472,40.77575]]]]}},{"type":"Feature","properties":{"u":"100036zmx","n":"THE CROSSINGS AT SOUTHERN BLVD","y":2010,"k":"more housing allowed","un":215.0,"upa":52.761,"ac":4.07,"t":false},"geometry":{"type":"Polygon","coordinates":[[[-73.89164,40.82098],[-73.88994,40.82099],[-73.89188,40.81928],[-73.8924,40.81959],[-73.89189,40.82009],[-73.89218,40.82023],[-73.89164,40.82098]]]}},{"type":"Feature","properties":{"u":"000309zmr","n":"ANNADALE REZONING","y":2000,"k":"unclassified","un":213.0,"upa":0.58,"ac":367.3,"t":true},"geometry":{"type":"Polygon","coordinates":[[[-74.18822,40.5381],[-74.18236,40.54489],[-74.18038,40.54402],[-74.17866,40.54271],[-74.17817,40.54212],[-74.17921,40.54118],[-74.17831,40.54075],[-74.1774,40.54097],[-74.17708,40.54069],[-74.17694,40.54014],[-74.17708,40.5394],[-74.17907,40.53722],[-74.18086,40.53571],[-74.18612,40.53399],[-74.18172,40.52837],[-74.181,40.5278],[-74.18003,40.5259],[-74.18186,40.52533],[-74.18577,40.53081],[-74.19432,40.52718],[-74.19629,40.52979],[-74.19817,40.53328],[-74.19279,40.53491],[-74.1899,40.53658],[-74.18822,40.5381]]]}},{"type":"Feature","properties":{"u":"110115zmx","n":"COURTLANDT CRESCENT","y":2011,"k":"unclassified","un":210.0,"upa":115.903,"ac":1.81,"t":false},"geometry":{"type":"Polygon","coordinates":[[[-73.91396,40.82572],[-73.91317,40.82546],[-73.91351,40.82481],[-73.91476,40.8252],[-73.91396,40.82572]]]}},{"type":"Feature","properties":{"u":"090308zmk","n":"ELDERT LANE RESIDENTIAL DEV","y":2009,"k":"unclassified","un":210.0,"upa":37.558,"ac":5.59,"t":true},"geometry":{"type":"Polygon","coordinates":[[[-73.86413,40.67501],[-73.86387,40.67396],[-73.86575,40.67369],[-73.86607,40.67494],[-73.86455,40.67516],[-73.86413,40.67501]]]}},{"type":"Feature","properties":{"u":"000198zmm","n":"E60TH ST REZONING","y":2007,"k":"unclassified","un":209.0,"upa":93.119,"ac":2.24,"t":true},"geometry":{"type":"Polygon","coordinates":[[[-73.96029,40.76055],[-73.95881,40.75992],[-73.95927,40.75929],[-73.95994,40.75958],[-73.95977,40.75981],[-73.96058,40.76015],[-73.96029,40.76055]]]}},{"type":"Feature","properties":{"u":"040479zmx","n":"THROGS NECK AREA REZONING","y":2004,"k":"density lowered","un":209.0,"upa":0.146,"ac":1432.34,"t":true},"geometry":{"type":"MultiPolygon","coordinates":[[[[-73.82592,40.84538],[-73.8255,40.83885],[-73.82263,40.83857],[-73.82069,40.83717],[-73.81921,40.83726],[-73.81872,40.83686],[-73.81808,40.83693],[-73.81779,40.8367],[-73.81639,40.837],[-73.81565,40.83282],[-73.81502,40.83145],[-73.81264,40.82826],[-73.81333,40.82719],[-73.81385,40.82556],[-73.81233,40.82443],[-73.80949,40.82561],[-73.80589,40.82487],[-73.80515,40.8235],[-73.80456,40.82097],[-73.79638,40.81737],[-73.79809,40.81685],[-73.802,40.81886],[-73.8043,40.81881],[-73.8049,40.81828],[-73.80598,40.81866],[-73.80591,40.8184],[-73.80206,40.8172],[-73.80429,40.81613],[-73.80189,40.81289],[-73.80028,40.81223],[-73.80251,40.80804],[-73.80371,40.80854],[-73.81067,40.81277],[-73.81365,40.81319],[-73.82011,40.81287],[-73.82662,40.81133],[-73.82891,40.81502],[-73.8236,40.81683],[-73.82447,40.81833],[-73.82159,40.81929],[-73.8227,40.82114],[-73.82104,40.82171],[-73.8229,40.82399],[-73.83124,40.82677],[-73.8296,40.82757],[-73.82979,40.82778],[-73.83005,40.82766],[-73.83089,40.82876],[-73.83172,40.8284],[-73.83312,40.82981],[-73.83351,40.82951],[-73.83452,40.83136],[-73.83089,40.83223],[-73.83122,40.83324],[-73.82864,40.83373],[-73.82935,40.8345],[-73.82992,40.83477],[-73.83288,40.83556],[-73.83381,40.83665],[-73.83844,40.83514],[-73.83852,40.83839],[-73.83802,40.8395],[-73.8373,40.84003],[-73.83772,40.84041],[-73.83849,40.84071],[-73.83972,40.84087],[-73.83982,40.8414],[-73.84008,40.8417],[-73.8368,40.84342],[-73.83113,40.84375],[-73.83106,40.84319],[-73.83031,40.84333],[-73.82898,40.8437],[-73.82826,40.84417],[-73.82857,40.84442],[-73.82592,40.84538]]],[[[-73.81114,40.84743],[-73.81044,40.84296],[-73.8146,40.84279],[-73.81508,40.84441],[-73.81677,40.84413],[-73.8165,40.84755],[-73.81114,40.84743]]],[[[-73.81101,40.84202],[-73.81895,40.84109],[-73.81913,40.84214],[-73.81791,40.8423],[-73.81733,40.84271],[-73.81104,40.84252],[-73.81101,40.84202]]]]}},{"type":"Feature","properties":{"u":"160221zmk","n":"Rose Castle Rezoning","y":2017,"k":"more housing allowed","un":208.0,"upa":55.862,"ac":3.72,"t":false},"geometry":{"type":"Polygon","coordinates":[[[-73.95887,40.69868],[-73.95875,40.69807],[-73.95783,40.69819],[-73.95767,40.69742],[-73.9586,40.69733],[-73.95874,40.69801],[-73.96007,40.69785],[-73.9602,40.69847],[-73.95887,40.69868]]]}},{"type":"Feature","properties":{"u":"160323zmx","n":"Westchester Mews Rezoning","y":2017,"k":"more housing allowed","un":206.0,"upa":41.553,"ac":4.96,"t":false},"geometry":{"type":"Polygon","coordinates":[[[-73.85465,40.8339],[-73.85444,40.83296],[-73.85749,40.83255],[-73.85761,40.83303],[-73.85587,40.83325],[-73.85599,40.83375],[-73.85465,40.8339]]]}},{"type":"Feature","properties":{"u":"970554zmr","n":"SOUTHEAST ANNADALE REZONING","y":1999,"k":"unclassified","un":205.0,"upa":0.24,"ac":852.63,"t":true},"geometry":{"type":"Polygon","coordinates":[[[-74.1862,40.53438],[-74.17597,40.54109],[-74.1744,40.54138],[-74.1625,40.53146],[-74.15668,40.52328],[-74.16744,40.51821],[-74.17001,40.51805],[-74.18013,40.52617],[-74.1862,40.53438]]]}},{"type":"Feature","properties":{"u":"080151zmm","n":"E. HARLEM CLUSTER","y":2008,"k":"unclassified","un":204.0,"upa":108.247,"ac":1.88,"t":true},"geometry":{"type":"Polygon","coordinates":[[[-73.94718,40.79681],[-73.94558,40.79613],[-73.94588,40.79574],[-73.94746,40.79642],[-73.94718,40.79681]]]}},{"type":"Feature","properties":{"u":"060180zmx","n":"WESTCHESTER SQUARE-ZEREGA REZONING","y":2006,"k":"density lowered","un":202.0,"upa":1.897,"ac":106.47,"t":true},"geometry":{"type":"MultiPolygon","coordinates":[[[[-73.85267,40.83879],[-73.85225,40.83851],[-73.85138,40.83955],[-73.85033,40.83887],[-73.85004,40.8391],[-73.85048,40.83941],[-73.84952,40.84028],[-73.8498,40.84058],[-73.84965,40.84077],[-73.84983,40.84093],[-73.84899,40.84161],[-73.85052,40.84279],[-73.84855,40.84302],[-73.84786,40.84249],[-73.84755,40.84273],[-73.84677,40.84213],[-73.84623,40.84255],[-73.84716,40.84304],[-73.84685,40.84319],[-73.8441,40.84208],[-73.84339,40.84153],[-73.8433,40.84051],[-73.84386,40.84051],[-73.84413,40.84069],[-73.84389,40.84085],[-73.84391,40.8412],[-73.84431,40.84167],[-73.84528,40.84213],[-73.84567,40.84183],[-73.84484,40.84122],[-73.84517,40.84093],[-73.84552,40.84117],[-73.84683,40.84005],[-73.84601,40.8395],[-73.84695,40.83866],[-73.84649,40.83836],[-73.84673,40.83815],[-73.84623,40.83783],[-73.84408,40.8397],[-73.84365,40.83938],[-73.8423,40.84045],[-73.84133,40.84062],[-73.84346,40.83881],[-73.84392,40.83909],[-73.84458,40.83854],[-73.8436,40.83788],[-73.84417,40.83739],[-73.84267,40.83663],[-73.843,40.83616],[-73.84278,40.83606],[-73.84354,40.8352],[-73.84492,40.83605],[-73.84555,40.83567],[-73.84567,40.83614],[-73.84667,40.8368],[-73.8487,40.83511],[-73.85014,40.83614],[-73.85054,40.8358],[-73.85207,40.83563],[-73.85267,40.83879]]],[[[-73.85334,40.84248],[-73.85121,40.84272],[-73.85095,40.84212],[-73.85325,40.84188],[-73.85334,40.84248]]]]}},{"type":"Feature","properties":{"u":"970753zmk","n":"MAIN STREET REZONING","y":1998,"k":"unclassified","un":200.0,"upa":41.821,"ac":4.78,"t":true},"geometry":{"type":"Polygon","coordinates":[[[-73.98872,40.70392],[-73.98868,40.70315],[-73.99086,40.70318],[-73.99081,40.70418],[-73.98898,40.70411],[-73.98872,40.70392]]]}},{"type":"Feature","properties":{"u":"020285zmr","n":"SIBP REZONING/CENTRAL NORTH SHORE","y":2003,"k":"density lowered","un":200.0,"upa":0.178,"ac":1125.84,"t":true},"geometry":{"type":"MultiPolygon","coordinates":[[[[-74.11427,40.61238],[-74.11343,40.61274],[-74.11227,40.61267],[-74.11035,40.61217],[-74.10933,40.61163],[-74.10968,40.61116],[-74.11145,40.61191],[-74.11301,40.61228],[-74.11368,40.61173],[-74.11392,40.61174],[-74.1141,40.61181],[-74.11427,40.61238]]],[[[-74.1252,40.62672],[-74.1249,40.62676],[-74.12451,40.6253],[-74.12458,40.62399],[-74.12361,40.62121],[-74.11956,40.62215],[-74.11783,40.61829],[-74.11478,40.61861],[-74.11468,40.61826],[-74.11428,40.61802],[-74.1138,40.61407],[-74.11697,40.61384],[-74.11699,40.61411],[-74.11902,40.614],[-74.11918,40.61521],[-74.12255,40.61495],[-74.12233,40.61378],[-74.12487,40.61364],[-74.12502,40.61507],[-74.12592,40.61501],[-74.12567,40.61324],[-74.1303,40.61281],[-74.13036,40.61322],[-74.13094,40.61318],[-74.13121,40.61502],[-74.1321,40.61512],[-74.13318,40.61447],[-74.1336,40.61443],[-74.1341,40.61447],[-74.135,40.6151],[-74.1351,40.61479],[-74.13449,40.61461],[-74.13458,40.61365],[-74.13767,40.61394],[-74.13794,40.61228],[-74.14597,40.61071],[-74.14599,40.61085],[-74.14668,40.61071],[-74.14668,40.61054],[-74.14759,40.61071],[-74.14766,40.61001],[-74.15051,40.61042],[-74.1508,40.61083],[-74.15075,40.61119],[-74.15111,40.61123],[-74.1501,40.61508],[-74.15284,40.6155],[-74.15377,40.61197],[-74.15756,40.61501],[-74.15637,40.61739],[-74.15585,40.61805],[-74.15394,40.61772],[-74.15208,40.61766],[-74.14816,40.62168],[-74.14779,40.62147],[-74.14727,40.62208],[-74.14635,40.62257],[-74.14554,40.62275],[-74.14438,40.62266],[-74.14414,40.62458],[-74.14154,40.62416],[-74.14045,40.62416],[-74.14049,40.62347],[-74.14082,40.62342],[-74.1408,40.62327],[-74.13917,40.62314],[-74.1391,40.62396],[-74.13786,40.62378],[-74.13714,40.624],[-74.13689,40.62386],[-74.13428,40.62543],[-74.13366,40.62563],[-74.1335,40.62595],[-74.13138,40.62589],[-74.13155,40.62532],[-74.13052,40.62535],[-74.13072,40.62596],[-74.12998,40.6261],[-74.12988,40.62587],[-74.12516,40.62651],[-74.1252,40.62672]]],[[[-74.12446,40.61232],[-74.1223,40.61277],[-74.12158,40.6113],[-74.12111,40.60969],[-74.12628,40.60848],[-74.12857,40.60817],[-74.14286,40.60763],[-74.14652,40.60787],[-74.14629,40.60973],[-74.14606,40.61001],[-74.14319,40.6106],[-74.13844,40.61156],[-74.13682,40.61151],[-74.13681,40.61182],[-74.13605,40.61198],[-74.13319,40.61204],[-74.13321,40.61178],[-74.13034,40.61189],[-74.13031,40.61205],[-74.12445,40.61249],[-74.12446,40.61232]]]]}},{"type":"Feature","properties":{"u":"120033zmm","n":"RUDIN WEST VILLAGE PROJECT","y":2012,"k":"unclassified","un":198.0,"upa":64.42,"ac":3.07,"t":false},"geometry":{"type":"Polygon","coordinates":[[[-74.00065,40.73724],[-73.999,40.73654],[-73.99963,40.73596],[-74.0011,40.73657],[-74.00065,40.73724]]]}},{"type":"Feature","properties":{"u":"080116zmk","n":"COLUMBIA HICKS PROJ","y":2008,"k":"unclassified","un":197.0,"upa":53.835,"ac":3.66,"t":true},"geometry":{"type":"Polygon","coordinates":[[[-74.00052,40.68966],[-73.99913,40.68928],[-73.99974,40.68798],[-74.00056,40.68825],[-74.00026,40.6889],[-74.00076,40.68907],[-74.00052,40.68966]]]}},{"type":"Feature","properties":{"u":"040543zmm","n":"TRIBECA NORTH REZONING","y":2006,"k":"unclassified","un":196.0,"upa":27.145,"ac":7.22,"t":true},"geometry":{"type":"Polygon","coordinates":[[[-74.01022,40.72418],[-74.01068,40.72153],[-74.01183,40.72164],[-74.01139,40.72429],[-74.01022,40.72418]]]}},{"type":"Feature","properties":{"u":"090250zmk","n":"CONEY ISLAND COMMONS","y":2009,"k":"unclassified","un":195.0,"upa":63.844,"ac":3.05,"t":true},"geometry":{"type":"Polygon","coordinates":[[[-73.99491,40.57288],[-73.99598,40.5728],[-73.99618,40.57399],[-73.99512,40.57411],[-73.99491,40.57288]]]}},{"type":"Feature","properties":{"u":"120195zmq","n":"WOODHAVEN-RICHMOND HILL","y":2012,"k":"density lowered","un":195.0,"upa":0.291,"ac":669.42,"t":false},"geometry":{"type":"MultiPolygon","coordinates":[[[[-73.81833,40.69023],[-73.84041,40.68401],[-73.84102,40.68529],[-73.81271,40.69334],[-73.81204,40.69204],[-73.8137,40.69158],[-73.81353,40.69122],[-73.81818,40.68992],[-73.81833,40.69023]]],[[[-73.82753,40.69794],[-73.82583,40.69449],[-73.82374,40.69508],[-73.82352,40.6946],[-73.82261,40.69486],[-73.82284,40.69533],[-73.82109,40.69583],[-73.82083,40.69535],[-73.81991,40.69564],[-73.81968,40.69513],[-73.81867,40.69542],[-73.81875,40.69556],[-73.81476,40.69669],[-73.8146,40.69637],[-73.81406,40.6965],[-73.81274,40.69413],[-73.84094,40.68613],[-73.84246,40.68924],[-73.84031,40.68986],[-73.84081,40.69086],[-73.83408,40.69283],[-73.83549,40.69567],[-73.83466,40.6959],[-73.83535,40.69742],[-73.83379,40.69832],[-73.83369,40.69804],[-73.83296,40.69842],[-73.83312,40.69868],[-73.8316,40.69943],[-73.8315,40.69929],[-73.8307,40.69957],[-73.82963,40.69735],[-73.82753,40.69794]],[[-73.82583,40.69449],[-73.82793,40.69396],[-73.82746,40.69299],[-73.82533,40.69347],[-73.82583,40.69449]]],[[[-73.85084,40.69126],[-73.85003,40.68985],[-73.85479,40.68851],[-73.8549,40.68879],[-73.85454,40.68889],[-73.85579,40.69236],[-73.85894,40.69219],[-73.86797,40.69085],[-73.86805,40.6912],[-73.8672,40.69133],[-73.86723,40.69177],[-73.86104,40.69268],[-73.86117,40.69302],[-73.86165,40.69291],[-73.86284,40.69586],[-73.85657,40.69708],[-73.85615,40.69527],[-73.8566,40.6952],[-73.85612,40.69307],[-73.85392,40.69341],[-73.85226,40.69413],[-73.85253,40.69479],[-73.85418,40.69459],[-73.85459,40.69643],[-73.85503,40.69638],[-73.85523,40.69724],[-73.85181,40.69769],[-73.84912,40.69828],[-73.84723,40.69557],[-73.84673,40.69577],[-73.84643,40.69504],[-73.84586,40.69513],[-73.84561,40.6946],[-73.84685,40.69438],[-73.84507,40.69066],[-73.84563,40.69048],[-73.84522,40.68966],[-73.84729,40.68907],[-73.84794,40.69044],[-73.84765,40.69053],[-73.84835,40.69196],[-73.85084,40.69126]],[[-73.85151,40.6911],[-73.85084,40.69126],[-73.85198,40.69335],[-73.85415,40.69257],[-73.85381,40.69162],[-73.85325,40.69206],[-73.85216,40.69228],[-73.85151,40.6911]]],[[[-73.84856,40.68815],[-73.84702,40.68859],[-73.84646,40.6874],[-73.84751,40.6871],[-73.84856,40.68815]]]]}},{"type":"Feature","properties":{"u":"870392zmk","n":"CONEY ISLAND I URP (SITE 47)","y":1988,"k":"unclassified","un":195.0,"upa":39.672,"ac":4.92,"t":true},"geometry":{"type":"Polygon","coordinates":[[[-73.99636,40.57482],[-73.99525,40.57493],[-73.99494,40.57302],[-73.996,40.5729],[-73.99636,40.57482]]]}},{"type":"Feature","properties":{"u":"180112zmm","n":"West 108th St WSFSSH","y":2018,"k":"more housing allowed","un":194.0,"upa":106.115,"ac":1.83,"t":false},"geometry":{"type":"Polygon","coordinates":[[[-73.96407,40.80187],[-73.96216,40.80107],[-73.96239,40.80075],[-73.96429,40.80155],[-73.96407,40.80187]]]}},{"type":"Feature","properties":{"u":"140275zmq","n":"11-55 49TH AVENUE REZONING","y":2014,"k":"unclassified","un":194.0,"upa":130.355,"ac":1.49,"t":false},"geometry":{"type":"Polygon","coordinates":[[[-73.94895,40.74336],[-73.94923,40.74253],[-73.95047,40.74277],[-73.95035,40.74311],[-73.94964,40.7431],[-73.94895,40.74336]]]}},{"type":"Feature","properties":{"u":"110252zmk","n":"BOREUM HILL","y":2011,"k":"density lowered","un":191.0,"upa":2.081,"ac":91.79,"t":false},"geometry":{"type":"MultiPolygon","coordinates":[[[[-73.99214,40.68928],[-73.98093,40.68499],[-73.98156,40.68406],[-73.98114,40.68389],[-73.98178,40.68294],[-73.98034,40.68238],[-73.98078,40.68175],[-73.98221,40.68231],[-73.98242,40.68199],[-73.98286,40.68216],[-73.98199,40.68343],[-73.98395,40.68419],[-73.9848,40.68292],[-73.987,40.68377],[-73.98656,40.6844],[-73.98871,40.68523],[-73.98913,40.6846],[-73.99393,40.68646],[-73.99262,40.68917],[-73.99226,40.68903],[-73.99214,40.68928]]],[[[-73.98003,40.68465],[-73.97906,40.68426],[-73.97992,40.68302],[-73.98041,40.6832],[-73.98019,40.68353],[-73.98114,40.68389],[-73.98071,40.68453],[-73.98023,40.68435],[-73.98003,40.68465]]],[[[-73.9827,40.6833],[-73.98291,40.68298],[-73.98343,40.68318],[-73.98322,40.6835],[-73.9827,40.6833]]]]}},{"type":"Feature","properties":{"u":"060320zmx","n":"UNIVERSITY HEIGHTS REZONING","y":2008,"k":"unclassified","un":190.0,"upa":13.225,"ac":14.37,"t":true},"geometry":{"type":"Polygon","coordinates":[[[-73.90566,40.86196],[-73.91018,40.86209],[-73.91067,40.86173],[-73.91215,40.86243],[-73.9111,40.86343],[-73.91013,40.86305],[-73.90906,40.86315],[-73.90905,40.86287],[-73.90503,40.86275],[-73.90566,40.86196]]]}},{"type":"Feature","properties":{"u":"080157zmx","n":"CROTONA TERRACE","y":2010,"k":"unclassified","un":188.0,"upa":67.03,"ac":2.8,"t":false},"geometry":{"type":"Polygon","coordinates":[[[-73.88619,40.84011],[-73.88467,40.8392],[-73.88535,40.8388],[-73.8866,40.83929],[-73.88619,40.84011]]]}},{"type":"Feature","properties":{"u":"200029zmk","n":"737 Fourth Avenue Rezoning","y":2021,"k":"more housing allowed","un":187.0,"upa":115.843,"ac":1.61,"t":false},"geometry":{"type":"Polygon","coordinates":[[[-73.99817,40.66047],[-73.99745,40.66115],[-73.99683,40.66078],[-73.99754,40.66009],[-73.99817,40.66047]]]}},{"type":"Feature","properties":{"u":"090281zmq","n":"NORTH FLUSHING","y":2009,"k":"density lowered","un":186.0,"upa":0.223,"ac":835.83,"t":true},"geometry":{"type":"MultiPolygon","coordinates":[[[[-73.81415,40.77568],[-73.7977,40.77441],[-73.79829,40.77505],[-73.79817,40.77512],[-73.79741,40.77502],[-73.79602,40.77389],[-73.79471,40.77338],[-73.79353,40.77337],[-73.79061,40.77446],[-73.78499,40.77593],[-73.78483,40.77365],[-73.78424,40.7713],[-73.78227,40.76764],[-73.78311,40.76741],[-73.78337,40.76799],[-73.7843,40.76774],[-73.78576,40.77069],[-73.7875,40.77018],[-73.78821,40.77163],[-73.79235,40.77038],[-73.7934,40.76098],[-73.80095,40.76167],[-73.80086,40.76292],[-73.79846,40.76282],[-73.79811,40.76503],[-73.80284,40.76543],[-73.80228,40.76928],[-73.80823,40.76967],[-73.80897,40.76463],[-73.81361,40.7657],[-73.81724,40.76577],[-73.8172,40.76661],[-73.82087,40.76619],[-73.82108,40.76722],[-73.82395,40.76694],[-73.82412,40.76787],[-73.82716,40.76762],[-73.82838,40.76794],[-73.82758,40.76877],[-73.82859,40.76855],[-73.82846,40.76958],[-73.82643,40.76986],[-73.82647,40.77227],[-73.82579,40.7723],[-73.82579,40.77272],[-73.82482,40.77275],[-73.82477,40.77532],[-73.82524,40.77529],[-73.82511,40.7758],[-73.82536,40.77606],[-73.82443,40.77657],[-73.82152,40.77682],[-73.81415,40.77568]]],[[[-73.80217,40.79562],[-73.80234,40.79437],[-73.80294,40.79442],[-73.80277,40.79567],[-73.80217,40.79562]]]]}},{"type":"Feature","properties":{"u":"180265zmq","n":"69-02 Queens Boulevard Rezoning & LSGD","y":2018,"k":"unclassified","un":183.0,"upa":102.594,"ac":1.78,"t":false},"geometry":{"type":"Polygon","coordinates":[[[-73.89404,40.739],[-73.89591,40.73902],[-73.89591,40.73962],[-73.8941,40.73925],[-73.89404,40.739]]]}},{"type":"Feature","properties":{"u":"180131zmx","n":"Spofford Campus LSGD and Rezoning","y":2018,"k":"more housing allowed","un":183.0,"upa":30.426,"ac":6.01,"t":false},"geometry":{"type":"Polygon","coordinates":[[[-73.88833,40.81423],[-73.89112,40.81381],[-73.89141,40.81489],[-73.8896,40.81517],[-73.88946,40.81464],[-73.88847,40.81479],[-73.88833,40.81423]]]}},{"type":"Feature","properties":{"u":"850213zmx","n":"HUTCHINSON RIVER, PELHAM PARKWAYS,","y":1985,"k":"unclassified","un":181.0,"upa":0.767,"ac":235.93,"t":true},"geometry":{"type":"MultiPolygon","coordinates":[[[[-73.82748,40.84935],[-73.83097,40.84737],[-73.82841,40.84834],[-73.82771,40.84723],[-73.83128,40.8459],[-73.83173,40.84694],[-73.83251,40.84649],[-73.83129,40.84455],[-73.83138,40.84386],[-73.83562,40.84355],[-73.8355,40.84479],[-73.83603,40.84449],[-73.83643,40.84455],[-73.83797,40.84521],[-73.837,40.85212],[-73.83589,40.85619],[-73.8308,40.85571],[-73.82939,40.85516],[-73.82854,40.85453],[-73.82713,40.85154],[-73.82748,40.84935]]],[[[-73.82687,40.84591],[-73.83049,40.84466],[-73.8308,40.8453],[-73.82732,40.84661],[-73.82687,40.84591]]]]}},{"type":"Feature","properties":{"u":"090382zmq","n":"MIDDLE VILLAGE/GLENDALE/MASPETH","y":2009,"k":"density lowered","un":180.0,"upa":0.231,"ac":778.14,"t":true},"geometry":{"type":"MultiPolygon","coordinates":[[[[-73.89497,40.72533],[-73.89274,40.72538],[-73.89038,40.72606],[-73.89031,40.72494],[-73.88955,40.72487],[-73.88684,40.72147],[-73.88929,40.72036],[-73.89037,40.72173],[-73.89133,40.72128],[-73.89086,40.72067],[-73.89129,40.72044],[-73.89072,40.71967],[-73.89116,40.71949],[-73.89247,40.72115],[-73.89341,40.72071],[-73.89374,40.72116],[-73.89417,40.72096],[-73.89514,40.72214],[-73.89473,40.72237],[-73.89506,40.72286],[-73.89432,40.72319],[-73.89555,40.72347],[-73.8957,40.72392],[-73.89834,40.72315],[-73.89905,40.72392],[-73.90012,40.72332],[-73.89982,40.72118],[-73.89738,40.72151],[-73.89737,40.72045],[-73.90004,40.72008],[-73.90019,40.72081],[-73.90186,40.72061],[-73.90127,40.71838],[-73.90034,40.71839],[-73.90034,40.71805],[-73.90004,40.71801],[-73.89983,40.71835],[-73.89835,40.7192],[-73.89727,40.71817],[-73.89899,40.71726],[-73.89773,40.71683],[-73.89745,40.71645],[-73.89992,40.71519],[-73.89984,40.71487],[-73.89877,40.71533],[-73.89835,40.71432],[-73.89713,40.71458],[-73.89615,40.7125],[-73.89356,40.7124],[-73.89329,40.71099],[-73.89377,40.71061],[-73.89434,40.71036],[-73.89689,40.71141],[-73.89727,40.71212],[-73.89727,40.71255],[-73.90061,40.71268],[-73.90124,40.71495],[-73.90354,40.71456],[-73.90349,40.71438],[-73.90393,40.71432],[-73.90405,40.71464],[-73.905,40.71452],[-73.90577,40.71478],[-73.90583,40.71504],[-73.90638,40.71496],[-73.90647,40.71532],[-73.90674,40.71527],[-73.90682,40.71566],[-73.90731,40.71561],[-73.90749,40.71645],[-73.90796,40.71638],[-73.90808,40.71687],[-73.90849,40.7168],[-73.9086,40.71743],[-73.90822,40.71906],[-73.90863,40.72399],[-73.90443,40.72371],[-73.90419,40.72628],[-73.89497,40.72533]]],[[[-73.88207,40.70224],[-73.88042,40.70249],[-73.87955,40.70301],[-73.87932,40.70244],[-73.87558,40.70272],[-73.87544,40.70238],[-73.87825,40.70215],[-73.8781,40.70178],[-73.87985,40.70165],[-73.88068,40.7014],[-73.88115,40.70113],[-73.88099,40.70075],[-73.88141,40.70064],[-73.88131,40.70038],[-73.88219,40.70015],[-73.88266,40.70075],[-73.88418,40.70024],[-73.88769,40.69969],[-73.88828,40.6988],[-73.88767,40.69742],[-73.8864,40.69644],[-73.88867,40.6959],[-73.88824,40.69501],[-73.89203,40.69437],[-73.89239,40.69531],[-73.89327,40.69508],[-73.89371,40.69611],[-73.89329,40.69626],[-73.89353,40.69687],[-73.89443,40.69614],[-73.89458,40.69657],[-73.89513,40.69643],[-73.89502,40.69618],[-73.8954,40.69594],[-73.89502,40.69568],[-73.8953,40.69546],[-73.8951,40.69496],[-73.89573,40.69478],[-73.89517,40.69441],[-73.8956,40.694],[-73.89415,40.69318],[-73.89441,40.69291],[-73.8953,40.6934],[-73.89556,40.69312],[-73.89469,40.6926],[-73.89698,40.69199],[-73.89767,40.69333],[-73.89712,40.69396],[-73.89736,40.69412],[-73.90003,40.69345],[-73.89836,40.69616],[-73.89759,40.69653],[-73.89794,40.69703],[-73.89603,40.69884],[-73.89493,40.69896],[-73.89501,40.69965],[-73.89413,40.69996],[-73.89424,40.70084],[-73.89385,40.70087],[-73.89278,40.70186],[-73.89165,40.70214],[-73.89191,40.70288],[-73.89108,40.7038],[-73.88345,40.70561],[-73.88207,40.70224]]],[[[-73.87553,40.72461],[-73.87524,40.72424],[-73.87281,40.72531],[-73.87193,40.72421],[-73.87028,40.72488],[-73.86983,40.72421],[-73.8693,40.72444],[-73.86663,40.72146],[-73.8679,40.72092],[-73.86768,40.72101],[-73.86715,40.7204],[-73.8668,40.72055],[-73.86632,40.71999],[-73.87037,40.71819],[-73.87243,40.71786],[-73.87416,40.72219],[-73.87456,40.72202],[-73.8763,40.72416],[-73.87588,40.72434],[-73.87612,40.72463],[-73.87573,40.72483],[-73.87629,40.72559],[-73.87434,40.72513],[-73.87553,40.72461]]],[[[-73.86254,40.71188],[-73.86232,40.71162],[-73.86192,40.71183],[-73.86116,40.71169],[-73.86053,40.71088],[-73.86143,40.71043],[-73.86065,40.70949],[-73.85985,40.70983],[-73.85967,40.7088],[-73.86239,40.70753],[-73.86383,40.70934],[-73.86581,40.70834],[-73.86633,40.709],[-73.86433,40.70994],[-73.86496,40.71076],[-73.86254,40.71188]]],[[[-73.87799,40.72968],[-73.87716,40.72902],[-73.87649,40.7295],[-73.87514,40.7285],[-73.87586,40.72798],[-73.87649,40.72849],[-73.87744,40.72778],[-73.87842,40.72851],[-73.87874,40.72828],[-73.87904,40.72851],[-73.87949,40.72823],[-73.88021,40.72888],[-73.87799,40.72968]]],[[[-73.88368,40.7285],[-73.88145,40.72573],[-73.8823,40.72543],[-73.8833,40.72665],[-73.88449,40.72651],[-73.88498,40.72838],[-73.88368,40.7285]]],[[[-73.87421,40.72776],[-73.87383,40.72748],[-73.8747,40.72709],[-73.8752,40.7275],[-73.87586,40.72702],[-73.87644,40.72748],[-73.87582,40.72795],[-73.87551,40.72774],[-73.87422,40.7287],[-73.87454,40.72894],[-73.87399,40.72933],[-73.87464,40.72984],[-73.87419,40.73013],[-73.87212,40.72928],[-73.87421,40.72776]]],[[[-73.88614,40.72519],[-73.88617,40.72464],[-73.8888,40.72482],[-73.88885,40.72692],[-73.88825,40.72729],[-73.88818,40.72619],[-73.88713,40.72615],[-73.8871,40.72525],[-73.88614,40.72519]]],[[[-73.87182,40.72685],[-73.87239,40.72596],[-73.87289,40.72616],[-73.87317,40.72576],[-73.87386,40.72644],[-73.87352,40.72669],[-73.87385,40.72694],[-73.87289,40.72763],[-73.87182,40.72685]]],[[[-73.8813,40.72142],[-73.8824,40.72138],[-73.88362,40.72297],[-73.88283,40.72333],[-73.8813,40.72142]]],[[[-73.88037,40.72722],[-73.88136,40.72696],[-73.88261,40.72858],[-73.88156,40.72865],[-73.88037,40.72722]]],[[[-73.88813,40.71829],[-73.88959,40.71763],[-73.89037,40.71848],[-73.88886,40.71915],[-73.88813,40.71829]]],[[[-73.85996,40.71315],[-73.85999,40.71192],[-73.86184,40.71223],[-73.85996,40.71315]]],[[[-73.87104,40.70703],[-73.87054,40.70643],[-73.87123,40.70627],[-73.87146,40.70679],[-73.87292,40.7066],[-73.87302,40.7069],[-73.87104,40.70703]]],[[[-73.88576,40.72658],[-73.88651,40.72658],[-73.88654,40.72803],[-73.88618,40.72813],[-73.88576,40.72658]]],[[[-73.87792,40.72622],[-73.87835,40.72604],[-73.87894,40.72679],[-73.87824,40.72719],[-73.87768,40.72664],[-73.87805,40.72639],[-73.87792,40.72622]]],[[[-73.86997,40.70853],[-73.87061,40.70826],[-73.87087,40.70885],[-73.87021,40.70914],[-73.86997,40.70853]]],[[[-73.8601,40.7064],[-73.86062,40.70611],[-73.86091,40.70639],[-73.86038,40.70667],[-73.8601,40.7064]]]]}},{"type":"Feature","properties":{"u":"150211zmm","n":"La Promesa","y":2015,"k":"unclassified","un":179.0,"upa":165.667,"ac":1.08,"t":false},"geometry":{"type":"Polygon","coordinates":[[[-73.93337,40.7986],[-73.93304,40.79901],[-73.93222,40.79866],[-73.93254,40.79823],[-73.93337,40.7986]]]}},{"type":"Feature","properties":{"u":"170140zmx","n":"600 E 156TH STREET","y":2017,"k":"more housing allowed","un":175.0,"upa":200.343,"ac":0.87,"t":false},"geometry":{"type":"Polygon","coordinates":[[[-73.90989,40.81866],[-73.90974,40.819],[-73.90875,40.81877],[-73.90889,40.81842],[-73.90989,40.81866]]]}},{"type":"Feature","properties":{"u":"180042zmk","n":"1010 Pacific Street Rezoning","y":2019,"k":"unclassified","un":175.0,"upa":110.985,"ac":1.58,"t":false},"geometry":{"type":"Polygon","coordinates":[[[-73.95871,40.67867],[-73.96036,40.67902],[-73.96022,40.6794],[-73.95857,40.67906],[-73.95871,40.67867]]]}},{"type":"Feature","properties":{"u":"150288zmx","n":"TRES PUENTES","y":2015,"k":"unclassified","un":175.0,"upa":41.172,"ac":4.25,"t":false},"geometry":{"type":"Polygon","coordinates":[[[-73.9246,40.81071],[-73.92514,40.81003],[-73.9272,40.81091],[-73.92672,40.81156],[-73.9246,40.81071]]]}},{"type":"Feature","properties":{"u":"180131zmx","n":"Park Haven","y":2018,"k":"more housing allowed","un":175.0,"upa":137.577,"ac":1.27,"t":false},"geometry":{"type":"Polygon","coordinates":[[[-73.91563,40.80971],[-73.91619,40.8088],[-73.9167,40.80902],[-73.91643,40.8092],[-73.9162,40.80989],[-73.91563,40.80971]]]}},{"type":"Feature","properties":{"u":"200056zmk","n":"803 Rockaway Avenue Rezoning","y":2020,"k":"more housing allowed","un":174.0,"upa":67.162,"ac":2.59,"t":false},"geometry":{"type":"Polygon","coordinates":[[[-73.90811,40.65949],[-73.90841,40.66066],[-73.90749,40.6608],[-73.90719,40.65963],[-73.90811,40.65949]]]}},{"type":"Feature","properties":{"u":"210213zmq","n":"97-04 Sutphin Boulevard Rezoning","y":2022,"k":"unclassified","un":173.0,"upa":288.943,"ac":0.6,"t":false},"geometry":{"type":"Polygon","coordinates":[[[-73.80638,40.69663],[-73.80654,40.69688],[-73.8057,40.69717],[-73.80554,40.69692],[-73.80638,40.69663]]]}},{"type":"Feature","properties":{"u":"190053zmk","n":"1640 Flatbush Avenue","y":2019,"k":"more housing allowed","un":171.0,"upa":139.515,"ac":1.23,"t":false},"geometry":{"type":"Polygon","coordinates":[[[-73.94481,40.63014],[-73.94565,40.63004],[-73.94573,40.63044],[-73.94702,40.63029],[-73.94705,40.63044],[-73.94532,40.63062],[-73.94481,40.63014]]]}},{"type":"Feature","properties":{"u":"210161zmq","n":"98-81 Queens Blvd.","y":2022,"k":"more housing allowed","un":169.0,"upa":99.554,"ac":1.7,"t":false},"geometry":{"type":"Polygon","coordinates":[[[-73.85625,40.7279],[-73.85489,40.72831],[-73.85455,40.72764],[-73.85509,40.72748],[-73.85625,40.7279]]]}},{"type":"Feature","properties":{"u":"060335zmx","n":"PELHAM PKWY/INDIAN VILLAGE REZONING","y":2006,"k":"density lowered","un":169.0,"upa":0.77,"ac":219.45,"t":true},"geometry":{"type":"MultiPolygon","coordinates":[[[[-73.85637,40.85756],[-73.84938,40.85812],[-73.8494,40.85684],[-73.8501,40.85636],[-73.84829,40.85474],[-73.84799,40.8542],[-73.84801,40.85396],[-73.84918,40.85322],[-73.84879,40.85261],[-73.84942,40.85213],[-73.84861,40.85109],[-73.84969,40.85107],[-73.85137,40.85031],[-73.853,40.85223],[-73.86116,40.8486],[-73.865,40.8501],[-73.86354,40.85053],[-73.86353,40.85198],[-73.85637,40.85756]]],[[[-73.8428,40.856],[-73.84229,40.85768],[-73.83756,40.85694],[-73.83815,40.8567],[-73.83713,40.85655],[-73.83723,40.856],[-73.83785,40.85577],[-73.84073,40.8562],[-73.84086,40.85571],[-73.8428,40.856]]]]}},{"type":"Feature","properties":{"u":"180211zmq","n":"11-14 35th AVENUE Ravenswood Rezoning","y":2018,"k":"more housing allowed","un":165.0,"upa":78.436,"ac":2.1,"t":false},"geometry":{"type":"Polygon","coordinates":[[[-73.93847,40.76269],[-73.93805,40.76254],[-73.93914,40.7608],[-73.93956,40.76096],[-73.93847,40.76269]]]}},{"type":"Feature","properties":{"u":"050236zmk","n":"DAHILL RD","y":2008,"k":"unclassified","un":163.0,"upa":69.785,"ac":2.34,"t":true},"geometry":{"type":"Polygon","coordinates":[[[-73.97895,40.62661],[-73.97856,40.62699],[-73.9768,40.62593],[-73.97723,40.62588],[-73.97722,40.62556],[-73.97895,40.62661]]]}},{"type":"Feature","properties":{"u":"180459zmk","n":"570 Fulton","y":2019,"k":"unclassified","un":163.0,"upa":135.068,"ac":1.21,"t":false},"geometry":{"type":"Polygon","coordinates":[[[-73.9796,40.68838],[-73.98025,40.68793],[-73.98093,40.68891],[-73.9796,40.68838]]]}},{"type":"Feature","properties":{"u":"020188zmr","n":"NICHOLAS AVE REZONING","y":2003,"k":"unclassified","un":162.0,"upa":9.598,"ac":16.88,"t":true},"geometry":{"type":"Polygon","coordinates":[[[-74.14149,40.6395],[-74.14044,40.63986],[-74.13881,40.63981],[-74.13943,40.63805],[-74.14333,40.63614],[-74.14251,40.63819],[-74.14206,40.63842],[-74.1419,40.63891],[-74.14144,40.63882],[-74.14105,40.63839],[-74.14073,40.63858],[-74.14149,40.6395]]]}},{"type":"Feature","properties":{"u":"080213zmk","n":"GRAND STREET REZONING","y":2008,"k":"density lowered","un":161.0,"upa":5.496,"ac":29.29,"t":true},"geometry":{"type":"MultiPolygon","coordinates":[[[[-73.96333,40.71444],[-73.96287,40.71514],[-73.96145,40.7165],[-73.95863,40.71483],[-73.95886,40.7147],[-73.96044,40.7152],[-73.96075,40.71491],[-73.95951,40.7143],[-73.95933,40.71446],[-73.95814,40.71388],[-73.95801,40.71408],[-73.95627,40.71345],[-73.95644,40.71318],[-73.95508,40.71257],[-73.95568,40.71188],[-73.95847,40.71288],[-73.95858,40.7127],[-73.96333,40.71444]]],[[[-73.96287,40.71514],[-73.96294,40.71507],[-73.96281,40.71523],[-73.96287,40.71514]]]]}},{"type":"Feature","properties":{"u":"880703zmm","n":"WEST 53RD ST REZONING (FOLK ART)","y":1990,"k":"unclassified","un":161.0,"upa":180.875,"ac":0.89,"t":true},"geometry":{"type":"Polygon","coordinates":[[[-73.97862,40.76157],[-73.9782,40.76211],[-73.97765,40.76186],[-73.97809,40.76135],[-73.97862,40.76157]]]}},{"type":"Feature","properties":{"u":"170336zmq","n":"Northeastern Towers Annex Rezoning","y":2017,"k":"more housing allowed","un":159.0,"upa":53.065,"ac":3.0,"t":false},"geometry":{"type":"Polygon","coordinates":[[[-73.77779,40.67619],[-73.77713,40.67532],[-73.77793,40.6747],[-73.77877,40.6753],[-73.77836,40.67562],[-73.77851,40.67574],[-73.77779,40.67619]]]}},{"type":"Feature","properties":{"u":"030294zmk","n":"FRANKLIN LOFTS","y":2004,"k":"unclassified","un":158.0,"upa":105.62,"ac":1.5,"t":true},"geometry":{"type":"Polygon","coordinates":[[[-73.95648,40.67697],[-73.95637,40.67784],[-73.95559,40.67766],[-73.95592,40.67682],[-73.95648,40.67697]]]}},{"type":"Feature","properties":{"u":"170392zmx","n":"1965 Lafayette Avenue","y":2017,"k":"more housing allowed","un":154.0,"upa":40.271,"ac":3.82,"t":false},"geometry":{"type":"Polygon","coordinates":[[[-73.85634,40.82306],[-73.85616,40.82231],[-73.85827,40.82202],[-73.85845,40.82278],[-73.85634,40.82306]]]}},{"type":"Feature","properties":{"u":"190049zmx","n":"Belmont Cove - Rezoning","y":2019,"k":"more housing allowed","un":153.0,"upa":187.169,"ac":0.82,"t":false},"geometry":{"type":"Polygon","coordinates":[[[-73.89249,40.84383],[-73.89276,40.84356],[-73.89357,40.84396],[-73.89325,40.84428],[-73.89249,40.84383]]]}},{"type":"Feature","properties":{"u":"900075zmk","n":"COLUMBIA ST URP","y":1991,"k":"unclassified","un":153.0,"upa":26.716,"ac":5.73,"t":true},"geometry":{"type":"Polygon","coordinates":[[[-74.00162,40.68788],[-74.00084,40.68931],[-73.99989,40.689],[-73.99953,40.68818],[-73.99992,40.6874],[-74.00162,40.68788]]]}},{"type":"Feature","properties":{"u":"200358zmk","n":"2300 Cropsey Avenue Rezoning","y":2022,"k":"unclassified","un":151.0,"upa":61.651,"ac":2.45,"t":false},"geometry":{"type":"Polygon","coordinates":[[[-73.99629,40.59528],[-73.99763,40.59463],[-73.99825,40.59512],[-73.99689,40.59578],[-73.99629,40.59528]]]}},{"type":"Feature","properties":{"u":"120122zmm","n":"NYU CORE, MERCER ST., BLEECKER ST.","y":2012,"k":"unclassified","un":150.0,"upa":8.731,"ac":17.18,"t":false},"geometry":{"type":"Polygon","coordinates":[[[-73.99562,40.72821],[-73.99763,40.7259],[-73.99986,40.72701],[-73.99789,40.72932],[-73.99562,40.72821]]]}},{"type":"Feature","properties":{"u":"140111zmq","n":"18-70 WOODWARD AVENUE REZONING","y":2014,"k":"unclassified","un":146.0,"upa":25.46,"ac":5.73,"t":false},"geometry":{"type":"Polygon","coordinates":[[[-73.9172,40.71213],[-73.91646,40.71169],[-73.91759,40.71058],[-73.9196,40.71177],[-73.91927,40.71201],[-73.91876,40.71171],[-73.9182,40.71226],[-73.91749,40.71185],[-73.9172,40.71213]]]}},{"type":"Feature","properties":{"u":"800208zmm","n":"125 ST BET BDWAY & TIEMAWN PL","y":1981,"k":"unclassified","un":145.0,"upa":82.799,"ac":1.75,"t":true},"geometry":{"type":"Polygon","coordinates":[[[-73.95936,40.81602],[-73.95882,40.81627],[-73.95829,40.81565],[-73.95868,40.81511],[-73.9592,40.81531],[-73.95936,40.81602]]]}},{"type":"Feature","properties":{"u":"760062zmm","n":"SPEC LITTLE ITALY DIST -Z MAP CHANGE","y":1977,"k":"unclassified","un":145.0,"upa":2.095,"ac":69.2,"t":true},"geometry":{"type":"MultiPolygon","coordinates":[[[[-73.99535,40.71832],[-73.99633,40.71655],[-73.99828,40.7168],[-73.99921,40.71721],[-73.99939,40.71778],[-73.9988,40.71987],[-73.99768,40.72136],[-73.9946,40.72026],[-73.99535,40.71832]]],[[[-73.99266,40.72562],[-73.99437,40.7208],[-73.99754,40.72186],[-73.99686,40.72366],[-73.99469,40.72605],[-73.99266,40.72562]]]]}},{"type":"Feature","properties":{"u":"870887zmq","n":"ELMHURST QUALITY HOUSING SITE","y":1988,"k":"unclassified","un":138.0,"upa":44.772,"ac":3.08,"t":true},"geometry":{"type":"Polygon","coordinates":[[[-73.88304,40.74047],[-73.8829,40.74162],[-73.88185,40.74174],[-73.88145,40.74102],[-73.88304,40.74047]]]}},{"type":"Feature","properties":{"u":"020127zmq","n":"45TH AVENUE/ELMHURST REZONING","y":2006,"k":"unclassified","un":138.0,"upa":66.981,"ac":2.06,"t":true},"geometry":{"type":"Polygon","coordinates":[[[-73.88294,40.74162],[-73.88182,40.74175],[-73.88155,40.74112],[-73.88279,40.74082],[-73.88294,40.74162]]]}},{"type":"Feature","properties":{"u":"970578zmx","n":"LANDING RD REZONING","y":2001,"k":"unclassified","un":136.0,"upa":58.434,"ac":2.33,"t":true},"geometry":{"type":"Polygon","coordinates":[[[-73.91156,40.86332],[-73.91031,40.86278],[-73.91054,40.86217],[-73.91211,40.86284],[-73.91156,40.86332]]]}},{"type":"Feature","properties":{"u":"180088zmx","n":"Willow Avenue Rezoning","y":2018,"k":"more housing allowed","un":133.0,"upa":73.127,"ac":1.82,"t":false},"geometry":{"type":"Polygon","coordinates":[[[-73.9142,40.80213],[-73.9132,40.8017],[-73.91371,40.80101],[-73.9143,40.80126],[-73.91412,40.80148],[-73.91454,40.80165],[-73.9142,40.80213]]]}},{"type":"Feature","properties":{"u":"210166zmk","n":"79 Quay Street Rezoning","y":2021,"k":"more housing allowed","un":132.0,"upa":186.045,"ac":0.71,"t":false},"geometry":{"type":"Polygon","coordinates":[[[-73.95866,40.72619],[-73.95871,40.72654],[-73.95778,40.72662],[-73.95785,40.72627],[-73.95866,40.72619]]]}},{"type":"Feature","properties":{"u":"900613zmm","n":"SPECIAL CLINTON DISTRICT","y":1990,"k":"unclassified","un":131.0,"upa":5.932,"ac":22.08,"t":true},"geometry":{"type":"MultiPolygon","coordinates":[[[[-73.99282,40.76412],[-73.99448,40.76182],[-73.99575,40.76231],[-73.99402,40.76463],[-73.99282,40.76412]]],[[[-73.99218,40.76501],[-73.9927,40.7643],[-73.99455,40.76509],[-73.994,40.76582],[-73.99218,40.76501]]],[[[-73.98594,40.76363],[-73.98645,40.76298],[-73.98817,40.76367],[-73.98768,40.76439],[-73.98594,40.76363]]],[[[-73.99072,40.76193],[-73.99096,40.76158],[-73.99287,40.76238],[-73.99258,40.76273],[-73.99072,40.76193]]],[[[-73.99119,40.76131],[-73.99142,40.76097],[-73.99331,40.76177],[-73.99308,40.76215],[-73.99119,40.76131]]],[[[-73.98801,40.76567],[-73.98822,40.76534],[-73.99017,40.76614],[-73.99,40.76646],[-73.98801,40.76567]]]]}},{"type":"Feature","properties":{"u":"840131zmk","n":"NYCHA TURNKEY PROJECT","y":1984,"k":"unclassified","un":131.0,"upa":9.444,"ac":13.87,"t":true},"geometry":{"type":"Polygon","coordinates":[[[-73.96739,40.70799],[-73.96701,40.71007],[-73.9656,40.71029],[-73.96369,40.71009],[-73.96378,40.70961],[-73.96602,40.70783],[-73.96739,40.70799]]]}},{"type":"Feature","properties":{"u":"050172zmx","n":"WESTCHESTER AVE REZONING","y":2008,"k":"unclassified","un":131.0,"upa":45.014,"ac":2.91,"t":true},"geometry":{"type":"Polygon","coordinates":[[[-73.85771,40.83358],[-73.85589,40.83377],[-73.85575,40.83312],[-73.85759,40.83288],[-73.85771,40.83358]]]}},{"type":"Feature","properties":{"u":"200314zmk","n":"824 Metropolitan Avenue Rezoning","y":2021,"k":"more housing allowed","un":131.0,"upa":163.666,"ac":0.8,"t":false},"geometry":{"type":"Polygon","coordinates":[[[-73.9419,40.71436],[-73.94209,40.71474],[-73.94105,40.71469],[-73.94107,40.71433],[-73.9419,40.71436]]]}},{"type":"Feature","properties":{"u":"010601zmr","n":"MARINERS HARBOR CONTEXTUAL REZONING","y":2001,"k":"unclassified","un":130.0,"upa":0.568,"ac":228.76,"t":true},"geometry":{"type":"Polygon","coordinates":[[[-74.16116,40.63777],[-74.1588,40.63695],[-74.15391,40.63696],[-74.14838,40.63745],[-74.14827,40.63595],[-74.14849,40.63475],[-74.15062,40.63466],[-74.15176,40.62703],[-74.15175,40.62599],[-74.1547,40.62635],[-74.15439,40.62828],[-74.15624,40.62866],[-74.1574,40.62863],[-74.15738,40.63011],[-74.15906,40.63008],[-74.15906,40.62819],[-74.16041,40.62821],[-74.16041,40.62707],[-74.16107,40.62711],[-74.16105,40.62736],[-74.16157,40.62736],[-74.16149,40.62821],[-74.16191,40.62821],[-74.16188,40.62848],[-74.16207,40.62852],[-74.16175,40.63183],[-74.1612,40.63174],[-74.16111,40.63208],[-74.16031,40.6321],[-74.15832,40.63192],[-74.1583,40.63369],[-74.16164,40.63374],[-74.16138,40.63732],[-74.16116,40.63777]]]}},{"type":"Feature","properties":{"u":"870805zmx","n":"SHOREHAVEN","y":1988,"k":"unclassified","un":130.0,"upa":3.063,"ac":42.44,"t":true},"geometry":{"type":"MultiPolygon","coordinates":[[[[-73.85098,40.80344],[-73.85406,40.80278],[-73.85553,40.80923],[-73.85186,40.80712],[-73.85098,40.80344]]],[[[-73.8499,40.80799],[-73.84946,40.80588],[-73.8507,40.80652],[-73.85098,40.80786],[-73.8499,40.80799]]]]}},{"type":"Feature","properties":{"u":"090154zmk","n":"MAPLE LANE VIEWS","y":2013,"k":"unclassified","un":128.0,"upa":48.736,"ac":2.63,"t":false},"geometry":{"type":"Polygon","coordinates":[[[-73.99195,40.62486],[-73.99255,40.62428],[-73.99451,40.62547],[-73.99253,40.62522],[-73.99195,40.62486]]]}},{"type":"Feature","properties":{"u":"080426zmr","n":"ST GEORGE DIST","y":2008,"k":"density lowered","un":127.0,"upa":1.614,"ac":78.69,"t":true},"geometry":{"type":"Polygon","coordinates":[[[-74.0781,40.63899],[-74.07892,40.64199],[-74.07817,40.6421],[-74.08026,40.64483],[-74.07762,40.64552],[-74.07517,40.64201],[-74.07414,40.64215],[-74.0738,40.64141],[-74.07293,40.64148],[-74.07271,40.64109],[-74.06993,40.64128],[-74.06983,40.64075],[-74.07326,40.64049],[-74.07325,40.63789],[-74.07677,40.63777],[-74.07662,40.63738],[-74.07768,40.63717],[-74.07828,40.63827],[-74.07886,40.63834],[-74.07892,40.63876],[-74.0781,40.63899]]]}},{"type":"Feature","properties":{"u":"100041zmk","n":"59 WALTON STREET REZONING","y":2012,"k":"unclassified","un":126.0,"upa":13.871,"ac":9.08,"t":false},"geometry":{"type":"Polygon","coordinates":[[[-73.95255,40.70206],[-73.95023,40.70356],[-73.95029,40.7006],[-73.95076,40.70045],[-73.95255,40.70206]]]}},{"type":"Feature","properties":{"u":"010594zmk","n":"WEST BUSHWICK URP","y":2001,"k":"unclassified","un":126.0,"upa":8.37,"ac":15.05,"t":true},"geometry":{"type":"Polygon","coordinates":[[[-73.93484,40.69875],[-73.93545,40.69902],[-73.93915,40.7011],[-73.93784,40.7014],[-73.93657,40.70075],[-73.93469,40.70123],[-73.93383,40.69912],[-73.93484,40.69875]]]}},{"type":"Feature","properties":{"u":"170454zmk","n":"Edwin's Place","y":2017,"k":"more housing allowed","un":126.0,"upa":151.437,"ac":0.83,"t":false},"geometry":{"type":"Polygon","coordinates":[[[-73.91745,40.66168],[-73.91736,40.66131],[-73.9183,40.66117],[-73.9184,40.66153],[-73.91745,40.66168]]]}},{"type":"Feature","properties":{"u":"100277zmm","n":"SUGAR HILL PROJ","y":2010,"k":"unclassified","un":124.0,"upa":63.578,"ac":1.95,"t":false},"geometry":{"type":"Polygon","coordinates":[[[-73.94137,40.8309],[-73.94035,40.83047],[-73.94028,40.83022],[-73.94058,40.8298],[-73.94163,40.83025],[-73.94137,40.8309]]]}},{"type":"Feature","properties":{"u":"060210zmm","n":"MADISON PARK WEST","y":2006,"k":"unclassified","un":122.0,"upa":26.402,"ac":4.62,"t":true},"geometry":{"type":"Polygon","coordinates":[[[-73.98961,40.74367],[-73.98914,40.74347],[-73.98943,40.74149],[-73.99076,40.74204],[-73.98961,40.74367]]]}},{"type":"Feature","properties":{"u":"820721zmx","n":"1768-1858, 1761-1831, 1764-1864 VYS","y":1982,"k":"unclassified","un":121.0,"upa":6.853,"ac":17.66,"t":true},"geometry":{"type":"Polygon","coordinates":[[[-73.88574,40.83679],[-73.88403,40.83954],[-73.88195,40.83827],[-73.88333,40.83592],[-73.88574,40.83679]]]}},{"type":"Feature","properties":{"u":"060006zmm","n":"FAR WEST VILLAGE","y":2005,"k":"density lowered","un":120.0,"upa":4.766,"ac":25.18,"t":true},"geometry":{"type":"Polygon","coordinates":[[[-74.00987,40.73938],[-74.00948,40.73938],[-74.00954,40.73847],[-74.00894,40.73844],[-74.00896,40.73815],[-74.00816,40.73815],[-74.00808,40.73905],[-74.00764,40.73905],[-74.00772,40.73756],[-74.00821,40.73756],[-74.00825,40.73699],[-74.00978,40.73698],[-74.00984,40.73602],[-74.00832,40.7362],[-74.00852,40.73384],[-74.00874,40.73385],[-74.00879,40.73321],[-74.00909,40.73325],[-74.00909,40.73258],[-74.00863,40.73266],[-74.00893,40.73116],[-74.01033,40.7313],[-74.01002,40.73457],[-74.00987,40.73938]]]}},{"type":"Feature","properties":{"u":"010123zmk","n":"WEST BUSHWICK AREA","y":2001,"k":"unclassified","un":119.0,"upa":16.116,"ac":7.38,"t":true},"geometry":{"type":"Polygon","coordinates":[[[-73.93052,40.70354],[-73.92973,40.70306],[-73.93075,40.702],[-73.92926,40.70116],[-73.92973,40.70066],[-73.9321,40.702],[-73.93052,40.70354]]]}},{"type":"Feature","properties":{"u":"130273zmx","n":"EAST FORDHAM ROAD","y":2013,"k":"density lowered","un":119.0,"upa":4.224,"ac":28.17,"t":false},"geometry":{"type":"Polygon","coordinates":[[[-73.88329,40.85633],[-73.8827,40.85704],[-73.88387,40.85763],[-73.88399,40.8575],[-73.88505,40.85793],[-73.88646,40.85627],[-73.88682,40.85644],[-73.88729,40.85589],[-73.88773,40.85612],[-73.88587,40.85829],[-73.88775,40.85929],[-73.88673,40.86012],[-73.88503,40.85922],[-73.88464,40.85965],[-73.88418,40.85941],[-73.88456,40.85897],[-73.88397,40.85865],[-73.88356,40.85914],[-73.88212,40.85845],[-73.88141,40.85809],[-73.88179,40.85753],[-73.88072,40.85709],[-73.88089,40.85607],[-73.88173,40.85665],[-73.8819,40.85631],[-73.88235,40.85645],[-73.88252,40.85612],[-73.88329,40.85633]]]}},{"type":"Feature","properties":{"u":"050289zmx","n":"PELHAM GARDENS","y":2005,"k":"both","un":117.0,"upa":0.238,"ac":491.22,"t":true},"geometry":{"type":"MultiPolygon","coordinates":[[[[-73.84424,40.87309],[-73.84355,40.87126],[-73.84297,40.87145],[-73.84206,40.86961],[-73.84136,40.86984],[-73.84098,40.869],[-73.84016,40.86926],[-73.84008,40.86907],[-73.83978,40.86917],[-73.83945,40.86843],[-73.83989,40.86828],[-73.83921,40.86682],[-73.83697,40.86565],[-73.83708,40.86266],[-73.83376,40.8626],[-73.83375,40.86073],[-73.83162,40.86085],[-73.83132,40.86036],[-73.83106,40.86041],[-73.83088,40.86007],[-73.83049,40.8602],[-73.83017,40.85964],[-73.83793,40.85687],[-73.84647,40.85811],[-73.85093,40.85807],[-73.85637,40.85756],[-73.85727,40.85934],[-73.85771,40.86228],[-73.85871,40.86426],[-73.85962,40.86546],[-73.85955,40.86775],[-73.85823,40.86773],[-73.85823,40.86833],[-73.85763,40.86883],[-73.85762,40.86924],[-73.85715,40.86916],[-73.85711,40.86811],[-73.85283,40.86803],[-73.85288,40.86584],[-73.85525,40.86586],[-73.85535,40.86264],[-73.85486,40.86264],[-73.85485,40.86299],[-73.85442,40.86298],[-73.85437,40.86505],[-73.85384,40.86505],[-73.85383,40.86541],[-73.85339,40.86541],[-73.85342,40.86296],[-73.85296,40.86296],[-73.85291,40.86495],[-73.85111,40.86502],[-73.85199,40.86399],[-73.85203,40.86293],[-73.85357,40.8611],[-73.85209,40.86107],[-73.85208,40.86148],[-73.85156,40.86148],[-73.85156,40.86182],[-73.85113,40.86182],[-73.85105,40.86292],[-73.85015,40.8629],[-73.84995,40.86481],[-73.84912,40.86481],[-73.84923,40.86102],[-73.84732,40.86098],[-73.84728,40.8623],[-73.84634,40.86229],[-73.84636,40.86137],[-73.84542,40.86134],[-73.84541,40.86216],[-73.84447,40.86215],[-73.84445,40.86273],[-73.84492,40.86281],[-73.84491,40.86336],[-73.84537,40.86337],[-73.84532,40.86486],[-73.84438,40.86482],[-73.84441,40.86389],[-73.84393,40.86386],[-73.84397,40.86279],[-73.83988,40.86271],[-73.8398,40.86515],[-73.84336,40.86522],[-73.84333,40.86605],[-73.84286,40.86744],[-73.84711,40.86753],[-73.84568,40.86936],[-73.84893,40.87103],[-73.84892,40.87158],[-73.84816,40.87183],[-73.84911,40.87348],[-73.84642,40.87432],[-73.8457,40.87303],[-73.84442,40.87343],[-73.84496,40.87443],[-73.8445,40.87458],[-73.84382,40.87323],[-73.84424,40.87309]]],[[[-73.83663,40.8735],[-73.83574,40.87165],[-73.8374,40.87112],[-73.83656,40.86936],[-73.83866,40.86868],[-73.83951,40.87044],[-73.83907,40.87058],[-73.8386,40.86961],[-73.83823,40.86973],[-73.83848,40.87028],[-73.83805,40.87046],[-73.83824,40.87085],[-73.83783,40.87098],[-73.838,40.87134],[-73.83841,40.87121],[-73.83892,40.87227],[-73.83975,40.872],[-73.83996,40.87242],[-73.83663,40.8735]]]]}},{"type":"Feature","properties":{"u":"000310zmr","n":"ELTINGVILLE-GREAT KILLS REZONING","y":2000,"k":"unclassified","un":117.0,"upa":0.193,"ac":607.71,"t":true},"geometry":{"type":"MultiPolygon","coordinates":[[[[-74.13522,40.56001],[-74.13487,40.56088],[-74.13325,40.56215],[-74.13293,40.56313],[-74.13191,40.56443],[-74.13084,40.56482],[-74.12977,40.56029],[-74.13005,40.56027],[-74.12948,40.55882],[-74.12804,40.55646],[-74.13043,40.55431],[-74.13428,40.55135],[-74.13756,40.54943],[-74.13944,40.54791],[-74.1415,40.54969],[-74.13965,40.55115],[-74.14171,40.55252],[-74.14319,40.55134],[-74.14382,40.55245],[-74.1424,40.55326],[-74.14108,40.5537],[-74.14054,40.55422],[-74.13923,40.55474],[-74.13738,40.55581],[-74.13452,40.55797],[-74.13581,40.55884],[-74.13541,40.55926],[-74.13519,40.55998],[-74.13442,40.56001],[-74.13522,40.56001]]],[[[-74.1506,40.53801],[-74.14309,40.53804],[-74.141,40.5365],[-74.14321,40.52965],[-74.14533,40.52885],[-74.14685,40.528],[-74.15527,40.53294],[-74.15341,40.53489],[-74.15008,40.53778],[-74.1506,40.53801]]],[[[-74.15095,40.55005],[-74.15058,40.54835],[-74.14792,40.54413],[-74.14588,40.54254],[-74.14455,40.54389],[-74.14452,40.54415],[-74.14044,40.54729],[-74.13941,40.54642],[-74.14198,40.54474],[-74.14258,40.54424],[-74.14243,40.54409],[-74.14349,40.54328],[-74.14363,40.54337],[-74.14508,40.54208],[-74.14488,40.54184],[-74.14625,40.54045],[-74.14308,40.53806],[-74.15059,40.53802],[-74.15144,40.53859],[-74.15336,40.54059],[-74.14985,40.54332],[-74.15111,40.54358],[-74.15083,40.54478],[-74.15106,40.5448],[-74.15223,40.54684],[-74.15295,40.5471],[-74.15682,40.54488],[-74.15851,40.5466],[-74.15617,40.54773],[-74.15489,40.54867],[-74.15361,40.5493],[-74.15178,40.54957],[-74.15095,40.55005]]]]}},{"type":"Feature","properties":{"u":"080462zmq","n":"LAURELTON REZONING","y":2008,"k":"density lowered","un":117.0,"upa":0.135,"ac":864.5,"t":true},"geometry":{"type":"Polygon","coordinates":[[[-73.7576,40.66631],[-73.75655,40.6694],[-73.75663,40.67232],[-73.75549,40.67696],[-73.75223,40.68136],[-73.75025,40.68542],[-73.74732,40.68478],[-73.73821,40.68186],[-73.73785,40.68249],[-73.73551,40.68174],[-73.73344,40.68536],[-73.72745,40.68353],[-73.72859,40.68144],[-73.72983,40.67993],[-73.73079,40.67927],[-73.73132,40.67828],[-73.73402,40.67555],[-73.73592,40.67251],[-73.73551,40.67217],[-73.74145,40.66606],[-73.7576,40.66631]]]}},{"type":"Feature","properties":{"u":"910212zmr","n":"GRYMES HILL REZONING","y":1996,"k":"unclassified","un":116.0,"upa":0.692,"ac":167.55,"t":true},"geometry":{"type":"MultiPolygon","coordinates":[[[[-74.09944,40.61273],[-74.09738,40.61915],[-74.09651,40.61938],[-74.09283,40.61831],[-74.09073,40.6173],[-74.08978,40.61416],[-74.08934,40.61401],[-74.09104,40.61177],[-74.09444,40.61097],[-74.09814,40.61098],[-74.09944,40.61273]]],[[[-74.09402,40.62098],[-74.0937,40.62169],[-74.09284,40.62207],[-74.09047,40.62295],[-74.08853,40.62313],[-74.08866,40.62098],[-74.0898,40.61993],[-74.09402,40.62098]]]]}},{"type":"Feature","properties":{"u":"080129zmx","n":"3500 PARK AVENUE","y":2010,"k":"unclassified","un":115.0,"upa":66.257,"ac":1.74,"t":false},"geometry":{"type":"Polygon","coordinates":[[[-73.90803,40.83178],[-73.90684,40.83139],[-73.90714,40.83087],[-73.90835,40.83125],[-73.90803,40.83178]]]}},{"type":"Feature","properties":{"u":"190256zmk","n":"Grand Ave and Pacific St Rezoning","y":2020,"k":"unclassified","un":115.0,"upa":136.618,"ac":0.84,"t":false},"geometry":{"type":"Polygon","coordinates":[[[-73.96182,40.67932],[-73.96155,40.68006],[-73.96109,40.67996],[-73.96136,40.67923],[-73.96182,40.67932]]]}},{"type":"Feature","properties":{"u":"000380zmr","n":"S.I. LIGHTHOUSE MUSEUM","y":2000,"k":"unclassified","un":115.0,"upa":13.096,"ac":8.78,"t":true},"geometry":{"type":"Polygon","coordinates":[[[-74.07542,40.64231],[-74.07388,40.64231],[-74.07388,40.64128],[-74.0727,40.64127],[-74.07251,40.64057],[-74.07323,40.64041],[-74.07569,40.64086],[-74.07573,40.64146],[-74.07542,40.64231]]]}},{"type":"Feature","properties":{"u":"010576zmr","n":"ROSEBANK CONTEXTUAL REZONING","y":2001,"k":"unclassified","un":114.0,"upa":0.454,"ac":251.11,"t":true},"geometry":{"type":"Polygon","coordinates":[[[-74.06923,40.60482],[-74.06853,40.60655],[-74.0693,40.60759],[-74.06976,40.60736],[-74.07146,40.60909],[-74.0709,40.60934],[-74.07374,40.61229],[-74.07453,40.61178],[-74.0741,40.61135],[-74.07503,40.61094],[-74.0781,40.6068],[-74.0789,40.60674],[-74.07963,40.60712],[-74.07916,40.60761],[-74.08023,40.60812],[-74.0799,40.60888],[-74.07863,40.60822],[-74.0765,40.61107],[-74.07797,40.6118],[-74.07601,40.61528],[-74.07394,40.61617],[-74.07277,40.61468],[-74.07117,40.61549],[-74.07234,40.61696],[-74.07227,40.61739],[-74.06951,40.61867],[-74.06604,40.61427],[-74.06417,40.61516],[-74.0646,40.61567],[-74.06177,40.61697],[-74.06047,40.61527],[-74.06257,40.61425],[-74.06217,40.61382],[-74.0625,40.61346],[-74.06227,40.61328],[-74.06453,40.61219],[-74.06023,40.60645],[-74.06504,40.60419],[-74.06552,40.60486],[-74.06617,40.60486],[-74.06713,40.60445],[-74.06923,40.60482]],[[-74.06638,40.60486],[-74.0655,40.60486],[-74.06559,40.60528],[-74.06363,40.60622],[-74.06463,40.60724],[-74.06536,40.60685],[-74.06606,40.60774],[-74.06586,40.60784],[-74.06703,40.60937],[-74.06663,40.60957],[-74.06693,40.61],[-74.065,40.61087],[-74.0663,40.6127],[-74.06723,40.61239],[-74.06874,40.61394],[-74.07124,40.6128],[-74.0713,40.61264],[-74.0707,40.61198],[-74.0711,40.6116],[-74.06586,40.60581],[-74.06569,40.60528],[-74.06638,40.60486]]]}},{"type":"Feature","properties":{"u":"970211zmr","n":"ELTINGVILLE/GREAT KILLS REZONING","y":1997,"k":"unclassified","un":113.0,"upa":0.374,"ac":301.79,"t":true},"geometry":{"type":"Polygon","coordinates":[[[-74.16265,40.53675],[-74.16102,40.54268],[-74.15273,40.54751],[-74.15201,40.54712],[-74.14965,40.54338],[-74.14975,40.53795],[-74.15584,40.53214],[-74.16097,40.53496],[-74.16265,40.53675]]]}},{"type":"Feature","properties":{"u":"190172zmk","n":"271 Sea Breeze Avenue ZM","y":2020,"k":"unclassified","un":112.0,"upa":71.352,"ac":1.57,"t":false},"geometry":{"type":"Polygon","coordinates":[[[-73.97175,40.57595],[-73.97159,40.57662],[-73.97061,40.57653],[-73.97079,40.57581],[-73.97175,40.57595]]]}},{"type":"Feature","properties":{"u":"940644zmx","n":"WOODLAWN REZONING","y":1996,"k":"unclassified","un":112.0,"upa":0.685,"ac":163.56,"t":true},"geometry":{"type":"Polygon","coordinates":[[[-73.87495,40.89633],[-73.87491,40.89775],[-73.87331,40.8994],[-73.86768,40.90307],[-73.86138,40.90133],[-73.86277,40.89643],[-73.86344,40.89537],[-73.87495,40.89633]]]}},{"type":"Feature","properties":{"u":"080101zmq","n":"BRIARWOOD REZONING","y":2008,"k":"density lowered","un":112.0,"upa":0.968,"ac":115.7,"t":true},"geometry":{"type":"MultiPolygon","coordinates":[[[[-73.80416,40.70826],[-73.80377,40.70828],[-73.80359,40.70794],[-73.81152,40.7057],[-73.81163,40.70684],[-73.8103,40.70721],[-73.81075,40.71066],[-73.81031,40.71078],[-73.81045,40.71188],[-73.80951,40.71215],[-73.80984,40.71282],[-73.8074,40.71351],[-73.8067,40.71116],[-73.80556,40.7094],[-73.80416,40.70826]]],[[[-73.8074,40.71429],[-73.81287,40.71426],[-73.81291,40.71568],[-73.80778,40.71572],[-73.8074,40.71429]]],[[[-73.82077,40.71413],[-73.8226,40.71361],[-73.82337,40.7155],[-73.82194,40.71569],[-73.82213,40.71627],[-73.82161,40.71627],[-73.82077,40.71413]]],[[[-73.81618,40.70798],[-73.81608,40.70772],[-73.81364,40.70798],[-73.81351,40.70695],[-73.81595,40.70664],[-73.81682,40.70793],[-73.81618,40.70798]]],[[[-73.81761,40.71067],[-73.81773,40.71006],[-73.8181,40.71012],[-73.81879,40.7105],[-73.81788,40.71177],[-73.81718,40.71124],[-73.81761,40.71067]]],[[[-73.81343,40.70982],[-73.81207,40.70987],[-73.81187,40.70849],[-73.81235,40.70845],[-73.81243,40.7091],[-73.81333,40.70904],[-73.81343,40.70982]]],[[[-73.81608,40.71018],[-73.81661,40.71032],[-73.81625,40.71075],[-73.81658,40.71111],[-73.8154,40.71134],[-73.81506,40.71095],[-73.81608,40.71018]]],[[[-73.81513,40.70921],[-73.81517,40.70881],[-73.81501,40.70883],[-73.81497,40.70856],[-73.81661,40.70836],[-73.81673,40.70881],[-73.81578,40.70885],[-73.81581,40.7092],[-73.81513,40.70921]]]]}},{"type":"Feature","properties":{"u":"010511zmm","n":"MUSEUM OF AFRICAN ART & EDISON SCHL","y":2001,"k":"unclassified","un":111.0,"upa":45.311,"ac":2.45,"t":true},"geometry":{"type":"Polygon","coordinates":[[[-73.94916,40.79704],[-73.94823,40.79665],[-73.94883,40.79577],[-73.94976,40.79614],[-73.94916,40.79704]]]}},{"type":"Feature","properties":{"u":"060562zmq","n":"DOUGLASTON-LITTLE NECK","y":2006,"k":"density lowered","un":111.0,"upa":0.223,"ac":498.63,"t":true},"geometry":{"type":"MultiPolygon","coordinates":[[[[-73.7462,40.78057],[-73.74386,40.7793],[-73.74258,40.77813],[-73.74115,40.7772],[-73.73311,40.77263],[-73.71963,40.76388],[-73.7126,40.75958],[-73.71551,40.75973],[-73.71728,40.75938],[-73.71906,40.75864],[-73.72086,40.75725],[-73.72261,40.7546],[-73.7234,40.7539],[-73.72709,40.75132],[-73.72797,40.75095],[-73.72846,40.75103],[-73.72864,40.75308],[-73.72842,40.7551],[-73.72792,40.75467],[-73.72334,40.75635],[-73.72293,40.75596],[-73.72246,40.75852],[-73.72012,40.75884],[-73.72027,40.75971],[-73.72051,40.76035],[-73.72173,40.76039],[-73.72188,40.76096],[-73.72295,40.76087],[-73.72275,40.76011],[-73.72322,40.76006],[-73.72315,40.75973],[-73.72419,40.75961],[-73.72369,40.75825],[-73.72458,40.75808],[-73.72522,40.75983],[-73.72614,40.75968],[-73.72668,40.76143],[-73.72778,40.76118],[-73.72882,40.76057],[-73.72888,40.76082],[-73.72974,40.76009],[-73.72999,40.76054],[-73.72936,40.76115],[-73.73021,40.76194],[-73.73084,40.76298],[-73.72992,40.76382],[-73.72969,40.76345],[-73.72916,40.76363],[-73.72889,40.76277],[-73.72685,40.76383],[-73.72703,40.76421],[-73.72633,40.76443],[-73.72655,40.76595],[-73.72517,40.76613],[-73.72471,40.76567],[-73.72426,40.76457],[-73.72231,40.7648],[-73.72411,40.76591],[-73.72376,40.76627],[-73.72555,40.7675],[-73.73433,40.7728],[-73.73733,40.76918],[-73.73747,40.76926],[-73.73792,40.76883],[-73.73841,40.76947],[-73.73741,40.77074],[-73.73888,40.77078],[-73.73933,40.77125],[-73.73881,40.7719],[-73.74055,40.77392],[-73.74144,40.77396],[-73.74187,40.7737],[-73.74203,40.77392],[-73.74345,40.77274],[-73.74385,40.77318],[-73.74429,40.77412],[-73.74411,40.7745],[-73.74491,40.77631],[-73.74324,40.77693],[-73.74401,40.77858],[-73.74683,40.7804],[-73.7462,40.78057]]],[[[-73.73716,40.76792],[-73.73654,40.76846],[-73.73587,40.76778],[-73.73423,40.76825],[-73.73378,40.76735],[-73.73473,40.76506],[-73.7341,40.76506],[-73.73516,40.76438],[-73.73214,40.76089],[-73.73427,40.76009],[-73.73774,40.75821],[-73.7386,40.75926],[-73.73736,40.76002],[-73.73572,40.76064],[-73.73703,40.76252],[-73.73819,40.7621],[-73.739,40.76339],[-73.73781,40.76382],[-73.73918,40.76617],[-73.73978,40.76564],[-73.74013,40.76488],[-73.74086,40.76454],[-73.74126,40.76571],[-73.74006,40.76629],[-73.73875,40.76738],[-73.73818,40.767],[-73.73687,40.76745],[-73.73716,40.76792]]],[[[-73.75076,40.78265],[-73.75142,40.7812],[-73.75209,40.78134],[-73.75281,40.78007],[-73.75301,40.78011],[-73.75312,40.77978],[-73.75218,40.77959],[-73.75294,40.77759],[-73.75391,40.77781],[-73.75413,40.77749],[-73.75395,40.77589],[-73.7528,40.77609],[-73.75275,40.7754],[-73.75343,40.77529],[-73.75323,40.77462],[-73.7524,40.77475],[-73.75212,40.77369],[-73.75229,40.77294],[-73.75123,40.77194],[-73.75334,40.77119],[-73.75366,40.7717],[-73.75412,40.77152],[-73.75433,40.77183],[-73.75357,40.77233],[-73.7532,40.77287],[-73.7542,40.77535],[-73.75507,40.77651],[-73.75483,40.77688],[-73.75481,40.77764],[-73.75449,40.77787],[-73.75465,40.77801],[-73.75438,40.77806],[-73.75412,40.77944],[-73.75305,40.78078],[-73.753,40.7813],[-73.75193,40.78229],[-73.75076,40.78265]]],[[[-73.73285,40.75823],[-73.7322,40.75872],[-73.73119,40.75796],[-73.73061,40.75835],[-73.72844,40.75529],[-73.73145,40.75462],[-73.73154,40.75496],[-73.73129,40.75542],[-73.7297,40.75586],[-73.73003,40.75658],[-73.7319,40.75628],[-73.73185,40.75666],[-73.73299,40.75664],[-73.73214,40.75723],[-73.73285,40.75823]]],[[[-73.74138,40.77058],[-73.74023,40.76896],[-73.74081,40.76871],[-73.74176,40.7705],[-73.74227,40.77036],[-73.74326,40.7714],[-73.74252,40.7718],[-73.74312,40.77245],[-73.74136,40.77324],[-73.74074,40.77276],[-73.74118,40.77252],[-73.74057,40.77179],[-73.74073,40.7717],[-73.73993,40.77091],[-73.74138,40.77058]]],[[[-73.72976,40.74743],[-73.73045,40.74641],[-73.73118,40.74761],[-73.73207,40.74792],[-73.73226,40.74933],[-73.72914,40.74963],[-73.72976,40.74743]]],[[[-73.7344,40.74688],[-73.7352,40.74673],[-73.73576,40.74746],[-73.73689,40.74802],[-73.73786,40.74882],[-73.73495,40.74966],[-73.7344,40.74688]]],[[[-73.75358,40.77004],[-73.75229,40.77068],[-73.75053,40.76818],[-73.75148,40.76773],[-73.75358,40.77004]]],[[[-73.73534,40.75593],[-73.73558,40.75619],[-73.73405,40.75731],[-73.73342,40.75651],[-73.73534,40.75593]]],[[[-73.73599,40.74751],[-73.73586,40.74744],[-73.73578,40.74739],[-73.73599,40.74751]]],[[[-73.73564,40.74727],[-73.73555,40.74718],[-73.7355,40.74712],[-73.73564,40.74727]]],[[[-73.7355,40.74712],[-73.73546,40.74706],[-73.73541,40.74699],[-73.7355,40.74712]]],[[[-73.73578,40.74739],[-73.73571,40.74733],[-73.73564,40.74727],[-73.73578,40.74739]]],[[[-73.73519,40.74641],[-73.73517,40.74635],[-73.73514,40.74623],[-73.73519,40.74641]]],[[[-73.73514,40.74623],[-73.73513,40.74617],[-73.73512,40.74606],[-73.73514,40.74623]]],[[[-73.73512,40.74606],[-73.73512,40.746],[-73.73512,40.74588],[-73.73512,40.74606]]],[[[-73.73523,40.74653],[-73.73519,40.74641],[-73.73529,40.74669],[-73.73523,40.74653]]],[[[-73.73541,40.74699],[-73.73539,40.74694],[-73.73536,40.74686],[-73.73541,40.74699]]],[[[-73.73623,40.74762],[-73.73599,40.74751],[-73.73629,40.74765],[-73.73623,40.74762]]],[[[-73.73803,40.74887],[-73.73799,40.74883],[-73.73792,40.74877],[-73.73803,40.74887]]]]}},{"type":"Feature","properties":{"u":"070289zmm","n":"REI/RED CROSS REZONING","y":2008,"k":"unclassified","un":110.0,"upa":28.28,"ac":3.89,"t":true},"geometry":{"type":"Polygon","coordinates":[[[-73.99509,40.76526],[-73.99272,40.76427],[-73.99302,40.76384],[-73.99403,40.76429],[-73.99418,40.76406],[-73.99556,40.76462],[-73.99509,40.76526]]]}},{"type":"Feature","properties":{"u":"050195zmq","n":"KISSENA PARK REZONING","y":2005,"k":"density lowered","un":110.0,"upa":0.826,"ac":133.23,"t":true},"geometry":{"type":"Polygon","coordinates":[[[-73.81418,40.74601],[-73.81538,40.74705],[-73.81576,40.74684],[-73.81884,40.74776],[-73.81703,40.7489],[-73.81682,40.74869],[-73.81581,40.74931],[-73.81636,40.74979],[-73.81713,40.74938],[-73.81738,40.74964],[-73.81693,40.74989],[-73.81804,40.75087],[-73.81846,40.7506],[-73.82014,40.75232],[-73.81691,40.75447],[-73.81719,40.75474],[-73.81599,40.75549],[-73.8157,40.7552],[-73.81534,40.75544],[-73.8151,40.75529],[-73.81476,40.75538],[-73.81489,40.75568],[-73.81001,40.75694],[-73.81038,40.75411],[-73.81355,40.75413],[-73.81509,40.75314],[-73.81352,40.75171],[-73.8123,40.75229],[-73.81144,40.75054],[-73.80961,40.74882],[-73.81418,40.74601]]]}},{"type":"Feature","properties":{"u":"890853zmq","n":"ROCKAWAY PARK REZONING","y":1989,"k":"unclassified","un":109.0,"upa":0.819,"ac":133.09,"t":true},"geometry":{"type":"Polygon","coordinates":[[[-73.83574,40.57801],[-73.84732,40.57397],[-73.84966,40.57821],[-73.83868,40.5819],[-73.83626,40.57895],[-73.83574,40.57801]]]}},{"type":"Feature","properties":{"u":"860460zmq","n":"MIDDLE VILLAGE REZONING","y":1986,"k":"unclassified","un":108.0,"upa":2.191,"ac":49.29,"t":true},"geometry":{"type":"MultiPolygon","coordinates":[[[[-73.87215,40.72588],[-73.87289,40.72557],[-73.87797,40.72984],[-73.87506,40.73085],[-73.87153,40.72954],[-73.8712,40.72735],[-73.87215,40.72588]]],[[[-73.86955,40.72409],[-73.87118,40.72336],[-73.87189,40.72428],[-73.87011,40.72496],[-73.86955,40.72409]]]]}},{"type":"Feature","properties":{"u":"200085zmk","n":"1510 Broadway","y":2020,"k":"more housing allowed","un":108.0,"upa":79.64,"ac":1.36,"t":false},"geometry":{"type":"Polygon","coordinates":[[[-73.918,40.68697],[-73.91768,40.68701],[-73.91661,40.68638],[-73.91785,40.68624],[-73.918,40.68697]]]}},{"type":"Feature","properties":{"u":"070352zmq","n":"AVERY & FOWLER AVES REZONING","y":2013,"k":"unclassified","un":108.0,"upa":21.579,"ac":5.0,"t":false},"geometry":{"type":"Polygon","coordinates":[[[-73.836,40.75201],[-73.83243,40.75244],[-73.8323,40.75195],[-73.8356,40.7514],[-73.836,40.75201]]]}},{"type":"Feature","properties":{"u":"080002zmx","n":"MELROSE COMMONS RFP SITE B-1","y":2007,"k":"unclassified","un":107.0,"upa":192.672,"ac":0.56,"t":true},"geometry":{"type":"Polygon","coordinates":[[[-73.91106,40.82172],[-73.91132,40.82127],[-73.91176,40.82138],[-73.91151,40.82186],[-73.91106,40.82172]]]}},{"type":"Feature","properties":{"u":"020097zmk","n":"BKLYN LAW SCHOOL","y":2002,"k":"unclassified","un":106.0,"upa":12.783,"ac":8.29,"t":true},"geometry":{"type":"Polygon","coordinates":[[[-73.9902,40.69249],[-73.98881,40.69233],[-73.98916,40.69193],[-73.98912,40.69102],[-73.99009,40.68959],[-73.99127,40.69003],[-73.99047,40.69127],[-73.9902,40.69249]]]}},{"type":"Feature","properties":{"u":"880115zmq","n":"MAC Q-1 SITE CORONA/E. ELMHURST URA","y":1988,"k":"unclassified","un":106.0,"upa":29.152,"ac":3.64,"t":true},"geometry":{"type":"Polygon","coordinates":[[[-73.8605,40.76062],[-73.8591,40.76019],[-73.859,40.7592],[-73.85978,40.75913],[-73.86041,40.75961],[-73.8605,40.76062]]]}},{"type":"Feature","properties":{"u":"060377zmk","n":"WALLABOUT STREET REZONING","y":2008,"k":"unclassified","un":106.0,"upa":36.371,"ac":2.91,"t":true},"geometry":{"type":"Polygon","coordinates":[[[-73.95382,40.70012],[-73.95337,40.69941],[-73.95519,40.6992],[-73.95533,40.69994],[-73.95382,40.70012]]]}},{"type":"Feature","properties":{"u":"170025zmk","n":"723-733 Myrtle Avenue Rezoning","y":2017,"k":"more housing allowed","un":106.0,"upa":45.418,"ac":2.33,"t":false},"geometry":{"type":"Polygon","coordinates":[[[-73.95256,40.69537],[-73.95242,40.69464],[-73.95334,40.69454],[-73.95341,40.6949],[-73.95429,40.6948],[-73.95436,40.69516],[-73.95256,40.69537]]]}},{"type":"Feature","properties":{"u":"970271zmr","n":"BRIGHTON HEIGHTS REZONING","y":1997,"k":"unclassified","un":105.0,"upa":0.26,"ac":404.6,"t":true},"geometry":{"type":"Polygon","coordinates":[[[-74.08727,40.64247],[-74.08773,40.64012],[-74.09623,40.63874],[-74.10076,40.63122],[-74.1053,40.62708],[-74.10619,40.63066],[-74.10672,40.64404],[-74.10458,40.6451],[-74.10293,40.6451],[-74.09963,40.64455],[-74.09612,40.64166],[-74.09581,40.64188],[-74.09634,40.64265],[-74.09646,40.64324],[-74.09319,40.64382],[-74.08923,40.64659],[-74.08745,40.64384],[-74.08727,40.64247]]]}},{"type":"Feature","properties":{"u":"080141zmk","n":"WATKINS ST COOPS","y":2008,"k":"unclassified","un":104.0,"upa":44.896,"ac":2.32,"t":true},"geometry":{"type":"Polygon","coordinates":[[[-73.90602,40.65877],[-73.90556,40.65885],[-73.90581,40.65983],[-73.90535,40.6599],[-73.90496,40.65836],[-73.90588,40.65823],[-73.90602,40.65877]]]}},{"type":"Feature","properties":{"u":"180096zmk","n":"142-150 S Portland Ave - Hanson Pl Church Rezoning","y":2018,"k":"more housing allowed","un":104.0,"upa":271.919,"ac":0.38,"t":false},"geometry":{"type":"Polygon","coordinates":[[[-73.97468,40.68505],[-73.97419,40.6851],[-73.97412,40.68478],[-73.97461,40.68472],[-73.97468,40.68505]]]}},{"type":"Feature","properties":{"u":"140070zmm","n":"WEST 117 STREET REZONING","y":2014,"k":"unclassified","un":104.0,"upa":38.548,"ac":2.7,"t":false},"geometry":{"type":"Polygon","coordinates":[[[-73.95276,40.80504],[-73.95272,40.8042],[-73.95439,40.8049],[-73.95393,40.80553],[-73.95276,40.80504]]]}},{"type":"Feature","properties":{"u":"060432zmq","n":"Douglaston Parkway Rezoning","y":2019,"k":"more housing allowed","un":103.0,"upa":28.467,"ac":3.62,"t":false},"geometry":{"type":"Polygon","coordinates":[[[-73.74674,40.76659],[-73.74639,40.767],[-73.74432,40.7654],[-73.74508,40.76515],[-73.7453,40.76551],[-73.74674,40.76659]]]}},{"type":"Feature","properties":{"u":"810124zmm","n":"LINE MIDWAY BET W39TH & W40TH STS,","y":1981,"k":"unclassified","un":103.0,"upa":5.797,"ac":17.77,"t":true},"geometry":{"type":"Polygon","coordinates":[[[-73.98679,40.75023],[-73.98459,40.75319],[-73.98265,40.75234],[-73.98483,40.74936],[-73.98679,40.75023]]]}},{"type":"Feature","properties":{"u":"920650zmm","n":"ABC STUDIOS WEST END AVE PROJ","y":2000,"k":"unclassified","un":102.0,"upa":16.88,"ac":6.04,"t":true},"geometry":{"type":"Polygon","coordinates":[[[-73.98946,40.77548],[-73.98844,40.7768],[-73.98701,40.77617],[-73.98802,40.77479],[-73.98946,40.77548]]]}},{"type":"Feature","properties":{"u":"190143zmx","n":"Betances VI","y":2019,"k":"more housing allowed","un":101.0,"upa":91.848,"ac":1.1,"t":false},"geometry":{"type":"Polygon","coordinates":[[[-73.91805,40.81448],[-73.91873,40.81396],[-73.9192,40.81415],[-73.91874,40.81478],[-73.91805,40.81448]]]}},{"type":"Feature","properties":{"u":"770098zmk","n":"JENNINGS HALL","y":1977,"k":"unclassified","un":100.0,"upa":37.202,"ac":2.69,"t":true},"geometry":{"type":"Polygon","coordinates":[[[-73.94084,40.71244],[-73.93861,40.71298],[-73.93839,40.71253],[-73.9406,40.71195],[-73.94084,40.71244]]]}},{"type":"Feature","properties":{"u":"190267zmq","n":"22-60 46th Street Rezoning","y":2020,"k":"more housing allowed","un":99.0,"upa":18.22,"ac":5.43,"t":false},"geometry":{"type":"Polygon","coordinates":[[[-73.90248,40.77033],[-73.90465,40.76856],[-73.90535,40.76906],[-73.90319,40.77083],[-73.90248,40.77033]]]}},{"type":"Feature","properties":{"u":"030223zmq","n":"35TH AVE REZONING","y":2010,"k":"unclassified","un":99.0,"upa":34.687,"ac":2.85,"t":false},"geometry":{"type":"Polygon","coordinates":[[[-73.83339,40.76495],[-73.83209,40.76524],[-73.83177,40.76446],[-73.83335,40.76409],[-73.83339,40.76495]]]}},{"type":"Feature","properties":{"u":"110390zmk","n":"WALLABOUT STREET","y":2012,"k":"unclassified","un":99.0,"upa":41.927,"ac":2.36,"t":false},"geometry":{"type":"Polygon","coordinates":[[[-73.9602,40.69847],[-73.96035,40.69921],[-73.95902,40.69942],[-73.95886,40.69869],[-73.9602,40.69847]]]}},{"type":"Feature","properties":{"u":"930168zmq","n":"MASPETH REZONING","y":1993,"k":"unclassified","un":97.0,"upa":0.509,"ac":190.7,"t":true},"geometry":{"type":"Polygon","coordinates":[[[-73.89943,40.73373],[-73.89885,40.73446],[-73.8909,40.73466],[-73.88958,40.73344],[-73.88785,40.73077],[-73.88776,40.73003],[-73.89051,40.728],[-73.89479,40.72542],[-73.89856,40.72593],[-73.89943,40.73132],[-73.89943,40.73373]]]}},{"type":"Feature","properties":{"u":"950620zmr","n":"HISTORIC TOTTENVILLE REZONING","y":1996,"k":"unclassified","un":97.0,"upa":0.364,"ac":266.36,"t":true},"geometry":{"type":"Polygon","coordinates":[[[-74.2555,40.50787],[-74.2541,40.51204],[-74.25307,40.51333],[-74.2385,40.51786],[-74.23671,40.51825],[-74.23477,40.517],[-74.23368,40.51551],[-74.2391,40.51209],[-74.24306,40.51011],[-74.25145,40.50763],[-74.2555,40.50787]]]}},{"type":"Feature","properties":{"u":"950137zmq","n":"AUSTIN ST REZONING","y":1996,"k":"unclassified","un":96.0,"upa":14.798,"ac":6.49,"t":true},"geometry":{"type":"Polygon","coordinates":[[[-73.8598,40.72494],[-73.85924,40.7259],[-73.8567,40.72478],[-73.85719,40.72398],[-73.8598,40.72494]]]}},{"type":"Feature","properties":{"u":"050491zmq","n":"ASTORIA STUDIO APTS","y":2008,"k":"unclassified","un":95.0,"upa":48.089,"ac":1.98,"t":true},"geometry":{"type":"Polygon","coordinates":[[[-73.92446,40.75837],[-73.92406,40.75818],[-73.9253,40.75664],[-73.9257,40.75682],[-73.92446,40.75837]]]}},{"type":"Feature","properties":{"u":"110125zmm","n":"CLINTON COMMONS","y":2011,"k":"unclassified","un":95.0,"upa":134.817,"ac":0.7,"t":false},"geometry":{"type":"Polygon","coordinates":[[[-73.99204,40.76694],[-73.99232,40.76655],[-73.99292,40.7668],[-73.99264,40.76719],[-73.99204,40.76694]]]}},{"type":"Feature","properties":{"u":"170070zmk","n":"1350 Bedford Avenue Rezoning","y":2017,"k":"more housing allowed","un":94.0,"upa":67.289,"ac":1.4,"t":false},"geometry":{"type":"Polygon","coordinates":[[[-73.95333,40.67796],[-73.95281,40.67785],[-73.95269,40.677],[-73.95362,40.67719],[-73.95333,40.67796]]]}},{"type":"Feature","properties":{"u":"831254zmx","n":"CHARLOTTE GARDENS PHASE II","y":1983,"k":"unclassified","un":93.0,"upa":2.36,"ac":39.41,"t":true},"geometry":{"type":"Polygon","coordinates":[[[-73.89484,40.83553],[-73.8934,40.83643],[-73.89128,40.83678],[-73.88902,40.83614],[-73.89115,40.83266],[-73.89244,40.83233],[-73.89338,40.83224],[-73.89484,40.83553]]]}},{"type":"Feature","properties":{"u":"861004zmq","n":"WOODHAVEN BLVD, W/O BLVD BET 63RD &","y":1986,"k":"unclassified","un":92.0,"upa":5.026,"ac":18.31,"t":true},"geometry":{"type":"Polygon","coordinates":[[[-73.8726,40.72892],[-73.87174,40.72957],[-73.87108,40.72933],[-73.86891,40.72436],[-73.86978,40.72396],[-73.87052,40.72482],[-73.8726,40.72892]]]}},{"type":"Feature","properties":{"u":"920693zmk","n":"EAST LINCOLN REHAB HSG","y":1992,"k":"unclassified","un":91.0,"upa":5.302,"ac":17.16,"t":true},"geometry":{"type":"Polygon","coordinates":[[[-73.92006,40.66835],[-73.91989,40.66992],[-73.91973,40.6701],[-73.91515,40.6715],[-73.91405,40.67147],[-73.91407,40.6709],[-73.92006,40.66835]]]}},{"type":"Feature","properties":{"u":"170164zmk","n":"205 Park Avenue Rezoning","y":2018,"k":"more housing allowed","un":90.0,"upa":69.573,"ac":1.29,"t":false},"geometry":{"type":"Polygon","coordinates":[[[-73.97037,40.69582],[-73.9714,40.69586],[-73.97149,40.69633],[-73.97049,40.69644],[-73.97037,40.69582]]]}},{"type":"Feature","properties":{"u":"801090zmk","n":"E NY AVE, JUNIUS ST, LIBERTY AVE, S","y":1982,"k":"unclassified","un":88.0,"upa":6.023,"ac":14.61,"t":true},"geometry":{"type":"Polygon","coordinates":[[[-73.90795,40.67359],[-73.90421,40.67527],[-73.90366,40.67325],[-73.90771,40.67261],[-73.90795,40.67359]]]}},{"type":"Feature","properties":{"u":"080228zmk","n":"NEW LOTS PLAZA","y":2008,"k":"unclassified","un":87.0,"upa":32.202,"ac":2.7,"t":true},"geometry":{"type":"Polygon","coordinates":[[[-73.8858,40.666],[-73.88402,40.66627],[-73.88391,40.66586],[-73.88557,40.66515],[-73.8858,40.666]]]}},{"type":"Feature","properties":{"u":"030370zmx","n":"764 E176TH STREET","y":2005,"k":"unclassified","un":85.0,"upa":48.977,"ac":1.74,"t":true},"geometry":{"type":"Polygon","coordinates":[[[-73.8915,40.84171],[-73.89051,40.84267],[-73.89004,40.84238],[-73.89101,40.84141],[-73.8915,40.84171]]]}},{"type":"Feature","properties":{"u":"801025zmm","n":"MADISON ST, OLIVER ST, PIKE ST","y":1981,"k":"unclassified","un":84.0,"upa":2.471,"ac":33.99,"t":true},"geometry":{"type":"Polygon","coordinates":[[[-74.0,40.71179],[-73.99817,40.71342],[-73.99468,40.71344],[-73.99487,40.71428],[-73.99451,40.71431],[-73.99492,40.71506],[-73.99455,40.71571],[-73.99267,40.71518],[-73.993,40.71442],[-73.99287,40.71444],[-73.99269,40.71324],[-73.99358,40.71176],[-73.99703,40.71154],[-74.0,40.71179]]]}},{"type":"Feature","properties":{"u":"821243zmx","n":"KINGBRIDGE AVE & W236 ST","y":1982,"k":"unclassified","un":83.0,"upa":132.041,"ac":0.63,"t":true},"geometry":{"type":"Polygon","coordinates":[[[-73.90282,40.88289],[-73.90218,40.88344],[-73.90191,40.88326],[-73.90251,40.8827],[-73.90282,40.88289]]]}},{"type":"Feature","properties":{"u":"020213zmm","n":"SEAPORT REZONING","y":2003,"k":"unclassified","un":83.0,"upa":4.286,"ac":19.37,"t":true},"geometry":{"type":"Polygon","coordinates":[[[-74.00177,40.7095],[-74.00101,40.70913],[-73.99987,40.70799],[-74.00343,40.7059],[-74.00448,40.70726],[-74.00434,40.70732],[-74.0045,40.70754],[-74.00177,40.7095]]]}},{"type":"Feature","properties":{"u":"130271zmm","n":"HARLEM DOWLING","y":2013,"k":"unclassified","un":82.0,"upa":77.674,"ac":1.06,"t":false},"geometry":{"type":"Polygon","coordinates":[[[-73.94737,40.81029],[-73.94683,40.81005],[-73.94729,40.80942],[-73.94784,40.80964],[-73.94737,40.81029]]]}},{"type":"Feature","properties":{"u":"060337zmq","n":"JAMAICA HILL/HILL CREST","y":2006,"k":"density lowered","un":82.0,"upa":0.399,"ac":205.6,"t":true},"geometry":{"type":"Polygon","coordinates":[[[-73.80809,40.71681],[-73.80506,40.71724],[-73.80465,40.71604],[-73.80313,40.71622],[-73.80357,40.71781],[-73.80292,40.71793],[-73.8032,40.71944],[-73.80369,40.7206],[-73.80481,40.72028],[-73.80487,40.72053],[-73.8062,40.72018],[-73.80626,40.72042],[-73.80799,40.71985],[-73.80767,40.71864],[-73.80864,40.71847],[-73.80905,40.71993],[-73.79855,40.72367],[-73.79715,40.72065],[-73.79889,40.72016],[-73.79793,40.71733],[-73.80187,40.71637],[-73.80131,40.7142],[-73.80033,40.71455],[-73.80001,40.71437],[-73.79969,40.71476],[-73.79889,40.71428],[-73.79939,40.71399],[-73.79836,40.71292],[-73.79809,40.71293],[-73.79737,40.71168],[-73.80009,40.71064],[-73.8004,40.71114],[-73.80161,40.71071],[-73.80107,40.70983],[-73.80162,40.70954],[-73.80175,40.70926],[-73.80344,40.71051],[-73.80417,40.70899],[-73.80505,40.70947],[-73.80561,40.70931],[-73.80679,40.71114],[-73.80712,40.71283],[-73.80792,40.71431],[-73.8075,40.7143],[-73.80809,40.71681]]]}},{"type":"Feature","properties":{"u":"890615zmx","n":"SPENCER ESTATES REZONING","y":1989,"k":"unclassified","un":81.0,"upa":0.205,"ac":395.23,"t":true},"geometry":{"type":"Polygon","coordinates":[[[-73.82764,40.84925],[-73.82702,40.85362],[-73.82576,40.85335],[-73.8165,40.84906],[-73.81119,40.84386],[-73.81106,40.84239],[-73.81993,40.83726],[-73.82113,40.83719],[-73.82609,40.83901],[-73.82764,40.84925]]]}},{"type":"Feature","properties":{"u":"060176zmk","n":"ATLANTIC TERRACE","y":2006,"k":"unclassified","un":80.0,"upa":60.031,"ac":1.33,"t":true},"geometry":{"type":"Polygon","coordinates":[[[-73.9739,40.68367],[-73.97289,40.68346],[-73.97277,40.68287],[-73.97378,40.68307],[-73.9739,40.68367]]]}},{"type":"Feature","properties":{"u":"210128zmq","n":"77-39 Vleigh Place Rezoning","y":2022,"k":"more housing allowed","un":79.0,"upa":62.664,"ac":1.26,"t":false},"geometry":{"type":"Polygon","coordinates":[[[-73.82059,40.72012],[-73.8199,40.72033],[-73.81984,40.71958],[-73.82067,40.71933],[-73.82059,40.72012]]]}},{"type":"Feature","properties":{"u":"060214zmx","n":"VAN CORTLANDT CENTER","y":2006,"k":"unclassified","un":79.0,"upa":15.98,"ac":4.94,"t":true},"geometry":{"type":"Polygon","coordinates":[[[-73.90116,40.88889],[-73.90068,40.88902],[-73.89979,40.88966],[-73.89833,40.8894],[-73.89897,40.88823],[-73.90116,40.88889]]]}},{"type":"Feature","properties":{"u":"200178zmq","n":"91-32 63rd Drive","y":2021,"k":"more housing allowed","un":78.0,"upa":116.837,"ac":0.67,"t":false},"geometry":{"type":"Polygon","coordinates":[[[-73.86401,40.72669],[-73.86445,40.72685],[-73.8641,40.72739],[-73.86367,40.72723],[-73.86401,40.72669]]]}},{"type":"Feature","properties":{"u":"180154zmm","n":"52nd Street Rezoning","y":2020,"k":"more housing allowed","un":76.0,"upa":87.044,"ac":0.87,"t":false},"geometry":{"type":"Polygon","coordinates":[[[-73.91272,40.74302],[-73.91257,40.74376],[-73.91209,40.74391],[-73.91228,40.74297],[-73.91272,40.74302]]]}},{"type":"Feature","properties":{"u":"170050zmm","n":"The Robeson 407 Lenox Avenue","y":2017,"k":"more housing allowed","un":75.0,"upa":79.175,"ac":0.95,"t":false},"geometry":{"type":"Polygon","coordinates":[[[-73.94322,40.81178],[-73.94272,40.81157],[-73.94318,40.81095],[-73.94368,40.81116],[-73.94322,40.81178]]]}},{"type":"Feature","properties":{"u":"170081zmm","n":"THE FREDERICK","y":2017,"k":"more housing allowed","un":75.0,"upa":85.982,"ac":0.87,"t":false},"geometry":{"type":"Polygon","coordinates":[[[-73.94976,40.81293],[-73.9493,40.81273],[-73.94976,40.81211],[-73.95023,40.8123],[-73.94976,40.81293]]]}},{"type":"Feature","properties":{"u":"210289zmr","n":"River North (Liberty Towers)","y":2021,"k":"more housing allowed","un":74.0,"upa":15.032,"ac":4.92,"t":false},"geometry":{"type":"Polygon","coordinates":[[[-74.08022,40.64644],[-74.07973,40.64697],[-74.07813,40.64606],[-74.07766,40.64555],[-74.07914,40.64506],[-74.07943,40.64599],[-74.08022,40.64644]]]}},{"type":"Feature","properties":{"u":"050203zmk","n":"CATON PL","y":2006,"k":"unclassified","un":73.0,"upa":59.427,"ac":1.23,"t":true},"geometry":{"type":"Polygon","coordinates":[[[-73.97445,40.64915],[-73.97381,40.64942],[-73.97344,40.64888],[-73.97434,40.64851],[-73.97445,40.64915]]]}},{"type":"Feature","properties":{"u":"070550zmx","n":"HIGH HAWK","y":2010,"k":"unclassified","un":73.0,"upa":41.676,"ac":1.75,"t":false},"geometry":{"type":"Polygon","coordinates":[[[-73.88682,40.83707],[-73.88776,40.83738],[-73.88607,40.83838],[-73.88682,40.83707]]]}},{"type":"Feature","properties":{"u":"860183zmm","n":"160 W24TH ST & CHELSEA COURT","y":1994,"k":"unclassified","un":73.0,"upa":11.535,"ac":6.33,"t":true},"geometry":{"type":"Polygon","coordinates":[[[-73.99631,40.74427],[-73.99516,40.74593],[-73.99386,40.74535],[-73.99509,40.74374],[-73.99631,40.74427]]]}},{"type":"Feature","properties":{"u":"880810zmr","n":"DONGAN HILLS II","y":1989,"k":"unclassified","un":72.0,"upa":0.616,"ac":116.91,"t":true},"geometry":{"type":"Polygon","coordinates":[[[-74.10256,40.58879],[-74.10097,40.59337],[-74.0997,40.59437],[-74.09748,40.59564],[-74.0918,40.59264],[-74.09904,40.58701],[-74.10256,40.58879]]]}},{"type":"Feature","properties":{"u":"050511zmq","n":"FAR ROCKAWAY & MOTT CREEK","y":2005,"k":"density lowered","un":71.0,"upa":0.799,"ac":88.82,"t":true},"geometry":{"type":"Polygon","coordinates":[[[-73.74515,40.60027],[-73.74086,40.60031],[-73.73967,40.60089],[-73.73937,40.60057],[-73.7379,40.60153],[-73.73783,40.596],[-73.73689,40.59408],[-73.74065,40.59411],[-73.74121,40.59599],[-73.74575,40.596],[-73.74432,40.59666],[-73.74515,40.60027]]]}},{"type":"Feature","properties":{"u":"150125zmq","n":"Corona Senior Residence","y":2015,"k":"unclassified","un":71.0,"upa":52.206,"ac":1.36,"t":false},"geometry":{"type":"Polygon","coordinates":[[[-73.85908,40.74053],[-73.85825,40.73987],[-73.85866,40.73957],[-73.85958,40.74031],[-73.85908,40.74053]]]}},{"type":"Feature","properties":{"u":"950588zmr","n":"COUNTRY VILLAGE OF GREAT KILLS REZO","y":1996,"k":"unclassified","un":71.0,"upa":0.424,"ac":167.41,"t":true},"geometry":{"type":"Polygon","coordinates":[[[-74.15087,40.54936],[-74.14994,40.55136],[-74.14946,40.55168],[-74.1437,40.55275],[-74.14157,40.55281],[-74.13912,40.55128],[-74.1412,40.54657],[-74.14394,40.54429],[-74.14864,40.54498],[-74.1507,40.5484],[-74.15087,40.54936]]]}},{"type":"Feature","properties":{"u":"890607zmk","n":"WINDSOR TERRACE REZONING","y":1989,"k":"unclassified","un":68.0,"upa":0.499,"ac":136.29,"t":true},"geometry":{"type":"Polygon","coordinates":[[[-73.98345,40.65772],[-73.98053,40.66074],[-73.97977,40.66069],[-73.97492,40.65838],[-73.97465,40.65807],[-73.97298,40.65199],[-73.97343,40.65142],[-73.97598,40.6504],[-73.98345,40.65772]]]}},{"type":"Feature","properties":{"u":"130188zmq","n":"BELLEROSE FLORAL PARK GLEN OAKS REZONING","y":2013,"k":"density lowered","un":67.0,"upa":0.046,"ac":1454.62,"t":false},"geometry":{"type":"MultiPolygon","coordinates":[[[[-73.73545,40.7283],[-73.7353,40.72876],[-73.73708,40.72913],[-73.73715,40.72878],[-73.73768,40.7289],[-73.73755,40.72926],[-73.7379,40.72934],[-73.73804,40.72899],[-73.7396,40.72935],[-73.73866,40.73241],[-73.73889,40.73303],[-73.73801,40.73327],[-73.73874,40.73524],[-73.74144,40.73465],[-73.74172,40.73541],[-73.74021,40.73709],[-73.73558,40.7381],[-73.73379,40.73883],[-73.73422,40.73683],[-73.73447,40.73686],[-73.73436,40.73618],[-73.73512,40.73602],[-73.73489,40.7354],[-73.73528,40.73431],[-73.73548,40.73435],[-73.73538,40.73407],[-73.73557,40.73347],[-73.73527,40.73346],[-73.73543,40.73313],[-73.7349,40.733],[-73.7344,40.73294],[-73.73426,40.73331],[-73.73219,40.73288],[-73.73291,40.73096],[-73.73402,40.73099],[-73.73407,40.7306],[-73.73456,40.73061],[-73.7349,40.72975],[-73.73397,40.72955],[-73.73453,40.72809],[-73.73545,40.7283]]],[[[-73.73545,40.7283],[-73.73516,40.72732],[-73.73373,40.72764],[-73.73347,40.72834],[-73.72954,40.72729],[-73.7283,40.73015],[-73.73061,40.73027],[-73.73036,40.73119],[-73.72769,40.73114],[-73.72717,40.73095],[-73.72677,40.73179],[-73.72635,40.73167],[-73.72614,40.73211],[-73.72313,40.73169],[-73.72283,40.73418],[-73.72435,40.73389],[-73.72453,40.7333],[-73.72505,40.73337],[-73.725,40.73376],[-73.72637,40.73346],[-73.72705,40.73603],[-73.72606,40.73619],[-73.72713,40.73881],[-73.72684,40.73883],[-73.72733,40.74041],[-73.727,40.74054],[-73.72711,40.74067],[-73.72197,40.74231],[-73.72179,40.74184],[-73.72086,40.74209],[-73.7224,40.7457],[-73.71895,40.74684],[-73.71772,40.74404],[-73.71852,40.74362],[-73.71841,40.74326],[-73.71653,40.7437],[-73.71679,40.74441],[-73.70948,40.74829],[-73.71133,40.74948],[-73.70527,40.75478],[-73.70347,40.75369],[-73.70361,40.75357],[-73.70274,40.75326],[-73.70163,40.7525],[-73.70014,40.73934],[-73.70067,40.73901],[-73.70215,40.73668],[-73.70206,40.73645],[-73.70236,40.73639],[-73.70513,40.73195],[-73.70533,40.73191],[-73.70525,40.7317],[-73.70656,40.72993],[-73.70648,40.72972],[-73.70674,40.72966],[-73.70762,40.72825],[-73.70781,40.72821],[-73.70768,40.72789],[-73.70859,40.72769],[-73.70869,40.72796],[-73.70905,40.72789],[-73.70898,40.7277],[-73.70912,40.72767],[-73.70919,40.72786],[-73.70947,40.72779],[-73.70957,40.72806],[-73.70955,40.72781],[-73.71048,40.7277],[-73.71046,40.72749],[-73.71068,40.72748],[-73.7163,40.72853],[-73.7162,40.72809],[-73.71476,40.72784],[-73.7146,40.72712],[-73.71416,40.72718],[-73.71409,40.72682],[-73.71831,40.72611],[-73.72422,40.72452],[-73.72735,40.72347],[-73.72748,40.72382],[-73.73557,40.72202],[-73.73605,40.72288],[-73.73692,40.72248],[-73.74005,40.72546],[-73.73785,40.72681],[-73.74047,40.72925],[-73.74043,40.72941],[-73.73842,40.72896],[-73.73857,40.72862],[-73.73747,40.72758],[-73.7373,40.7276],[-73.73706,40.72835],[-73.73714,40.72868],[-73.73545,40.7283]]],[[[-73.71775,40.75536],[-73.7154,40.7551],[-73.71542,40.75443],[-73.72128,40.75315],[-73.72116,40.75304],[-73.72164,40.75274],[-73.72256,40.75335],[-73.72294,40.75414],[-73.72151,40.7564],[-73.71775,40.75536]]],[[[-73.73306,40.72968],[-73.73345,40.72965],[-73.73317,40.73038],[-73.73284,40.73025],[-73.73306,40.72968]]]]}},{"type":"Feature","properties":{"u":"170142zmk","n":"1860 Eastern Parkway","y":2017,"k":"more housing allowed","un":67.0,"upa":73.28,"ac":0.91,"t":false},"geometry":{"type":"Polygon","coordinates":[[[-73.90758,40.67572],[-73.90867,40.67579],[-73.90864,40.67615],[-73.90755,40.67608],[-73.90758,40.67572]]]}},{"type":"Feature","properties":{"u":"780284zmk","n":"E31TH & 32TH STS","y":1978,"k":"unclassified","un":67.0,"upa":0.235,"ac":285.66,"t":true},"geometry":{"type":"MultiPolygon","coordinates":[[[[-74.02324,40.62676],[-74.02096,40.63248],[-74.01692,40.63075],[-74.01885,40.6255],[-74.01992,40.62364],[-74.02107,40.62234],[-74.02143,40.62231],[-74.02219,40.6228],[-74.02324,40.62676]]],[[[-74.02896,40.62347],[-74.02777,40.62694],[-74.02374,40.63717],[-74.02272,40.63721],[-74.02223,40.63679],[-74.02229,40.63641],[-74.02344,40.63356],[-74.02896,40.62347]]],[[[-74.03621,40.61404],[-74.03747,40.61579],[-74.039,40.61964],[-74.03771,40.62011],[-74.03537,40.61625],[-74.03448,40.61609],[-74.03486,40.61541],[-74.0345,40.6148],[-74.03464,40.61457],[-74.03621,40.61404]]],[[[-74.04025,40.62275],[-74.03956,40.62327],[-74.03449,40.62214],[-74.03525,40.62026],[-74.04001,40.62133],[-74.04025,40.62275]]],[[[-74.02574,40.63807],[-74.0345,40.61624],[-74.03479,40.6163],[-74.02799,40.63377],[-74.0263,40.63778],[-74.02597,40.63815],[-74.02574,40.63807]]],[[[-74.02687,40.6402],[-74.02613,40.64093],[-74.02278,40.63988],[-74.02177,40.6392],[-74.02116,40.63831],[-74.02211,40.63741],[-74.02687,40.6402]]],[[[-74.02928,40.6235],[-74.02871,40.62332],[-74.0318,40.61559],[-74.03207,40.61577],[-74.0302,40.62105],[-74.02928,40.6235]]],[[[-74.03294,40.61713],[-74.03331,40.61715],[-74.0296,40.6265],[-74.02937,40.62613],[-74.03294,40.61713]]],[[[-74.02872,40.62339],[-74.02563,40.62811],[-74.02777,40.62291],[-74.02872,40.62339]]],[[[-74.02814,40.62937],[-74.02846,40.62937],[-74.02533,40.63714],[-74.02506,40.63703],[-74.02814,40.62937]]],[[[-74.02457,40.62752],[-74.02425,40.62734],[-74.02437,40.62695],[-74.02636,40.62203],[-74.02666,40.62224],[-74.02457,40.62752]]],[[[-74.02353,40.62694],[-74.02324,40.62676],[-74.02426,40.62392],[-74.02502,40.622],[-74.02552,40.62152],[-74.0256,40.6218],[-74.02353,40.62694]]],[[[-74.02888,40.6156],[-74.02804,40.61664],[-74.02648,40.61595],[-74.02744,40.61485],[-74.02888,40.6156]]],[[[-74.02705,40.62105],[-74.02669,40.62142],[-74.02403,40.61986],[-74.0242,40.61967],[-74.02494,40.62004],[-74.02513,40.61996],[-74.02705,40.62105]]],[[[-74.03419,40.63261],[-74.03297,40.6359],[-74.03259,40.6358],[-74.03394,40.63254],[-74.03419,40.63261]]],[[[-74.02233,40.63308],[-74.02204,40.63379],[-74.02106,40.63611],[-74.02083,40.63594],[-74.022,40.63293],[-74.02233,40.63308]]],[[[-74.0373,40.63332],[-74.03689,40.63418],[-74.03597,40.63404],[-74.03628,40.63307],[-74.0373,40.63332]]],[[[-74.02122,40.63259],[-74.02007,40.63553],[-74.01984,40.63522],[-74.02096,40.63248],[-74.02122,40.63259]]],[[[-74.03123,40.63449],[-74.03102,40.63526],[-74.02993,40.63507],[-74.03022,40.63432],[-74.03123,40.63449]]],[[[-74.03389,40.61313],[-74.03421,40.61324],[-74.03294,40.61472],[-74.03261,40.61469],[-74.03389,40.61313]]],[[[-74.03361,40.61184],[-74.03391,40.61199],[-74.03336,40.61266],[-74.03313,40.61265],[-74.03306,40.61252],[-74.03361,40.61184]]],[[[-74.03082,40.61565],[-74.0302,40.61636],[-74.02989,40.61628],[-74.03048,40.61554],[-74.03082,40.61565]]],[[[-74.03218,40.61348],[-74.03269,40.61348],[-74.03189,40.61422],[-74.03173,40.6141],[-74.03218,40.61348]]],[[[-74.0341,40.61497],[-74.03387,40.61567],[-74.03355,40.61554],[-74.03381,40.61484],[-74.0341,40.61497]]],[[[-74.02425,40.62734],[-74.02404,40.62798],[-74.022,40.63293],[-74.02425,40.62734]]],[[[-74.02353,40.62694],[-74.02284,40.62867],[-74.02122,40.63259],[-74.02353,40.62694]]],[[[-74.02457,40.62752],[-74.02349,40.6302],[-74.02233,40.63308],[-74.02457,40.62752]]],[[[-74.02425,40.62734],[-74.02364,40.627],[-74.02353,40.62694],[-74.02425,40.62734]]]]}},{"type":"Feature","properties":{"u":"890150zmr","n":"SYCAMORE REZONING","y":1989,"k":"unclassified","un":66.0,"upa":0.356,"ac":185.56,"t":true},"geometry":{"type":"Polygon","coordinates":[[[-74.16102,40.54268],[-74.15311,40.54728],[-74.15212,40.54706],[-74.14965,40.54338],[-74.14975,40.53795],[-74.15246,40.53557],[-74.15597,40.53763],[-74.16102,40.54268]]]}},{"type":"Feature","properties":{"u":"950097zmq","n":"65TH RD REZONING","y":1996,"k":"unclassified","un":66.0,"upa":39.13,"ac":1.69,"t":true},"geometry":{"type":"Polygon","coordinates":[[[-73.86048,40.72519],[-73.85977,40.72614],[-73.85924,40.7259],[-73.8598,40.72494],[-73.86048,40.72519]]]}},{"type":"Feature","properties":{"u":"890540zmr","n":"GRANT CITY","y":1989,"k":"unclassified","un":66.0,"upa":0.292,"ac":226.09,"t":true},"geometry":{"type":"Polygon","coordinates":[[[-74.11285,40.58129],[-74.11023,40.58256],[-74.10814,40.58468],[-74.10503,40.58722],[-74.10423,40.58727],[-74.10167,40.5856],[-74.09863,40.58256],[-74.10347,40.5779],[-74.10649,40.57464],[-74.11213,40.57784],[-74.11285,40.58129]]]}},{"type":"Feature","properties":{"u":"880429zmq","n":"FLAGSHIP PLAZA","y":1989,"k":"unclassified","un":64.0,"upa":13.744,"ac":4.66,"t":true},"geometry":{"type":"Polygon","coordinates":[[[-73.81938,40.709],[-73.81876,40.70934],[-73.81748,40.70793],[-73.81873,40.70741],[-73.81938,40.709]]]}},{"type":"Feature","properties":{"u":"060259zmq","n":"BAYSWATER REZONING","y":2006,"k":"density lowered","un":63.0,"upa":0.23,"ac":274.05,"t":true},"geometry":{"type":"MultiPolygon","coordinates":[[[[-73.7586,40.60552],[-73.75857,40.60476],[-73.75733,40.60449],[-73.7572,40.60511],[-73.75677,40.60503],[-73.75663,40.60561],[-73.75599,40.60548],[-73.75619,40.60491],[-73.75557,40.60479],[-73.75593,40.60392],[-73.76002,40.60169],[-73.75992,40.60234],[-73.76014,40.60361],[-73.76162,40.60331],[-73.7617,40.60356],[-73.76239,40.60341],[-73.76245,40.60359],[-73.76663,40.60264],[-73.76609,40.6013],[-73.76529,40.60168],[-73.76386,40.59974],[-73.7647,40.59934],[-73.76533,40.60002],[-73.76656,40.59946],[-73.76762,40.60027],[-73.76824,40.60129],[-73.77075,40.60033],[-73.77229,40.60025],[-73.77181,40.60277],[-73.7671,40.60385],[-73.7676,40.60503],[-73.76391,40.60572],[-73.76359,40.60464],[-73.76086,40.60528],[-73.76088,40.60553],[-73.76043,40.60544],[-73.7605,40.60595],[-73.7586,40.60552]]],[[[-73.74576,40.612],[-73.74307,40.60789],[-73.74336,40.60751],[-73.74319,40.60732],[-73.74468,40.60563],[-73.74574,40.60341],[-73.74708,40.60318],[-73.74721,40.6045],[-73.74741,40.60453],[-73.74757,40.605],[-73.74822,40.60486],[-73.74786,40.60389],[-73.74906,40.60363],[-73.74996,40.60622],[-73.7494,40.60634],[-73.74754,40.60787],[-73.74762,40.60869],[-73.74821,40.6091],[-73.75089,40.60693],[-73.75141,40.6073],[-73.74982,40.60891],[-73.74781,40.61021],[-73.748,40.61078],[-73.74652,40.61134],[-73.74668,40.61165],[-73.74576,40.612]]],[[[-73.76568,40.61101],[-73.76493,40.61132],[-73.76442,40.6113],[-73.76592,40.60995],[-73.76463,40.60928],[-73.76421,40.60965],[-73.76321,40.60911],[-73.7638,40.60866],[-73.76398,40.60815],[-73.76298,40.60754],[-73.76339,40.60672],[-73.76483,40.6068],[-73.76488,40.60625],[-73.76555,40.60628],[-73.76696,40.60596],[-73.76684,40.60556],[-73.76757,40.6054],[-73.76791,40.6065],[-73.76716,40.60663],[-73.76723,40.60694],[-73.76802,40.607],[-73.76787,40.60733],[-73.7682,40.6074],[-73.76788,40.60794],[-73.76906,40.60824],[-73.76868,40.60883],[-73.76772,40.60825],[-73.76692,40.60909],[-73.76595,40.60851],[-73.76543,40.60901],[-73.76699,40.60996],[-73.76763,40.60944],[-73.76806,40.6097],[-73.7684,40.60937],[-73.76889,40.60982],[-73.76976,40.6102],[-73.77083,40.60908],[-73.77192,40.60974],[-73.77047,40.61111],[-73.76908,40.61034],[-73.76855,40.61088],[-73.76804,40.6106],[-73.7665,40.61151],[-73.76568,40.61101]]],[[[-73.75794,40.61012],[-73.7555,40.61015],[-73.75421,40.60971],[-73.75525,40.6065],[-73.7571,40.60685],[-73.7574,40.60622],[-73.75962,40.60667],[-73.75923,40.60772],[-73.76043,40.60798],[-73.75952,40.61048],[-73.75794,40.61012]]]]}},{"type":"Feature","properties":{"u":"910478zmk","n":"BRIGHTON-BY-THE-SEA","y":2009,"k":"unclassified","un":63.0,"upa":2.83,"ac":22.26,"t":true},"geometry":{"type":"Polygon","coordinates":[[[-73.95679,40.578],[-73.95669,40.57721],[-73.95576,40.57725],[-73.9557,40.57657],[-73.95525,40.57601],[-73.9552,40.57552],[-73.95944,40.57535],[-73.95961,40.5776],[-73.95872,40.5778],[-73.95875,40.57818],[-73.95838,40.57827],[-73.95679,40.578]]]}},{"type":"Feature","properties":{"u":"890609zmq","n":"BAYSIDE REZONING","y":1989,"k":"unclassified","un":63.0,"upa":0.427,"ac":147.61,"t":true},"geometry":{"type":"MultiPolygon","coordinates":[[[[-73.76214,40.7565],[-73.76388,40.75613],[-73.76784,40.75998],[-73.76818,40.76113],[-73.76151,40.76221],[-73.76048,40.76136],[-73.76007,40.76008],[-73.76214,40.7565]]],[[[-73.76854,40.7567],[-73.7705,40.75615],[-73.77401,40.75822],[-73.77451,40.75916],[-73.77424,40.75967],[-73.77071,40.76071],[-73.76984,40.75958],[-73.76854,40.7567]]],[[[-73.7701,40.7656],[-73.77128,40.7655],[-73.77345,40.76909],[-73.77114,40.7696],[-73.7701,40.7656]]],[[[-73.76694,40.76397],[-73.76689,40.76381],[-73.76586,40.76388],[-73.76524,40.76188],[-73.76722,40.76153],[-73.76783,40.76183],[-73.76822,40.76304],[-73.76738,40.76352],[-73.76882,40.76339],[-73.76887,40.76362],[-73.76694,40.76397]]],[[[-73.77218,40.76382],[-73.7763,40.76343],[-73.77656,40.76401],[-73.77285,40.76517],[-73.77218,40.76382]]]]}},{"type":"Feature","properties":{"u":"070575zmm","n":"HUDSON SQ NO","y":2008,"k":"unclassified","un":63.0,"upa":26.556,"ac":2.37,"t":true},"geometry":{"type":"Polygon","coordinates":[[[-74.00722,40.731],[-74.00737,40.73028],[-74.00907,40.73044],[-74.00898,40.73092],[-74.00808,40.73083],[-74.00801,40.73108],[-74.00722,40.731]]]}},{"type":"Feature","properties":{"u":"090179zmk","n":"OCEANA-BRIGHTON-BY-THE-SEA","y":2009,"k":"unclassified","un":62.0,"upa":41.894,"ac":1.48,"t":true},"geometry":{"type":"Polygon","coordinates":[[[-73.9596,40.5776],[-73.95869,40.5778],[-73.95864,40.57712],[-73.95955,40.57691],[-73.9596,40.5776]]]}},{"type":"Feature","properties":{"u":"050143zmr","n":"GREAT KILLS & TOTTENVILLE WATERFRNT","y":2005,"k":"density lowered","un":62.0,"upa":0.5,"ac":124.1,"t":true},"geometry":{"type":"MultiPolygon","coordinates":[[[[-74.14106,40.53631],[-74.14649,40.5402],[-74.14522,40.54178],[-74.14547,40.54198],[-74.14536,40.54213],[-74.14198,40.54474],[-74.1376,40.54771],[-74.13521,40.54611],[-74.14029,40.54186],[-74.14106,40.53631]]],[[[-74.25085,40.51322],[-74.25286,40.51202],[-74.2537,40.51284],[-74.25255,40.51426],[-74.25165,40.51502],[-74.2506,40.51539],[-74.24924,40.51386],[-74.25085,40.51322]]]]}},{"type":"Feature","properties":{"u":"130161zmk","n":"PITKIN AVENUE REZONING","y":2013,"k":"unclassified","un":60.0,"upa":53.087,"ac":1.13,"t":false},"geometry":{"type":"Polygon","coordinates":[[[-73.88093,40.67464],[-73.88001,40.67477],[-73.87988,40.67426],[-73.8808,40.67413],[-73.88093,40.67464]]]}},{"type":"Feature","properties":{"u":"080198zmr","n":"LAFAYETTE MANOR","y":2008,"k":"unclassified","un":60.0,"upa":49.474,"ac":1.21,"t":true},"geometry":{"type":"Polygon","coordinates":[[[-74.0965,40.64333],[-74.09557,40.64343],[-74.09542,40.64294],[-74.09641,40.64276],[-74.0965,40.64333]]]}},{"type":"Feature","properties":{"u":"070065zmq","n":"PLAZA 75","y":2007,"k":"unclassified","un":58.0,"upa":42.546,"ac":1.36,"t":true},"geometry":{"type":"Polygon","coordinates":[[[-73.89095,40.74647],[-73.89037,40.74624],[-73.89019,40.74531],[-73.89074,40.74525],[-73.89095,40.74647]]]}},{"type":"Feature","properties":{"u":"940306zmm","n":"REPUBLIC NATIONAL BANK","y":1994,"k":"unclassified","un":57.0,"upa":14.018,"ac":4.07,"t":true},"geometry":{"type":"Polygon","coordinates":[[[-73.98375,40.75255],[-73.98339,40.75314],[-73.98179,40.7524],[-73.9824,40.75147],[-73.9833,40.75191],[-73.98375,40.75255]]]}},{"type":"Feature","properties":{"u":"990232zmr","n":"WEST BRIGHTON REZONING","y":2000,"k":"unclassified","un":56.0,"upa":0.116,"ac":481.37,"t":true},"geometry":{"type":"Polygon","coordinates":[[[-74.11309,40.62637],[-74.11369,40.62937],[-74.11154,40.62983],[-74.11406,40.64289],[-74.1138,40.64309],[-74.11247,40.64312],[-74.11268,40.64361],[-74.11066,40.64473],[-74.11061,40.64424],[-74.10888,40.64444],[-74.10897,40.6451],[-74.10742,40.64516],[-74.10703,40.64438],[-74.10629,40.64434],[-74.10538,40.63908],[-74.10482,40.63925],[-74.10434,40.63694],[-74.10348,40.63701],[-74.10313,40.6354],[-74.10252,40.63524],[-74.10244,40.63468],[-74.10351,40.63468],[-74.10334,40.63438],[-74.10295,40.63448],[-74.09933,40.63369],[-74.09855,40.63386],[-74.0979,40.62994],[-74.09906,40.62998],[-74.09867,40.6286],[-74.10294,40.62797],[-74.10277,40.62711],[-74.10412,40.6271],[-74.10366,40.62439],[-74.10597,40.62412],[-74.10608,40.62428],[-74.11142,40.62349],[-74.11309,40.62637]]]}},{"type":"Feature","properties":{"u":"070245zmk","n":"WYTHE AVE REZONING","y":2011,"k":"unclassified","un":56.0,"upa":30.349,"ac":1.85,"t":false},"geometry":{"type":"Polygon","coordinates":[[[-73.96603,40.71454],[-73.96514,40.7143],[-73.9655,40.71349],[-73.96638,40.71373],[-73.96603,40.71454]]]}},{"type":"Feature","properties":{"u":"100345zmk","n":"CULVER EL","y":2010,"k":"more housing allowed","un":56.0,"upa":2.311,"ac":24.24,"t":false},"geometry":{"type":"Polygon","coordinates":[[[-73.98679,40.64361],[-73.98332,40.64148],[-73.98318,40.64017],[-73.98379,40.63959],[-73.98565,40.64072],[-73.98627,40.64014],[-73.9866,40.64034],[-73.98629,40.64063],[-73.98849,40.64195],[-73.98679,40.64361]]]}},{"type":"Feature","properties":{"u":"130235zmm","n":"adAPT NYC","y":2013,"k":"more housing allowed","un":55.0,"upa":103.669,"ac":0.53,"t":false},"geometry":{"type":"Polygon","coordinates":[[[-73.97753,40.74016],[-73.97694,40.73992],[-73.97716,40.73962],[-73.97774,40.73986],[-73.97753,40.74016]]]}},{"type":"Feature","properties":{"u":"030449zmr","n":"TIDES AT CHARLESTON","y":2004,"k":"unclassified","un":54.0,"upa":0.954,"ac":56.6,"t":true},"geometry":{"type":"Polygon","coordinates":[[[-74.23965,40.53345],[-74.23849,40.53269],[-74.2387,40.53244],[-74.23907,40.52968],[-74.23906,40.5281],[-74.24453,40.52828],[-74.24453,40.52935],[-74.24524,40.53163],[-74.2423,40.53214],[-74.24177,40.53206],[-74.24166,40.53225],[-74.24069,40.53215],[-74.24075,40.53248],[-74.23965,40.53345]]]}},{"type":"Feature","properties":{"u":"120403zmq","n":"Xu Hotel and Residences","y":2015,"k":"unclassified","un":54.0,"upa":22.041,"ac":2.45,"t":false},"geometry":{"type":"Polygon","coordinates":[[[-73.82893,40.76467],[-73.82871,40.76381],[-73.82975,40.76354],[-73.83015,40.76441],[-73.82893,40.76467]]]}},{"type":"Feature","properties":{"u":"190207zmx","n":"Brook 156","y":2019,"k":"more housing allowed","un":52.0,"upa":115.617,"ac":0.45,"t":false},"geometry":{"type":"Polygon","coordinates":[[[-73.91159,40.82016],[-73.91174,40.81962],[-73.91215,40.81978],[-73.9119,40.82021],[-73.91159,40.82016]]]}},{"type":"Feature","properties":{"u":"930547zmr","n":"MEMPHIS AVENUE REZONING","y":1994,"k":"unclassified","un":52.0,"upa":0.293,"ac":177.76,"t":true},"geometry":{"type":"Polygon","coordinates":[[[-74.18254,40.54507],[-74.17588,40.55418],[-74.17297,40.55453],[-74.17159,40.54818],[-74.17177,40.54704],[-74.17725,40.54244],[-74.17825,40.54214],[-74.18254,40.54507]]]}},{"type":"Feature","properties":{"u":"880600zmr","n":"DONGAN HILLS DOWNZONING","y":1989,"k":"unclassified","un":51.0,"upa":1.247,"ac":40.9,"t":true},"geometry":{"type":"Polygon","coordinates":[[[-74.09568,40.58976],[-74.0918,40.59264],[-74.08917,40.59132],[-74.09117,40.58871],[-74.09153,40.58885],[-74.09278,40.58746],[-74.09504,40.58861],[-74.09568,40.58976]]]}},{"type":"Feature","properties":{"u":"120178zmq","n":"Union Turnpike Rezoning","y":2014,"k":"unclassified","un":51.0,"upa":12.512,"ac":4.08,"t":false},"geometry":{"type":"Polygon","coordinates":[[[-73.80727,40.72119],[-73.80709,40.72059],[-73.80904,40.71992],[-73.80934,40.72097],[-73.80727,40.72119]]]}},{"type":"Feature","properties":{"u":"821182zmm","n":"No Project Name","y":1982,"k":"unclassified","un":50.0,"upa":3.983,"ac":12.55,"t":true},"geometry":{"type":"Polygon","coordinates":[[[-74.00329,40.7181],[-74.002,40.71969],[-73.99925,40.71757],[-73.99943,40.71719],[-74.00161,40.71717],[-74.00329,40.7181]]]}},{"type":"Feature","properties":{"u":"930399zmq","n":"AUBURNDALE REZONING","y":1995,"k":"unclassified","un":48.0,"upa":0.241,"ac":198.78,"t":true},"geometry":{"type":"Polygon","coordinates":[[[-73.79276,40.76951],[-73.79266,40.7706],[-73.78742,40.77857],[-73.78667,40.77886],[-73.78533,40.77615],[-73.78251,40.76821],[-73.78833,40.76414],[-73.7912,40.76655],[-73.79276,40.76951]]]}},{"type":"Feature","properties":{"u":"060032zmm","n":"84 WHITE ST","y":2008,"k":"unclassified","un":48.0,"upa":13.81,"ac":3.48,"t":true},"geometry":{"type":"Polygon","coordinates":[[[-74.0032,40.71811],[-74.00272,40.71872],[-74.00099,40.71794],[-74.00149,40.71727],[-74.0032,40.71811]]]}},{"type":"Feature","properties":{"u":"950513zmm","n":"POLICE SERVICE AREA NO. 4","y":1995,"k":"unclassified","un":45.0,"upa":21.093,"ac":2.13,"t":true},"geometry":{"type":"Polygon","coordinates":[[[-73.97812,40.72455],[-73.97769,40.72519],[-73.97656,40.72472],[-73.97699,40.72408],[-73.97812,40.72455]]]}},{"type":"Feature","properties":{"u":"060228zmq","n":"31ST ST REZONING","y":2008,"k":"unclassified","un":44.0,"upa":11.421,"ac":3.85,"t":true},"geometry":{"type":"Polygon","coordinates":[[[-73.90907,40.77839],[-73.90725,40.77989],[-73.90667,40.77943],[-73.90847,40.77797],[-73.90907,40.77839]]]}},{"type":"Feature","properties":{"u":"190377zmk","n":"5914 Bay Parkway Rezoning","y":2020,"k":"more housing allowed","un":44.0,"upa":89.605,"ac":0.49,"t":false},"geometry":{"type":"Polygon","coordinates":[[[-73.97888,40.61695],[-73.97855,40.61727],[-73.97815,40.61702],[-73.97847,40.6167],[-73.97888,40.61695]]]}},{"type":"Feature","properties":{"u":"050522zmq","n":"94TH ST-CORONA AVE","y":2010,"k":"unclassified","un":44.0,"upa":3.116,"ac":14.12,"t":false},"geometry":{"type":"Polygon","coordinates":[[[-73.87451,40.74332],[-73.87137,40.7443],[-73.87068,40.74473],[-73.86994,40.74236],[-73.87352,40.74252],[-73.87451,40.74332]]]}},{"type":"Feature","properties":{"u":"060288zmx","n":"ON THE SOUND ON CITY ISLAND","y":2009,"k":"unclassified","un":43.0,"upa":3.535,"ac":12.16,"t":true},"geometry":{"type":"Polygon","coordinates":[[[-73.78406,40.8478],[-73.78,40.8487],[-73.77954,40.8475],[-73.78365,40.84662],[-73.78406,40.8478]]]}},{"type":"Feature","properties":{"u":"040492zmq","n":"JAMAICA HILL REZONING","y":2004,"k":"density lowered","un":43.0,"upa":0.413,"ac":104.24,"t":true},"geometry":{"type":"Polygon","coordinates":[[[-73.79825,40.71716],[-73.79659,40.71762],[-73.79691,40.71814],[-73.79614,40.71866],[-73.79553,40.71883],[-73.79582,40.71939],[-73.79507,40.71959],[-73.7948,40.71985],[-73.79132,40.72089],[-73.79093,40.72026],[-73.79026,40.72032],[-73.79044,40.71956],[-73.79197,40.71787],[-73.79218,40.71633],[-73.79331,40.71422],[-73.79337,40.71343],[-73.79288,40.71205],[-73.79356,40.71183],[-73.79321,40.71118],[-73.79506,40.71038],[-73.79644,40.70991],[-73.79827,40.71313],[-73.79681,40.71372],[-73.79701,40.7141],[-73.79572,40.71444],[-73.79554,40.71401],[-73.79504,40.71414],[-73.79571,40.7155],[-73.79575,40.71522],[-73.79728,40.71478],[-73.79825,40.71716]]]}},{"type":"Feature","properties":{"u":"180261zmx","n":"Williamsbridge Road Rezoning","y":2019,"k":"more housing allowed","un":41.0,"upa":51.223,"ac":0.8,"t":false},"geometry":{"type":"Polygon","coordinates":[[[-73.85961,40.86546],[-73.86032,40.86625],[-73.85997,40.86643],[-73.85958,40.8663],[-73.85961,40.86546]]]}},{"type":"Feature","properties":{"u":"870160zmk","n":"NOLL ST FRONTAGE","y":1989,"k":"unclassified","un":40.0,"upa":19.034,"ac":2.1,"t":true},"geometry":{"type":"Polygon","coordinates":[[[-73.93064,40.7036],[-73.92978,40.70445],[-73.92912,40.70472],[-73.92884,40.70457],[-73.93018,40.70332],[-73.93064,40.7036]]]}},{"type":"Feature","properties":{"u":"180029zmk","n":"1881-1885 McDonald Avenue Rezoning","y":2018,"k":"more housing allowed","un":39.0,"upa":30.372,"ac":1.28,"t":false},"geometry":{"type":"Polygon","coordinates":[[[-73.97209,40.60713],[-73.97192,40.60622],[-73.97253,40.60615],[-73.97267,40.60706],[-73.97209,40.60713]]]}},{"type":"Feature","properties":{"u":"890188zmr","n":"GIFFORDS LANE WEST","y":1989,"k":"unclassified","un":39.0,"upa":0.314,"ac":124.29,"t":true},"geometry":{"type":"Polygon","coordinates":[[[-74.15975,40.56215],[-74.15603,40.56413],[-74.15085,40.55232],[-74.15499,40.55115],[-74.15975,40.56215]]]}},{"type":"Feature","properties":{"u":"080132zmm","n":"UNITY FUNERAL CHAPELS","y":2008,"k":"unclassified","un":39.0,"upa":27.055,"ac":1.44,"t":true},"geometry":{"type":"Polygon","coordinates":[[[-73.95022,40.81148],[-73.94965,40.81126],[-73.94987,40.81095],[-73.94953,40.8108],[-73.94975,40.81046],[-73.95068,40.81085],[-73.95022,40.81148]]]}},{"type":"Feature","properties":{"u":"880142zmq","n":"AMBER LANTERN","y":1989,"k":"unclassified","un":37.0,"upa":3.774,"ac":9.8,"t":true},"geometry":{"type":"Polygon","coordinates":[[[-73.81764,40.76613],[-73.81425,40.76595],[-73.81388,40.76474],[-73.81578,40.76473],[-73.81741,40.76506],[-73.81764,40.76613]]]}},{"type":"Feature","properties":{"u":"070432zmk","n":"COOK STREET","y":2007,"k":"unclassified","un":35.0,"upa":12.194,"ac":2.87,"t":true},"geometry":{"type":"Polygon","coordinates":[[[-73.94422,40.7029],[-73.9425,40.70306],[-73.94238,40.70235],[-73.94411,40.70219],[-73.94422,40.7029]]]}},{"type":"Feature","properties":{"u":"800998zmr","n":"ENFIELD PL, RICHMOND RD, DEMARCO PL","y":1984,"k":"unclassified","un":35.0,"upa":3.603,"ac":9.71,"t":true},"geometry":{"type":"Polygon","coordinates":[[[-74.12645,40.57776],[-74.12637,40.57823],[-74.12601,40.57865],[-74.12411,40.57796],[-74.12464,40.57642],[-74.12505,40.57594],[-74.12592,40.57614],[-74.12645,40.57776]]]}},{"type":"Feature","properties":{"u":"060153zmq","n":"MIDDLE VILLAGE-GLENDALE REZONING","y":2006,"k":"density lowered","un":34.0,"upa":0.052,"ac":653.69,"t":true},"geometry":{"type":"Polygon","coordinates":[[[-73.87162,40.7133],[-73.86911,40.7071],[-73.8622,40.70729],[-73.8594,40.70753],[-73.85932,40.7068],[-73.85847,40.70737],[-73.85771,40.7058],[-73.85594,40.70641],[-73.85474,40.70519],[-73.85252,40.7023],[-73.85529,40.7026],[-73.8553,40.702],[-73.85717,40.70168],[-73.85725,40.70122],[-73.85828,40.70123],[-73.85893,40.70133],[-73.85875,40.70298],[-73.8628,40.70342],[-73.8764,40.7023],[-73.87622,40.7016],[-73.88107,40.69981],[-73.88346,40.70562],[-73.89105,40.70382],[-73.88912,40.70561],[-73.88659,40.70623],[-73.88369,40.70613],[-73.87716,40.70658],[-73.88006,40.71266],[-73.88508,40.71217],[-73.88638,40.71222],[-73.88724,40.71495],[-73.88792,40.71581],[-73.88076,40.71914],[-73.87359,40.72049],[-73.87235,40.71783],[-73.87162,40.7133]]]}},{"type":"Feature","properties":{"u":"040206zmr","n":"SOUTHERN GREAT KILLS","y":2004,"k":"density lowered","un":32.0,"upa":0.308,"ac":104.01,"t":true},"geometry":{"type":"Polygon","coordinates":[[[-74.1437,40.5527],[-74.14232,40.55057],[-74.14117,40.54957],[-74.14323,40.54798],[-74.14221,40.54715],[-74.14377,40.54595],[-74.14464,40.54663],[-74.14518,40.54635],[-74.14582,40.54674],[-74.14705,40.54633],[-74.14648,40.54559],[-74.14872,40.5447],[-74.14945,40.54607],[-74.14793,40.54674],[-74.14839,40.5474],[-74.14973,40.54684],[-74.1508,40.54842],[-74.15097,40.54924],[-74.14961,40.5496],[-74.15032,40.55095],[-74.14969,40.55152],[-74.1486,40.55184],[-74.14597,40.55159],[-74.14471,40.55205],[-74.1437,40.5527]]]}},{"type":"Feature","properties":{"u":"060465zmr","n":"PRINCE'S BAY REZONING","y":2006,"k":"density lowered","un":31.0,"upa":0.203,"ac":152.5,"t":true},"geometry":{"type":"MultiPolygon","coordinates":[[[[-74.21044,40.51174],[-74.21168,40.51106],[-74.21271,40.51076],[-74.22378,40.50861],[-74.22534,40.5123],[-74.21176,40.5152],[-74.21044,40.51174]]],[[[-74.21044,40.51174],[-74.20476,40.51537],[-74.20337,40.51302],[-74.2104,40.51166],[-74.21044,40.51174]]]]}},{"type":"Feature","properties":{"u":"920226zmq","n":"SO ELMHURST REZONING","y":1992,"k":"unclassified","un":30.0,"upa":2.244,"ac":13.37,"t":true},"geometry":{"type":"Polygon","coordinates":[[[-73.88764,40.73615],[-73.88749,40.73687],[-73.88431,40.73747],[-73.88417,40.73703],[-73.88444,40.73475],[-73.88764,40.73615]]]}},{"type":"Feature","properties":{"u":"040189zmr","n":"GREAT KILLS CONTEXTUAL REZONING","y":2004,"k":"density lowered","un":30.0,"upa":0.142,"ac":210.91,"t":true},"geometry":{"type":"MultiPolygon","coordinates":[[[[-74.15741,40.55636],[-74.15665,40.55649],[-74.15605,40.555],[-74.15362,40.55554],[-74.15394,40.55619],[-74.15293,40.55647],[-74.15414,40.55924],[-74.15177,40.55973],[-74.14987,40.56072],[-74.14986,40.56095],[-74.14954,40.56108],[-74.1488,40.56023],[-74.15087,40.55943],[-74.15046,40.55886],[-74.15086,40.5586],[-74.15056,40.55811],[-74.14817,40.55926],[-74.14762,40.55868],[-74.14564,40.55987],[-74.14345,40.55793],[-74.14611,40.55556],[-74.14544,40.55331],[-74.14568,40.55256],[-74.15072,40.55148],[-74.15085,40.55177],[-74.15487,40.55065],[-74.15741,40.55636]]],[[[-74.15423,40.56616],[-74.15341,40.56661],[-74.15262,40.56739],[-74.1499,40.56469],[-74.14876,40.56538],[-74.14674,40.5636],[-74.14872,40.56233],[-74.15131,40.56499],[-74.15252,40.56425],[-74.15423,40.56616]]],[[[-74.15578,40.56051],[-74.15483,40.56076],[-74.15414,40.55924],[-74.156,40.55874],[-74.15642,40.55961],[-74.15538,40.55983],[-74.15578,40.56051]]],[[[-74.15607,40.5636],[-74.15616,40.56385],[-74.15538,40.5651],[-74.15476,40.56392],[-74.15607,40.5636]]],[[[-74.15415,40.55924],[-74.15414,40.55924],[-74.15413,40.55923],[-74.15415,40.55924]]],[[[-74.15414,40.55924],[-74.15414,40.55924],[-74.15414,40.55924],[-74.15414,40.55924]]]]}},{"type":"Feature","properties":{"u":"000178zmq","n":"LITTLE NECK PINES","y":2000,"k":"unclassified","un":30.0,"upa":0.192,"ac":156.56,"t":true},"geometry":{"type":"Polygon","coordinates":[[[-73.74482,40.772],[-73.74205,40.77411],[-73.73472,40.77303],[-73.73223,40.77151],[-73.73319,40.77012],[-73.737,40.76746],[-73.7414,40.76571],[-73.74265,40.76556],[-73.74482,40.772]]]}},{"type":"Feature","properties":{"u":"070210zmq","n":"135-01, 135-09 NORTHERN BLVD","y":2011,"k":"unclassified","un":29.0,"upa":25.564,"ac":1.13,"t":false},"geometry":{"type":"Polygon","coordinates":[[[-73.83332,40.76351],[-73.83254,40.76369],[-73.83255,40.76304],[-73.8333,40.76288],[-73.83332,40.76351]]]}},{"type":"Feature","properties":{"u":"890246zmq","n":"BELLEROSE REZONING","y":1989,"k":"unclassified","un":29.0,"upa":0.131,"ac":221.45,"t":true},"geometry":{"type":"MultiPolygon","coordinates":[[[[-73.72292,40.73054],[-73.72127,40.72878],[-73.72113,40.72944],[-73.72021,40.72992],[-73.71077,40.7281],[-73.71072,40.72744],[-73.71879,40.72646],[-73.7193,40.72668],[-73.71904,40.7264],[-73.72109,40.72581],[-73.72847,40.72691],[-73.73333,40.72837],[-73.73331,40.72773],[-73.73735,40.72727],[-73.7393,40.72802],[-73.74091,40.72972],[-73.73478,40.73087],[-73.73413,40.73082],[-73.7336,40.7292],[-73.73316,40.73121],[-73.73073,40.73145],[-73.7271,40.73137],[-73.72292,40.73054]]],[[[-73.72548,40.7258],[-73.72536,40.72531],[-73.72862,40.72603],[-73.72884,40.72663],[-73.72713,40.7264],[-73.72548,40.7258]]]]}},{"type":"Feature","properties":{"u":"830876zmx","n":"STORY OLMSTEAD HOMER & PUGSLEY AVES","y":1983,"k":"unclassified","un":27.0,"upa":0.685,"ac":39.41,"t":true},"geometry":{"type":"Polygon","coordinates":[[[-73.856,40.82477],[-73.85359,40.82585],[-73.85272,40.82595],[-73.85162,40.82063],[-73.85307,40.82041],[-73.85512,40.82088],[-73.856,40.82477]]]}},{"type":"Feature","properties":{"u":"880919zmr","n":"WESTERLEIGH REZONING","y":1989,"k":"unclassified","un":27.0,"upa":0.137,"ac":197.19,"t":true},"geometry":{"type":"Polygon","coordinates":[[[-74.14037,40.61641],[-74.13836,40.62393],[-74.13699,40.62414],[-74.13197,40.62296],[-74.13103,40.61716],[-74.13064,40.61291],[-74.13077,40.61273],[-74.13217,40.61239],[-74.13424,40.61232],[-74.13738,40.614],[-74.14037,40.61641]]]}},{"type":"Feature","properties":{"u":"070264zmx","n":"PARK STRATTON","y":2007,"k":"density lowered","un":26.0,"upa":0.864,"ac":30.08,"t":true},"geometry":{"type":"Polygon","coordinates":[[[-73.86831,40.83994],[-73.86828,40.83958],[-73.86743,40.83985],[-73.86698,40.83591],[-73.86609,40.83587],[-73.866,40.83529],[-73.8705,40.83641],[-73.87044,40.83797],[-73.87167,40.83794],[-73.87172,40.83821],[-73.87059,40.83906],[-73.86831,40.83994]]]}},{"type":"Feature","properties":{"u":"050455zmr","n":"S.I. COMM'L OVERLAY ELIMINATION","y":2005,"k":"unclassified","un":26.0,"upa":0.706,"ac":36.84,"t":true},"geometry":{"type":"MultiPolygon","coordinates":[[[[-74.2454,40.51501],[-74.24786,40.51348],[-74.24826,40.51393],[-74.24905,40.51353],[-74.24869,40.51312],[-74.24961,40.51261],[-74.25003,40.51304],[-74.25045,40.5128],[-74.25092,40.51329],[-74.24932,40.51388],[-74.2497,40.51432],[-74.24577,40.51546],[-74.2454,40.51501]]],[[[-74.21385,40.52248],[-74.2142,40.52243],[-74.21408,40.52185],[-74.21372,40.52189],[-74.21359,40.52127],[-74.21447,40.52121],[-74.21467,40.52236],[-74.21589,40.52243],[-74.21571,40.52281],[-74.21528,40.52287],[-74.21522,40.52352],[-74.21408,40.52363],[-74.21385,40.52248]]],[[[-74.25015,40.51245],[-74.24979,40.51207],[-74.24921,40.51239],[-74.24812,40.51151],[-74.24896,40.51123],[-74.24935,40.51164],[-74.25015,40.51119],[-74.25094,40.512],[-74.25015,40.51245]]],[[[-74.23971,40.51196],[-74.23949,40.51202],[-74.23909,40.51151],[-74.24021,40.51132],[-74.24013,40.51106],[-74.24074,40.51077],[-74.24081,40.51136],[-74.2405,40.51152],[-74.24107,40.51201],[-74.23942,40.51294],[-74.23926,40.51277],[-74.24005,40.5123],[-74.23971,40.51196]]],[[[-74.14515,40.54181],[-74.14642,40.54028],[-74.14676,40.54066],[-74.1455,40.54209],[-74.14515,40.54181]]],[[[-74.24599,40.50987],[-74.24552,40.50937],[-74.24499,40.5095],[-74.24484,40.50908],[-74.24589,40.5088],[-74.24603,40.5092],[-74.2467,40.50968],[-74.24599,40.50987]]],[[[-74.24227,40.51009],[-74.24354,40.50955],[-74.24368,40.50999],[-74.24243,40.51054],[-74.24227,40.51009]]],[[[-74.14655,40.54241],[-74.14682,40.54209],[-74.14797,40.54287],[-74.14769,40.5432],[-74.14655,40.54241]]],[[[-74.24677,40.50855],[-74.24753,40.50831],[-74.24769,40.50877],[-74.24692,40.50899],[-74.24677,40.50855]]],[[[-74.2421,40.51087],[-74.24259,40.51062],[-74.24305,40.51108],[-74.24257,40.51134],[-74.2421,40.51087]]],[[[-74.14598,40.54306],[-74.14635,40.54274],[-74.14692,40.54308],[-74.14648,40.5434],[-74.14598,40.54306]]]]}},{"type":"Feature","properties":{"u":"060477zmk","n":"45 SUMMIT STREET","y":2007,"k":"unclassified","un":25.0,"upa":13.719,"ac":1.82,"t":true},"geometry":{"type":"Polygon","coordinates":[[[-74.00471,40.68335],[-74.00482,40.68306],[-74.00415,40.68287],[-74.00431,40.68248],[-74.00562,40.68282],[-74.00533,40.68353],[-74.00471,40.68335]]]}},{"type":"Feature","properties":{"u":"060536zmr","n":"CLIFTON REZONING","y":2006,"k":"density lowered","un":25.0,"upa":0.601,"ac":41.6,"t":true},"geometry":{"type":"Polygon","coordinates":[[[-74.07769,40.61978],[-74.07279,40.62234],[-74.07159,40.62082],[-74.07418,40.61891],[-74.07363,40.6184],[-74.07493,40.6174],[-74.07543,40.61829],[-74.07591,40.61805],[-74.07563,40.61772],[-74.07628,40.61734],[-74.07663,40.61767],[-74.07716,40.61736],[-74.07713,40.61684],[-74.07858,40.61606],[-74.07971,40.61695],[-74.0767,40.61867],[-74.07769,40.61978]]]}},{"type":"Feature","properties":{"u":"160065zmx","n":"Woodlawn Rezoning","y":2016,"k":"unclassified","un":25.0,"upa":5.67,"ac":4.41,"t":false},"geometry":{"type":"Polygon","coordinates":[[[-73.8623,40.89909],[-73.8628,40.89732],[-73.864,40.89718],[-73.86331,40.89899],[-73.8623,40.89909]]]}},{"type":"Feature","properties":{"u":"070265zmx","n":"CLASON PT/HARDING PK","y":2007,"k":"density lowered","un":25.0,"upa":0.106,"ac":236.46,"t":true},"geometry":{"type":"MultiPolygon","coordinates":[[[[-73.8572,40.81283],[-73.85582,40.80712],[-73.85516,40.80717],[-73.85524,40.80542],[-73.85564,40.80242],[-73.85794,40.80195],[-73.86307,40.80403],[-73.86608,40.8079],[-73.86177,40.80848],[-73.86035,40.81081],[-73.85962,40.81091],[-73.85972,40.81132],[-73.86025,40.81127],[-73.86028,40.8115],[-73.86068,40.81147],[-73.86099,40.81293],[-73.85793,40.81333],[-73.8572,40.81283]]],[[[-73.85402,40.81309],[-73.854,40.81285],[-73.85339,40.81287],[-73.85357,40.81176],[-73.85344,40.81131],[-73.85006,40.81175],[-73.84931,40.81048],[-73.84969,40.80972],[-73.84961,40.80867],[-73.84889,40.80577],[-73.84926,40.80596],[-73.84985,40.80801],[-73.85167,40.80767],[-73.85176,40.80805],[-73.85284,40.8079],[-73.85294,40.80835],[-73.85361,40.80878],[-73.8539,40.80845],[-73.85476,40.80894],[-73.85464,40.80845],[-73.85509,40.80839],[-73.85533,40.80935],[-73.85479,40.80944],[-73.85527,40.81151],[-73.85578,40.81144],[-73.85644,40.8142],[-73.85584,40.81429],[-73.85571,40.81368],[-73.85402,40.81309]]],[[[-73.86243,40.81709],[-73.86198,40.81502],[-73.8601,40.81524],[-73.85998,40.81458],[-73.8595,40.81462],[-73.85931,40.81364],[-73.86204,40.81329],[-73.86191,40.81281],[-73.86292,40.81267],[-73.8631,40.81357],[-73.86261,40.8136],[-73.86289,40.81486],[-73.8634,40.81479],[-73.86379,40.8169],[-73.86243,40.81709]]]]}},{"type":"Feature","properties":{"u":"890612zmr","n":"OLD TOWN REZONING","y":1989,"k":"unclassified","un":24.0,"upa":0.177,"ac":135.68,"t":true},"geometry":{"type":"Polygon","coordinates":[[[-74.09771,40.59553],[-74.0919,40.60159],[-74.08796,40.60133],[-74.08674,40.59855],[-74.08757,40.59668],[-74.08809,40.59596],[-74.09189,40.59243],[-74.09771,40.59553]]]}},{"type":"Feature","properties":{"u":"890613zmx","n":"BAYCHESTER REZONING","y":1989,"k":"unclassified","un":24.0,"upa":0.506,"ac":47.41,"t":true},"geometry":{"type":"MultiPolygon","coordinates":[[[[-73.84005,40.87037],[-73.84251,40.86951],[-73.84353,40.87146],[-73.84376,40.87339],[-73.84271,40.87371],[-73.84036,40.87299],[-73.83999,40.87239],[-73.83979,40.87093],[-73.84005,40.87037]]],[[[-73.83584,40.86752],[-73.83891,40.8665],[-73.83969,40.86682],[-73.84042,40.86844],[-73.83684,40.86964],[-73.83584,40.86752]]]]}},{"type":"Feature","properties":{"u":"780536zmk","n":"OSBORN ST,LOTT AVE & NEWPORT ST","y":1979,"k":"unclassified","un":24.0,"upa":22.49,"ac":1.07,"t":true},"geometry":{"type":"MultiPolygon","coordinates":[[[[-73.90578,40.65943],[-73.9062,40.65936],[-73.90637,40.65996],[-73.90596,40.66002],[-73.90578,40.65943]]],[[[-73.90548,40.65823],[-73.90589,40.65817],[-73.90598,40.65864],[-73.90558,40.65872],[-73.90548,40.65823]]]]}},{"type":"Feature","properties":{"u":"950526zmk","n":"LYNCH ST REZONING","y":1996,"k":"unclassified","un":22.0,"upa":1.867,"ac":11.78,"t":true},"geometry":{"type":"Polygon","coordinates":[[[-73.96076,40.70099],[-73.96024,40.70129],[-73.95893,40.70154],[-73.95743,40.70116],[-73.95712,40.70005],[-73.95775,40.69961],[-73.95902,40.69942],[-73.96076,40.70099]]]}},{"type":"Feature","properties":{"u":"090225zmk","n":"CARROLL STREET REZONING","y":2011,"k":"more housing allowed","un":22.0,"upa":30.618,"ac":0.72,"t":false},"geometry":{"type":"Polygon","coordinates":[[[-74.00498,40.68386],[-74.00428,40.68368],[-74.00445,40.68328],[-74.00516,40.68348],[-74.00498,40.68386]]]}},{"type":"Feature","properties":{"u":"930381zmq","n":"MIDDLE VILLAGE REZONING","y":1994,"k":"unclassified","un":20.0,"upa":0.177,"ac":112.86,"t":true},"geometry":{"type":"Polygon","coordinates":[[[-73.88286,40.72332],[-73.88281,40.72518],[-73.87633,40.72762],[-73.87505,40.72763],[-73.87326,40.72625],[-73.87255,40.72527],[-73.87413,40.72185],[-73.87624,40.72139],[-73.88117,40.7212],[-73.88286,40.72332]]]}},{"type":"Feature","properties":{"u":"960569zmq","n":"ST ALBANS AREA B REZONING","y":1996,"k":"unclassified","un":20.0,"upa":0.26,"ac":76.94,"t":true},"geometry":{"type":"Polygon","coordinates":[[[-73.76982,40.68477],[-73.76293,40.6863],[-73.76034,40.6842],[-73.76036,40.68359],[-73.76105,40.68105],[-73.76477,40.68123],[-73.76975,40.68386],[-73.76982,40.68477]]]}},{"type":"Feature","properties":{"u":"960568zmq","n":"ST ALBANS AREA A REZONING","y":1996,"k":"unclassified","un":19.0,"upa":0.461,"ac":41.23,"t":true},"geometry":{"type":"Polygon","coordinates":[[[-73.75574,40.69312],[-73.76265,40.69071],[-73.76567,40.69172],[-73.76662,40.69289],[-73.75775,40.69368],[-73.75625,40.69407],[-73.75574,40.69312]]]}},{"type":"Feature","properties":{"u":"900609zmr","n":"DONGAN HILLS/SEAVER CIVIC","y":1991,"k":"unclassified","un":19.0,"upa":0.505,"ac":37.59,"t":true},"geometry":{"type":"Polygon","coordinates":[[[-74.09922,40.58648],[-74.09916,40.58707],[-74.09732,40.58846],[-74.09491,40.58872],[-74.09266,40.58759],[-74.09569,40.58454],[-74.09922,40.58648]]]}},{"type":"Feature","properties":{"u":"030467zmx","n":"CITY ISLAND REZONING","y":2003,"k":"density lowered","un":19.0,"upa":0.079,"ac":241.32,"t":true},"geometry":{"type":"Polygon","coordinates":[[[-73.79231,40.85561],[-73.79072,40.85597],[-73.79052,40.8573],[-73.79075,40.85747],[-73.79056,40.85762],[-73.79069,40.85789],[-73.79007,40.85848],[-73.789,40.85847],[-73.78823,40.85416],[-73.78782,40.85416],[-73.78815,40.8539],[-73.78721,40.8539],[-73.7881,40.85368],[-73.78699,40.85268],[-73.78667,40.8528],[-73.78657,40.85264],[-73.78684,40.85255],[-73.78584,40.85185],[-73.78531,40.85162],[-73.78429,40.85189],[-73.78355,40.85162],[-73.78337,40.85141],[-73.7836,40.85124],[-73.78446,40.85099],[-73.78394,40.85061],[-73.78409,40.85007],[-73.78333,40.84928],[-73.78311,40.84933],[-73.783,40.84915],[-73.78239,40.84942],[-73.78142,40.84873],[-73.7814,40.84854],[-73.78373,40.848],[-73.78331,40.84679],[-73.78414,40.84663],[-73.78409,40.84642],[-73.78367,40.84649],[-73.7835,40.84591],[-73.78361,40.84564],[-73.78282,40.84584],[-73.78327,40.84549],[-73.78318,40.84518],[-73.78133,40.84558],[-73.78127,40.84534],[-73.78422,40.84468],[-73.7843,40.84498],[-73.78465,40.84492],[-73.78481,40.8453],[-73.78554,40.84511],[-73.78528,40.84447],[-73.78508,40.84439],[-73.78421,40.84192],[-73.78379,40.8419],[-73.78363,40.84147],[-73.78342,40.84156],[-73.78329,40.84097],[-73.78283,40.84106],[-73.78259,40.84038],[-73.78155,40.84061],[-73.78121,40.8399],[-73.7813,40.8396],[-73.78057,40.83984],[-73.78042,40.83958],[-73.78121,40.8394],[-73.78127,40.83886],[-73.78194,40.83764],[-73.7823,40.83738],[-73.78255,40.83745],[-73.78207,40.83631],[-73.78308,40.83638],[-73.78338,40.83691],[-73.78481,40.83685],[-73.78499,40.83696],[-73.7847,40.83713],[-73.78511,40.83733],[-73.78555,40.83708],[-73.78575,40.83724],[-73.78542,40.83772],[-73.78547,40.83842],[-73.78585,40.83926],[-73.78635,40.83972],[-73.78722,40.83975],[-73.78748,40.84035],[-73.78729,40.8406],[-73.7874,40.84082],[-73.78785,40.84076],[-73.78753,40.8411],[-73.78827,40.84158],[-73.78804,40.84176],[-73.78848,40.84253],[-73.78903,40.84319],[-73.78976,40.84306],[-73.78999,40.84339],[-73.78919,40.84371],[-73.78977,40.84481],[-73.79048,40.84566],[-73.7908,40.8458],[-73.79069,40.84593],[-73.79138,40.84669],[-73.79164,40.84678],[-73.79144,40.84684],[-73.79137,40.84717],[-73.79156,40.84723],[-73.79124,40.84841],[-73.79005,40.84951],[-73.78967,40.84964],[-73.78983,40.85031],[-73.78799,40.85052],[-73.78905,40.85192],[-73.79041,40.85159],[-73.7906,40.85193],[-73.79001,40.85209],[-73.79015,40.85228],[-73.79106,40.85207],[-73.7915,40.85278],[-73.79045,40.85306],[-73.79081,40.8531],[-73.79087,40.8533],[-73.79115,40.85324],[-73.79137,40.85384],[-73.79192,40.85399],[-73.79191,40.85436],[-73.79151,40.85451],[-73.79231,40.85561]]]}},{"type":"Feature","properties":{"u":"100145zmq","n":"HOUR CHILDREN","y":2010,"k":"unclassified","un":18.0,"upa":3.563,"ac":5.05,"t":false},"geometry":{"type":"Polygon","coordinates":[[[-73.94081,40.75977],[-73.93998,40.76111],[-73.93867,40.76064],[-73.93946,40.75929],[-73.94081,40.75977]]]}},{"type":"Feature","properties":{"u":"910360zmk","n":"JOHN WALTER EDWARDS APTS","y":1991,"k":"unclassified","un":18.0,"upa":6.249,"ac":2.88,"t":true},"geometry":{"type":"Polygon","coordinates":[[[-73.92091,40.66897],[-73.92086,40.67021],[-73.91949,40.67016],[-73.91956,40.66961],[-73.92091,40.66897]]]}},{"type":"Feature","properties":{"u":"080039zmm","n":"W129TH ST","y":2009,"k":"unclassified","un":17.0,"upa":5.172,"ac":3.29,"t":true},"geometry":{"type":"Polygon","coordinates":[[[-73.95455,40.81575],[-73.95298,40.81508],[-73.95309,40.81431],[-73.955,40.81512],[-73.95455,40.81575]]]}},{"type":"Feature","properties":{"u":"890164zmr","n":"CENTRAL NEW DORP DOWNZONING III","y":1989,"k":"unclassified","un":17.0,"upa":0.378,"ac":45.0,"t":true},"geometry":{"type":"Polygon","coordinates":[[[-74.11362,40.57294],[-74.10983,40.57654],[-74.10649,40.57464],[-74.1101,40.57106],[-74.11362,40.57294]]]}},{"type":"Feature","properties":{"u":"890131zmk","n":"636-665 CLASSON AVE","y":1989,"k":"unclassified","un":16.0,"upa":5.107,"ac":3.13,"t":true},"geometry":{"type":"Polygon","coordinates":[[[-73.95989,40.67775],[-73.95954,40.67871],[-73.95823,40.67844],[-73.95858,40.67748],[-73.95989,40.67775]]]}},{"type":"Feature","properties":{"u":"900661zmx","n":"MARBLE HILL REZONING","y":1991,"k":"unclassified","un":16.0,"upa":0.912,"ac":17.54,"t":true},"geometry":{"type":"Polygon","coordinates":[[[-73.91263,40.87684],[-73.9105,40.87832],[-73.90987,40.87823],[-73.90859,40.87741],[-73.90901,40.87602],[-73.90948,40.8756],[-73.91064,40.87533],[-73.91263,40.87684]]]}},{"type":"Feature","properties":{"u":"040344zmq","n":"BELLROSE REZONING","y":2004,"k":"density lowered","un":16.0,"upa":0.151,"ac":106.07,"t":true},"geometry":{"type":"Polygon","coordinates":[[[-73.72731,40.7388],[-73.72697,40.73886],[-73.72757,40.74045],[-73.72725,40.74051],[-73.72765,40.74073],[-73.72487,40.74149],[-73.72333,40.73844],[-73.72197,40.7345],[-73.7229,40.73015],[-73.72619,40.73049],[-73.72793,40.73098],[-73.72671,40.73348],[-73.72707,40.73429],[-73.72727,40.73617],[-73.72636,40.73628],[-73.72676,40.73738],[-73.72693,40.73743],[-73.72731,40.7388]]]}},{"type":"Feature","properties":{"u":"920475zmm","n":"ST NICHOLAS PK REZONING","y":1993,"k":"unclassified","un":16.0,"upa":13.569,"ac":1.18,"t":true},"geometry":{"type":"Polygon","coordinates":[[[-73.94802,40.81659],[-73.94771,40.81702],[-73.94674,40.81661],[-73.94702,40.81623],[-73.94802,40.81659]]]}},{"type":"Feature","properties":{"u":"230126zmq","n":"30-11 12th Street Rezoning","y":2024,"k":"more housing allowed","un":16.0,"upa":6.7,"ac":2.39,"t":false},"geometry":{"type":"Polygon","coordinates":[[[-73.93032,40.77107],[-73.93078,40.7705],[-73.93226,40.77118],[-73.93193,40.77129],[-73.93198,40.77148],[-73.93132,40.77154],[-73.93032,40.77107]]]}},{"type":"Feature","properties":{"u":"010676zmm","n":"COOPER SQUARE URA","y":2001,"k":"unclassified","un":15.0,"upa":2.212,"ac":6.78,"t":true},"geometry":{"type":"Polygon","coordinates":[[[-73.99183,40.72526],[-73.9909,40.72492],[-73.99161,40.72387],[-73.99101,40.72366],[-73.9914,40.72287],[-73.99257,40.72317],[-73.99244,40.72348],[-73.99295,40.72363],[-73.99251,40.72498],[-73.99206,40.7248],[-73.99183,40.72526]]]}},{"type":"Feature","properties":{"u":"060179zmx","n":"PELHAM BAY REZONING","y":2006,"k":"density lowered","un":15.0,"upa":0.152,"ac":98.75,"t":true},"geometry":{"type":"MultiPolygon","coordinates":[[[[-73.8319,40.855],[-73.8319,40.85461],[-73.83134,40.85458],[-73.8308,40.85486],[-73.83071,40.85469],[-73.82932,40.855],[-73.82914,40.85489],[-73.83011,40.85456],[-73.82969,40.85382],[-73.82824,40.85433],[-73.82839,40.85461],[-73.82802,40.85473],[-73.82745,40.85375],[-73.82788,40.85361],[-73.8276,40.85313],[-73.82802,40.85295],[-73.82831,40.85346],[-73.82876,40.85331],[-73.82848,40.85281],[-73.82878,40.85261],[-73.82901,40.85291],[-73.82966,40.85236],[-73.83057,40.85347],[-73.83071,40.85167],[-73.8315,40.85172],[-73.8316,40.85061],[-73.83207,40.85065],[-73.83226,40.84893],[-73.83182,40.84891],[-73.83191,40.84803],[-73.83238,40.84774],[-73.83242,40.84741],[-73.83331,40.84762],[-73.83335,40.84726],[-73.83412,40.8474],[-73.83516,40.84712],[-73.83595,40.8461],[-73.83618,40.84614],[-73.83607,40.84717],[-73.83564,40.84715],[-73.83536,40.84965],[-73.834,40.84957],[-73.83387,40.85078],[-73.83343,40.85075],[-73.83321,40.85254],[-73.83334,40.85255],[-73.83344,40.85399],[-73.83335,40.85468],[-73.83247,40.85464],[-73.83244,40.85502],[-73.8319,40.855]]],[[[-73.83243,40.84641],[-73.83111,40.84448],[-73.83096,40.84377],[-73.83528,40.8435],[-73.83501,40.84491],[-73.83421,40.84553],[-73.83359,40.84546],[-73.83243,40.84641]]],[[[-73.82803,40.84901],[-73.82995,40.84839],[-73.8302,40.84878],[-73.82979,40.84895],[-73.82999,40.8493],[-73.82935,40.85132],[-73.82731,40.85135],[-73.82803,40.84901]]],[[[-73.82963,40.8463],[-73.82942,40.84596],[-73.83026,40.84564],[-73.83048,40.84598],[-73.83087,40.84583],[-73.83158,40.84685],[-73.82829,40.84818],[-73.82757,40.84707],[-73.82963,40.8463]]]]}},{"type":"Feature","properties":{"u":"050442zmx","n":"MORRIS PARK REZONING","y":2005,"k":"density lowered","un":15.0,"upa":0.124,"ac":121.35,"t":true},"geometry":{"type":"Polygon","coordinates":[[[-73.85417,40.85121],[-73.85276,40.84919],[-73.85346,40.84887],[-73.85273,40.84793],[-73.85193,40.84829],[-73.8507,40.84675],[-73.85013,40.84702],[-73.8509,40.84802],[-73.84948,40.84865],[-73.85064,40.85016],[-73.84941,40.85071],[-73.84722,40.8479],[-73.84629,40.84832],[-73.84563,40.84812],[-73.8475,40.84619],[-73.84838,40.84728],[-73.8496,40.84673],[-73.84849,40.84531],[-73.85059,40.84443],[-73.85255,40.844],[-73.85249,40.84387],[-73.85302,40.84373],[-73.85392,40.84489],[-73.853,40.8453],[-73.85326,40.84563],[-73.85479,40.84494],[-73.85445,40.84453],[-73.85545,40.84408],[-73.8558,40.84453],[-73.85708,40.8442],[-73.85846,40.84594],[-73.8589,40.84573],[-73.85944,40.84667],[-73.8579,40.84737],[-73.8583,40.84789],[-73.85759,40.84821],[-73.85843,40.84929],[-73.85417,40.85121]]]}},{"type":"Feature","properties":{"u":"090283zmq","n":"CORD MEYER-FOREST HILLS","y":2009,"k":"density lowered","un":15.0,"upa":0.121,"ac":123.79,"t":true},"geometry":{"type":"Polygon","coordinates":[[[-73.84585,40.73069],[-73.84572,40.7295],[-73.84515,40.7289],[-73.84268,40.72965],[-73.84242,40.72898],[-73.8409,40.72945],[-73.83944,40.72753],[-73.83651,40.72236],[-73.83714,40.72212],[-73.83696,40.72177],[-73.83847,40.72132],[-73.83932,40.72298],[-73.84154,40.72232],[-73.84188,40.72298],[-73.84413,40.7223],[-73.84809,40.73],[-73.84585,40.73069]]]}},{"type":"Feature","properties":{"u":"020629zmq","n":"FOREST HILLS/REGO PARK REZONING","y":2002,"k":"density lowered","un":15.0,"upa":0.067,"ac":223.87,"t":true},"geometry":{"type":"MultiPolygon","coordinates":[[[[-73.85801,40.71608],[-73.85777,40.71608],[-73.85778,40.71646],[-73.85701,40.71624],[-73.85708,40.71703],[-73.85684,40.71701],[-73.85653,40.71745],[-73.85679,40.71756],[-73.85703,40.71725],[-73.858,40.71729],[-73.85831,40.71972],[-73.85778,40.71976],[-73.85669,40.71928],[-73.85638,40.71974],[-73.8565,40.71988],[-73.85541,40.72087],[-73.85483,40.72069],[-73.85459,40.72104],[-73.855,40.72124],[-73.85442,40.72155],[-73.85391,40.72155],[-73.85374,40.72181],[-73.85348,40.72168],[-73.85319,40.72196],[-73.85179,40.72146],[-73.85222,40.72091],[-73.85012,40.72015],[-73.85025,40.71942],[-73.84812,40.71861],[-73.84851,40.718],[-73.84627,40.71719],[-73.84712,40.71593],[-73.84549,40.71536],[-73.84477,40.71561],[-73.84441,40.71445],[-73.84342,40.71391],[-73.8442,40.71245],[-73.8447,40.71267],[-73.84506,40.71218],[-73.84895,40.7136],[-73.84939,40.71293],[-73.85362,40.7145],[-73.85542,40.71166],[-73.85747,40.71197],[-73.85801,40.71608]]],[[[-73.85229,40.72224],[-73.85627,40.72358],[-73.85564,40.72432],[-73.85605,40.7245],[-73.85598,40.72466],[-73.85678,40.72494],[-73.8562,40.72564],[-73.85716,40.72601],[-73.85619,40.72748],[-73.85354,40.72639],[-73.85407,40.72551],[-73.85448,40.72562],[-73.85535,40.72413],[-73.85403,40.72365],[-73.85313,40.72503],[-73.85231,40.72479],[-73.85246,40.72448],[-73.85154,40.72424],[-73.85236,40.72314],[-73.8519,40.72297],[-73.85229,40.72224]]]]}},{"type":"Feature","properties":{"u":"880917zmr","n":"DONGAN HILLS III","y":1989,"k":"unclassified","un":14.0,"upa":0.333,"ac":42.01,"t":true},"geometry":{"type":"Polygon","coordinates":[[[-74.08757,40.59216],[-74.086,40.59609],[-74.08477,40.5959],[-74.08414,40.59554],[-74.08195,40.59205],[-74.08364,40.59063],[-74.08757,40.59216]]]}},{"type":"Feature","properties":{"u":"040410zmr","n":"CLOVE LAKE REZONING","y":2005,"k":"density lowered","un":14.0,"upa":0.049,"ac":285.45,"t":true},"geometry":{"type":"Polygon","coordinates":[[[-74.11947,40.62225],[-74.11767,40.61842],[-74.11466,40.61868],[-74.11458,40.61856],[-74.11388,40.61401],[-74.11221,40.61419],[-74.10625,40.61547],[-74.10368,40.61669],[-74.10195,40.61445],[-74.10237,40.61429],[-74.10155,40.61308],[-74.10431,40.61198],[-74.10509,40.61313],[-74.10603,40.61282],[-74.10526,40.61172],[-74.10562,40.61159],[-74.10545,40.61146],[-74.10562,40.61107],[-74.10792,40.61107],[-74.10937,40.61142],[-74.10965,40.61102],[-74.11293,40.61217],[-74.11384,40.61159],[-74.11379,40.61106],[-74.11535,40.61112],[-74.11727,40.61079],[-74.12099,40.60989],[-74.12098,40.6096],[-74.12195,40.60936],[-74.12273,40.61145],[-74.12206,40.61162],[-74.12275,40.6132],[-74.11964,40.61338],[-74.11971,40.61416],[-74.11919,40.61416],[-74.11933,40.61508],[-74.12281,40.61476],[-74.1237,40.61666],[-74.12377,40.61782],[-74.12346,40.61901],[-74.12399,40.6212],[-74.11947,40.62225]]]}},{"type":"Feature","properties":{"u":"870057zmr","n":"PRINCE'S POINT","y":1989,"k":"unclassified","un":14.0,"upa":0.364,"ac":38.5,"t":true},"geometry":{"type":"Polygon","coordinates":[[[-74.19781,40.51006],[-74.19654,40.51326],[-74.19353,40.51278],[-74.19059,40.51047],[-74.1922,40.5099],[-74.19439,40.50968],[-74.19781,40.51006]]]}},{"type":"Feature","properties":{"u":"050180zmr","n":"OAKWOOD REZONING","y":2005,"k":"density lowered","un":13.0,"upa":0.177,"ac":73.4,"t":true},"geometry":{"type":"Polygon","coordinates":[[[-74.1181,40.56228],[-74.11746,40.56176],[-74.11717,40.56204],[-74.11566,40.56132],[-74.11489,40.56217],[-74.11441,40.56191],[-74.11422,40.5621],[-74.11255,40.56111],[-74.11219,40.56167],[-74.10939,40.55991],[-74.1106,40.55866],[-74.113,40.56002],[-74.11271,40.55953],[-74.11329,40.55862],[-74.11492,40.55711],[-74.11571,40.55762],[-74.11665,40.55669],[-74.1184,40.55776],[-74.1176,40.55847],[-74.11825,40.55889],[-74.11801,40.55912],[-74.11864,40.55948],[-74.1196,40.55854],[-74.12055,40.5591],[-74.11872,40.56085],[-74.11928,40.56119],[-74.1181,40.56228]]]}},{"type":"Feature","properties":{"u":"030297zmq","n":"HOLLISWOOD REZONING","y":2003,"k":"density lowered","un":12.0,"upa":0.053,"ac":225.2,"t":true},"geometry":{"type":"Polygon","coordinates":[[[-73.77703,40.72198],[-73.7755,40.72306],[-73.7749,40.72371],[-73.77411,40.72408],[-73.76811,40.72569],[-73.76713,40.72531],[-73.7648,40.72587],[-73.7637,40.72588],[-73.76333,40.72533],[-73.76416,40.72458],[-73.76346,40.72423],[-73.7642,40.72386],[-73.76206,40.72084],[-73.76278,40.72046],[-73.76253,40.72021],[-73.76734,40.71769],[-73.77254,40.71588],[-73.77397,40.7157],[-73.7741,40.71587],[-73.77703,40.72198]],[[-73.77408,40.71588],[-73.77408,40.71588],[-73.77408,40.71588],[-73.77408,40.71588]]]}},{"type":"Feature","properties":{"u":"100120zmr","n":"GRYMES HILL/SUNNYSIDE","y":2010,"k":"unclassified","un":12.0,"upa":0.156,"ac":77.02,"t":false},"geometry":{"type":"Polygon","coordinates":[[[-74.10561,40.61867],[-74.10336,40.62036],[-74.10144,40.61915],[-74.10113,40.61945],[-74.10067,40.61933],[-74.0999,40.61995],[-74.09934,40.61948],[-74.09761,40.61879],[-74.0971,40.61893],[-74.09662,40.61543],[-74.09719,40.6154],[-74.09723,40.61554],[-74.10116,40.61439],[-74.10145,40.61465],[-74.10188,40.61445],[-74.10561,40.61867]]]}},{"type":"Feature","properties":{"u":"050043zmx","n":"NORTH RIVERDALE REZONING","y":2004,"k":"density lowered","un":11.0,"upa":0.083,"ac":131.92,"t":true},"geometry":{"type":"MultiPolygon","coordinates":[[[[-73.90199,40.91329],[-73.89708,40.91179],[-73.89688,40.90537],[-73.89752,40.90581],[-73.89867,40.90605],[-73.90075,40.90585],[-73.90123,40.90569],[-73.90138,40.90513],[-73.90231,40.90459],[-73.90308,40.90368],[-73.90468,40.90392],[-73.90403,40.90535],[-73.90335,40.90772],[-73.90302,40.9077],[-73.90277,40.90883],[-73.90306,40.9089],[-73.90199,40.91329]]],[[[-73.90054,40.90513],[-73.89806,40.90525],[-73.89675,40.90443],[-73.89675,40.90335],[-73.89728,40.90097],[-73.89997,40.90125],[-73.89975,40.90323],[-73.89995,40.90366],[-73.90052,40.90374],[-73.90036,40.90449],[-73.90054,40.90513]]]]}},{"type":"Feature","properties":{"u":"060018zmk","n":"CARROLL ST","y":2007,"k":"unclassified","un":11.0,"upa":33.091,"ac":0.33,"t":true},"geometry":{"type":"Polygon","coordinates":[[[-74.00471,40.68333],[-74.00456,40.68371],[-74.00421,40.68361],[-74.00437,40.68324],[-74.00471,40.68333]]]}},{"type":"Feature","properties":{"u":"790523zmr","n":"JERSEY ST BET CRESENT & BENZIGER AV","y":1980,"k":"unclassified","un":10.0,"upa":0.876,"ac":11.41,"t":true},"geometry":{"type":"Polygon","coordinates":[[[-74.08832,40.63934],[-74.08813,40.64053],[-74.08747,40.64252],[-74.08609,40.64239],[-74.08694,40.63913],[-74.08765,40.63907],[-74.08832,40.63934]]]}},{"type":"Feature","properties":{"u":"880849zmr","n":"NEW DORP II","y":1989,"k":"unclassified","un":10.0,"upa":0.263,"ac":38.06,"t":true},"geometry":{"type":"Polygon","coordinates":[[[-74.12214,40.57471],[-74.12176,40.57535],[-74.12001,40.57614],[-74.11619,40.57407],[-74.12004,40.57138],[-74.12157,40.57223],[-74.12214,40.57471]]]}},{"type":"Feature","properties":{"u":"890232zmq","n":"JACKSON HEIGHTS REZONING","y":1989,"k":"unclassified","un":10.0,"upa":0.12,"ac":83.43,"t":true},"geometry":{"type":"MultiPolygon","coordinates":[[[[-73.87741,40.75504],[-73.88463,40.75434],[-73.88486,40.75537],[-73.87754,40.75608],[-73.87741,40.75504]]],[[[-73.88662,40.7479],[-73.89101,40.74745],[-73.8913,40.74876],[-73.88683,40.7494],[-73.88662,40.7479]]],[[[-73.87705,40.75311],[-73.88149,40.7527],[-73.88173,40.75392],[-73.87727,40.7544],[-73.87705,40.75311]]],[[[-73.87667,40.7511],[-73.88063,40.7507],[-73.8809,40.75206],[-73.87689,40.7525],[-73.87667,40.7511]]],[[[-73.89018,40.7518],[-73.89314,40.75151],[-73.89337,40.75276],[-73.8916,40.75336],[-73.89044,40.75345],[-73.89018,40.7518]]],[[[-73.88175,40.75266],[-73.8843,40.75241],[-73.88449,40.75338],[-73.88403,40.75371],[-73.88195,40.75391],[-73.88175,40.75266]]],[[[-73.87952,40.74859],[-73.88022,40.74855],[-73.88052,40.75009],[-73.87844,40.75028],[-73.87836,40.74959],[-73.87952,40.74859]]]]}},{"type":"Feature","properties":{"u":"200103zmq","n":"110-40 Saultell Ave.","y":2020,"k":"more housing allowed","un":10.0,"upa":9.837,"ac":1.02,"t":false},"geometry":{"type":"Polygon","coordinates":[[[-73.84945,40.74056],[-73.84976,40.73979],[-73.85026,40.73995],[-73.84996,40.74072],[-73.84945,40.74056]]]}},{"type":"Feature","properties":{"u":"850075zmr","n":"EAST OF VAN DUZER BET PROSPECT & GR","y":1985,"k":"unclassified","un":9.0,"upa":0.587,"ac":15.32,"t":true},"geometry":{"type":"Polygon","coordinates":[[[-74.07942,40.62948],[-74.07683,40.63352],[-74.07626,40.63338],[-74.07733,40.6291],[-74.07773,40.62862],[-74.07942,40.62948]]]}},{"type":"Feature","properties":{"u":"960361zmk","n":"BROWNSVILLE II","y":1996,"k":"unclassified","un":9.0,"upa":1.488,"ac":6.05,"t":true},"geometry":{"type":"Polygon","coordinates":[[[-73.90144,40.66366],[-73.90128,40.66301],[-73.905,40.66242],[-73.90517,40.66311],[-73.90144,40.66366]]]}},{"type":"Feature","properties":{"u":"890199zmq","n":"REGO PARK REZONING","y":1989,"k":"unclassified","un":9.0,"upa":0.122,"ac":73.89,"t":true},"geometry":{"type":"Polygon","coordinates":[[[-73.87158,40.73063],[-73.87141,40.73117],[-73.87098,40.7315],[-73.86876,40.73192],[-73.8651,40.72984],[-73.86558,40.72809],[-73.86603,40.7273],[-73.86826,40.72465],[-73.86922,40.72422],[-73.87116,40.72822],[-73.87158,40.73063]]]}},{"type":"Feature","properties":{"u":"010384zmk","n":"226 FRANKLIN & 98 FREEMAN STS","y":2004,"k":"unclassified","un":9.0,"upa":2.191,"ac":4.11,"t":true},"geometry":{"type":"Polygon","coordinates":[[[-73.95671,40.73336],[-73.95834,40.73316],[-73.95853,40.73424],[-73.95688,40.73441],[-73.95671,40.73336]]]}},{"type":"Feature","properties":{"u":"020180zmx","n":"PIONEER SUPERMARKET","y":2002,"k":"unclassified","un":9.0,"upa":4.768,"ac":1.89,"t":true},"geometry":{"type":"Polygon","coordinates":[[[-73.90563,40.82149],[-73.90372,40.82102],[-73.90389,40.82063],[-73.90579,40.8211],[-73.90563,40.82149]]]}},{"type":"Feature","properties":{"u":"890583zmr","n":"BARRETT PK NEIGHBORHOOD REZONING","y":1989,"k":"unclassified","un":9.0,"upa":0.059,"ac":152.64,"t":true},"geometry":{"type":"Polygon","coordinates":[[[-74.12122,40.62786],[-74.12058,40.62698],[-74.1191,40.62573],[-74.11676,40.62698],[-74.11611,40.62799],[-74.11317,40.62835],[-74.11285,40.62698],[-74.11057,40.62394],[-74.11009,40.62062],[-74.12003,40.6217],[-74.12186,40.6231],[-74.12298,40.62736],[-74.12122,40.62786]]]}},{"type":"Feature","properties":{"u":"831081zmx","n":"CAMBRIDGE-OXFORD AVES","y":1984,"k":"unclassified","un":9.0,"upa":0.635,"ac":14.18,"t":true},"geometry":{"type":"Polygon","coordinates":[[[-73.91009,40.88413],[-73.90964,40.88598],[-73.90848,40.88573],[-73.907,40.88462],[-73.90716,40.88407],[-73.90823,40.88311],[-73.91006,40.88356],[-73.91009,40.88413]]]}},{"type":"Feature","properties":{"u":"050400zmq","n":"CAMBRIA HEIGHTS","y":2005,"k":"density lowered","un":8.0,"upa":0.01,"ac":789.58,"t":true},"geometry":{"type":"Polygon","coordinates":[[[-73.74491,40.69312],[-73.7461,40.69576],[-73.74585,40.69582],[-73.74624,40.69667],[-73.746,40.69675],[-73.74645,40.69773],[-73.74513,40.69808],[-73.74595,40.69992],[-73.74723,40.69958],[-73.74819,40.70183],[-73.741,40.70359],[-73.74172,40.70186],[-73.74215,40.702],[-73.74261,40.701],[-73.74165,40.70127],[-73.74145,40.70162],[-73.74022,40.70135],[-73.73827,40.70125],[-73.73825,40.70146],[-73.74068,40.70157],[-73.74048,40.70196],[-73.74105,40.70199],[-73.74025,40.70415],[-73.7397,40.70413],[-73.73983,40.70377],[-73.72679,40.70339],[-73.72619,40.68866],[-73.72569,40.68412],[-73.72588,40.68306],[-73.73711,40.68645],[-73.73718,40.68629],[-73.74747,40.68948],[-73.74491,40.69312]],[[-73.74435,40.69671],[-73.74452,40.697],[-73.74529,40.69677],[-73.74496,40.69602],[-73.74324,40.69574],[-73.74313,40.69609],[-73.74274,40.69596],[-73.74252,40.69637],[-73.74292,40.6965],[-73.74282,40.6967],[-73.74337,40.69685],[-73.74395,40.69694],[-73.74402,40.69666],[-73.74435,40.69671]]]}},{"type":"Feature","properties":{"u":"860599zmk","n":"BUSHWICH II URA SITE 23","y":1986,"k":"unclassified","un":8.0,"upa":3.209,"ac":2.49,"t":true},"geometry":{"type":"Polygon","coordinates":[[[-73.9303,40.70343],[-73.92902,40.70468],[-73.92848,40.70438],[-73.92978,40.7031],[-73.9303,40.70343]]]}},{"type":"Feature","properties":{"u":"890665zmr","n":"SOUTH RAILROAD AVE, JACQUES AVE, ED","y":1989,"k":"unclassified","un":8.0,"upa":0.189,"ac":42.22,"t":true},"geometry":{"type":"Polygon","coordinates":[[[-74.11691,40.57438],[-74.11213,40.57784],[-74.10958,40.57641],[-74.11352,40.57246],[-74.11691,40.57438]]]}},{"type":"Feature","properties":{"u":"170256zmq","n":"Broad Channel Resiliency Rezoning","y":2017,"k":"unclassified","un":8.0,"upa":0.016,"ac":492.75,"t":false},"geometry":{"type":"Polygon","coordinates":[[[-73.81422,40.61631],[-73.81347,40.61118],[-73.81496,40.60708],[-73.81586,40.6055],[-73.81902,40.59695],[-73.82374,40.59392],[-73.8352,40.59368],[-73.83526,40.59644],[-73.82601,40.59971],[-73.82347,40.60308],[-73.82372,40.61249],[-73.82167,40.61585],[-73.81422,40.61631]]]}},{"type":"Feature","properties":{"u":"900642zmr","n":"OLD TOWN REZONING","y":1991,"k":"unclassified","un":8.0,"upa":0.112,"ac":71.49,"t":true},"geometry":{"type":"Polygon","coordinates":[[[-74.09423,40.59683],[-74.0919,40.60159],[-74.08796,40.60133],[-74.08686,40.59879],[-74.08815,40.59591],[-74.09185,40.59606],[-74.09423,40.59683]]]}},{"type":"Feature","properties":{"u":"810498zmk","n":"4TH AVE, 5TH AVE, BALTIC & BUTLER S","y":1981,"k":"unclassified","un":8.0,"upa":5.318,"ac":1.5,"t":true},"geometry":{"type":"Polygon","coordinates":[[[-73.97904,40.67997],[-73.97977,40.679],[-73.98011,40.67916],[-73.97898,40.68076],[-73.97875,40.68067],[-73.97917,40.68003],[-73.97904,40.67997]]]}},{"type":"Feature","properties":{"u":"210130zmk","n":"Resilient Neighborhoods: Gerritsen Beach","y":2021,"k":"unclassified","un":8.0,"upa":0.043,"ac":186.92,"t":false},"geometry":{"type":"Polygon","coordinates":[[[-73.92914,40.59573],[-73.92807,40.59477],[-73.9276,40.59507],[-73.92332,40.59122],[-73.92372,40.59096],[-73.92138,40.58884],[-73.92083,40.58921],[-73.91732,40.58606],[-73.91929,40.58508],[-73.92504,40.58486],[-73.9307,40.58965],[-73.93159,40.59465],[-73.93301,40.59465],[-73.93305,40.59485],[-73.92974,40.59699],[-73.92867,40.59603],[-73.92914,40.59573]]]}},{"type":"Feature","properties":{"u":"060108zmx","n":"VILLAGE OF BAYCHESTER REZONING","y":2006,"k":"density lowered","un":8.0,"upa":0.538,"ac":14.87,"t":true},"geometry":{"type":"Polygon","coordinates":[[[-73.82521,40.86227],[-73.82466,40.86137],[-73.82425,40.86148],[-73.82373,40.86057],[-73.82727,40.85942],[-73.8277,40.86042],[-73.82596,40.86096],[-73.82696,40.86273],[-73.82636,40.86343],[-73.82583,40.8625],[-73.82521,40.86227]]]}},{"type":"Feature","properties":{"u":"060110zmx","n":"WOODLAWN AREA_REZONING","y":2006,"k":"density lowered","un":8.0,"upa":0.069,"ac":116.47,"t":true},"geometry":{"type":"Polygon","coordinates":[[[-73.86233,40.90059],[-73.86359,40.89729],[-73.86342,40.89731],[-73.86356,40.89696],[-73.86588,40.89668],[-73.86595,40.89704],[-73.86707,40.89693],[-73.867,40.89652],[-73.86774,40.89663],[-73.86778,40.89685],[-73.86757,40.89687],[-73.86771,40.89755],[-73.87257,40.89702],[-73.87246,40.8965],[-73.8743,40.89634],[-73.87481,40.89637],[-73.87481,40.89685],[-73.87644,40.89688],[-73.87482,40.89845],[-73.87115,40.90017],[-73.86955,40.90114],[-73.86823,40.90237],[-73.86788,40.90299],[-73.8628,40.90154],[-73.86266,40.90146],[-73.86296,40.90073],[-73.86233,40.90059]]]}},{"type":"Feature","properties":{"u":"890156zmr","n":"GIFFORDS LANE","y":1989,"k":"unclassified","un":8.0,"upa":0.033,"ac":240.7,"t":true},"geometry":{"type":"Polygon","coordinates":[[[-74.15603,40.56413],[-74.15507,40.56566],[-74.15304,40.56715],[-74.14339,40.55802],[-74.14574,40.55262],[-74.15064,40.55166],[-74.15603,40.56413]]]}},{"type":"Feature","properties":{"u":"900652zmk","n":"S.M. CHILDREN'S CENTER","y":1991,"k":"unclassified","un":8.0,"upa":4.54,"ac":1.76,"t":true},"geometry":{"type":"Polygon","coordinates":[[[-73.94258,40.70323],[-73.94166,40.70331],[-73.94153,40.7025],[-73.94245,40.70242],[-73.94258,40.70323]]]}},{"type":"Feature","properties":{"u":"210133zmq","n":"Resilient Neighborhoods: Old Howard Beach","y":2021,"k":"unclassified","un":8.0,"upa":0.05,"ac":158.64,"t":false},"geometry":{"type":"MultiPolygon","coordinates":[[[[-73.83588,40.65109],[-73.83566,40.65113],[-73.83644,40.65101],[-73.83912,40.66209],[-73.83965,40.66202],[-73.83983,40.66266],[-73.8397,40.66268],[-73.84012,40.66434],[-73.83984,40.66438],[-73.83928,40.66616],[-73.8324,40.66496],[-73.83029,40.66056],[-73.83152,40.66038],[-73.83138,40.65981],[-73.83184,40.65974],[-73.83159,40.65875],[-73.83113,40.65881],[-73.83101,40.6584],[-73.83339,40.65807],[-73.83346,40.65837],[-73.83755,40.65778],[-73.83588,40.65109]]],[[[-73.83543,40.65116],[-73.8318,40.65168],[-73.83137,40.64986],[-73.836,40.6492],[-73.83605,40.64942],[-73.83504,40.64956],[-73.83543,40.65116]]],[[[-73.83566,40.65113],[-73.83543,40.65116],[-73.83543,40.65116],[-73.83566,40.65113]]]]}},{"type":"Feature","properties":{"u":"170047zmk","n":"55-63 Summit Street Rezoning","y":2018,"k":"more housing allowed","un":7.0,"upa":22.421,"ac":0.31,"t":false},"geometry":{"type":"Polygon","coordinates":[[[-74.00427,40.68285],[-74.00442,40.68251],[-74.00478,40.6826],[-74.0046,40.68295],[-74.00427,40.68285]]]}},{"type":"Feature","properties":{"u":"040389zmk","n":"LOGAN STREET REZONING","y":2005,"k":"unclassified","un":7.0,"upa":3.388,"ac":2.07,"t":true},"geometry":{"type":"Polygon","coordinates":[[[-73.87738,40.67955],[-73.87649,40.67981],[-73.87626,40.67889],[-73.87715,40.67862],[-73.87738,40.67955]]]}},{"type":"Feature","properties":{"u":"890721zmr","n":"CLAIRVIEW WEST","y":1989,"k":"unclassified","un":7.0,"upa":0.193,"ac":36.25,"t":true},"geometry":{"type":"Polygon","coordinates":[[[-74.10568,40.61866],[-74.10202,40.62128],[-74.0998,40.62086],[-74.09904,40.62034],[-74.10233,40.6173],[-74.10369,40.61658],[-74.10568,40.61866]]]}},{"type":"Feature","properties":{"u":"920088zmq","n":"QUEENS BLVD REZONING","y":1993,"k":"unclassified","un":7.0,"upa":0.676,"ac":10.36,"t":true},"geometry":{"type":"Polygon","coordinates":[[[-73.906,40.74187],[-73.90585,40.74274],[-73.901,40.74225],[-73.90123,40.74133],[-73.906,40.74187]]]}},{"type":"Feature","properties":{"u":"040115zmq","n":"ROYAL RANCH REZONING","y":2004,"k":"unclassified","un":7.0,"upa":1.358,"ac":5.15,"t":true},"geometry":{"type":"Polygon","coordinates":[[[-73.71797,40.75525],[-73.71745,40.75587],[-73.71614,40.75548],[-73.71497,40.75553],[-73.71514,40.75515],[-73.71471,40.75515],[-73.7147,40.75454],[-73.71557,40.75431],[-73.71563,40.75483],[-73.71797,40.75525]]]}},{"type":"Feature","properties":{"u":"830146zmk","n":"5002-5026 13TH AVE BET 50TH & 51TH","y":1983,"k":"unclassified","un":7.0,"upa":3.831,"ac":1.83,"t":true},"geometry":{"type":"Polygon","coordinates":[[[-73.99412,40.63436],[-73.99351,40.63496],[-73.99268,40.63446],[-73.99326,40.63389],[-73.99412,40.63436]]]}},{"type":"Feature","properties":{"u":"900610zmr","n":"DONGAN HILLS/BURGHER","y":1991,"k":"unclassified","un":7.0,"upa":0.29,"ac":24.11,"t":true},"geometry":{"type":"Polygon","coordinates":[[[-74.09176,40.59255],[-74.08966,40.5945],[-74.08829,40.59622],[-74.08698,40.59612],[-74.08855,40.5922],[-74.08928,40.59122],[-74.09176,40.59255]]]}},{"type":"Feature","properties":{"u":"800207zmq","n":"60-70 WOODHAVEN BLVD,W/S WOODHAVEN","y":1980,"k":"unclassified","un":7.0,"upa":6.543,"ac":1.07,"t":true},"geometry":{"type":"Polygon","coordinates":[[[-73.87227,40.73049],[-73.87172,40.73078],[-73.87155,40.72996],[-73.87205,40.72975],[-73.87227,40.73049]]]}},{"type":"Feature","properties":{"u":"770450zmq","n":"120 AVE,SUTPHIN BLVD,ROCKAWAY BLVD","y":1978,"k":"unclassified","un":7.0,"upa":0.428,"ac":16.36,"t":true},"geometry":{"type":"MultiPolygon","coordinates":[[[[-73.78803,40.6735],[-73.78846,40.67306],[-73.79076,40.67343],[-73.7916,40.67523],[-73.79003,40.67566],[-73.78803,40.6735]]],[[[-73.79049,40.67652],[-73.79151,40.67619],[-73.79216,40.67771],[-73.79109,40.67803],[-73.79049,40.67652]]]]}},{"type":"Feature","properties":{"u":"960074zmm","n":"LAFAYETTE-MULBERRY","y":1997,"k":"unclassified","un":7.0,"upa":2.467,"ac":2.84,"t":true},"geometry":{"type":"Polygon","coordinates":[[[-73.99637,40.72429],[-73.99549,40.72536],[-73.99481,40.72514],[-73.99554,40.72377],[-73.99637,40.72429]]]}},{"type":"Feature","properties":{"u":"910483zmq","n":"FOREST HILLS/REGO PARK REZONING","y":1992,"k":"unclassified","un":7.0,"upa":0.097,"ac":71.8,"t":true},"geometry":{"type":"MultiPolygon","coordinates":[[[[-73.84764,40.7306],[-73.8485,40.73032],[-73.85405,40.73246],[-73.85445,40.73328],[-73.85211,40.73598],[-73.85123,40.73623],[-73.85019,40.73546],[-73.84764,40.7306]]],[[[-73.85023,40.72962],[-73.85428,40.72892],[-73.85573,40.7314],[-73.85421,40.73182],[-73.85094,40.73092],[-73.85023,40.72962]]]]}},{"type":"Feature","properties":{"u":"800494zmx","n":"3911 BARNS","y":1981,"k":"unclassified","un":6.0,"upa":2.418,"ac":2.48,"t":true},"geometry":{"type":"Polygon","coordinates":[[[-73.85966,40.88501],[-73.85913,40.88596],[-73.85814,40.88563],[-73.85873,40.88471],[-73.85966,40.88501]]]}},{"type":"Feature","properties":{"u":"910165zmq","n":"BELLEROSE REZONING","y":1991,"k":"unclassified","un":6.0,"upa":0.156,"ac":38.47,"t":true},"geometry":{"type":"Polygon","coordinates":[[[-73.72405,40.72697],[-73.72324,40.7306],[-73.71995,40.73012],[-73.71855,40.72648],[-73.71934,40.72628],[-73.72405,40.72697]]]}},{"type":"Feature","properties":{"u":"050145zmr","n":"BAY TERRACE REZONING","y":2005,"k":"unclassified","un":6.0,"upa":0.066,"ac":90.62,"t":true},"geometry":{"type":"Polygon","coordinates":[[[-74.13304,40.56301],[-74.13126,40.56188],[-74.13027,40.56252],[-74.12994,40.56179],[-74.13255,40.55959],[-74.13213,40.55928],[-74.13143,40.55995],[-74.13157,40.56021],[-74.13002,40.56136],[-74.12934,40.55949],[-74.13003,40.55883],[-74.13062,40.55928],[-74.13161,40.55832],[-74.13047,40.55757],[-74.13011,40.55789],[-74.1296,40.55755],[-74.12954,40.55707],[-74.13019,40.5565],[-74.13079,40.55689],[-74.13324,40.55485],[-74.13238,40.55415],[-74.13411,40.55291],[-74.13773,40.55586],[-74.13672,40.55659],[-74.13534,40.55548],[-74.13491,40.55579],[-74.13623,40.55685],[-74.13464,40.55799],[-74.13592,40.55884],[-74.13562,40.55908],[-74.13522,40.55995],[-74.13469,40.55967],[-74.13411,40.56024],[-74.13496,40.56074],[-74.13496,40.56089],[-74.13366,40.56195],[-74.13304,40.56301]]]}},{"type":"Feature","properties":{"u":"990628zmq","n":"BROADWAY REZONING","y":2000,"k":"unclassified","un":6.0,"upa":5.263,"ac":1.14,"t":true},"geometry":{"type":"Polygon","coordinates":[[[-73.91344,40.75715],[-73.91332,40.75735],[-73.91287,40.75715],[-73.91348,40.75656],[-73.91403,40.75681],[-73.91372,40.75724],[-73.91344,40.75715]]]}},{"type":"Feature","properties":{"u":"020523zmq","n":"GARDEN WORLD","y":2004,"k":"unclassified","un":6.0,"upa":0.847,"ac":7.09,"t":true},"geometry":{"type":"Polygon","coordinates":[[[-73.78189,40.75531],[-73.7802,40.75309],[-73.7816,40.75294],[-73.78302,40.75499],[-73.78189,40.75531]]]}},{"type":"Feature","properties":{"u":"240015zmx","n":"Bronx Metro-North Station Area Study","y":2024,"k":"more housing allowed","un":6.0,"upa":0.049,"ac":123.43,"t":false},"geometry":{"type":"MultiPolygon","coordinates":[[[[-73.85748,40.84477],[-73.85683,40.84394],[-73.8564,40.84406],[-73.85587,40.84349],[-73.85527,40.84365],[-73.85516,40.84341],[-73.85422,40.8431],[-73.85206,40.84367],[-73.85188,40.84306],[-73.84962,40.84332],[-73.84966,40.84359],[-73.84852,40.84383],[-73.84838,40.84346],[-73.84734,40.84367],[-73.847,40.84342],[-73.84786,40.8425],[-73.8481,40.84267],[-73.851,40.84218],[-73.85114,40.84232],[-73.85328,40.84206],[-73.85335,40.84247],[-73.85782,40.84197],[-73.85771,40.84142],[-73.86087,40.84106],[-73.86097,40.84161],[-73.86356,40.84129],[-73.86268,40.84043],[-73.86394,40.84006],[-73.86428,40.84071],[-73.8683,40.83956],[-73.86831,40.83999],[-73.8671,40.84038],[-73.86737,40.84078],[-73.86652,40.84111],[-73.86686,40.84143],[-73.86517,40.84247],[-73.86407,40.84167],[-73.85999,40.84214],[-73.86017,40.84323],[-73.85733,40.84355],[-73.85805,40.84451],[-73.85748,40.84477]]],[[[-73.8404,40.85431],[-73.84141,40.85331],[-73.84483,40.8486],[-73.84221,40.84819],[-73.8429,40.84645],[-73.84462,40.84637],[-73.84484,40.84565],[-73.84433,40.84554],[-73.84389,40.84489],[-73.84571,40.84395],[-73.84623,40.84449],[-73.84671,40.84413],[-73.84829,40.8454],[-73.84661,40.8466],[-73.84499,40.84843],[-73.84511,40.8496],[-73.8443,40.85122],[-73.84514,40.85121],[-73.84516,40.85165],[-73.84462,40.85166],[-73.84383,40.85316],[-73.84385,40.85332],[-73.84519,40.8533],[-73.84522,40.85429],[-73.84236,40.85414],[-73.84138,40.85503],[-73.8404,40.85431]]],[[[-73.8438,40.85715],[-73.84394,40.85618],[-73.84599,40.85649],[-73.84584,40.85735],[-73.8438,40.85715]]]]}},{"type":"Feature","properties":{"u":"770273zmr","n":"120 AVE,SUTPHIN BLVD,ROCKAWAY BLVD","y":1977,"k":"unclassified","un":5.0,"upa":0.096,"ac":52.08,"t":true},"geometry":{"type":"Polygon","coordinates":[[[-74.06334,40.60962],[-74.05837,40.61194],[-74.05586,40.60865],[-74.0609,40.60627],[-74.06334,40.60962]]]}},{"type":"Feature","properties":{"u":"080202zmr","n":"WESTERLEIGH REZONING","y":2008,"k":"density lowered","un":5.0,"upa":0.024,"ac":206.53,"t":true},"geometry":{"type":"MultiPolygon","coordinates":[[[[-74.13083,40.614],[-74.13105,40.61535],[-74.13269,40.61563],[-74.13186,40.6185],[-74.13265,40.61862],[-74.13254,40.61893],[-74.13197,40.61886],[-74.13204,40.61991],[-74.13239,40.61994],[-74.13233,40.62104],[-74.1331,40.62106],[-74.13312,40.62162],[-74.1338,40.62207],[-74.13268,40.62299],[-74.13209,40.62271],[-74.13201,40.62198],[-74.13047,40.62209],[-74.13062,40.62351],[-74.1287,40.62363],[-74.12885,40.62469],[-74.12555,40.62492],[-74.12581,40.6263],[-74.12503,40.6264],[-74.12477,40.62541],[-74.12472,40.62388],[-74.12381,40.62086],[-74.12567,40.62061],[-74.12502,40.61584],[-74.12748,40.61563],[-74.12748,40.61497],[-74.13039,40.61475],[-74.13028,40.61405],[-74.13083,40.614]]],[[[-74.14036,40.61634],[-74.13873,40.62181],[-74.13613,40.62146],[-74.13672,40.61902],[-74.13468,40.61871],[-74.13552,40.61569],[-74.14036,40.61634]]]]}},{"type":"Feature","properties":{"u":"840361zmr","n":"TOMPKINS CIRCLE BET WARD & FIEDLER","y":1985,"k":"unclassified","un":5.0,"upa":0.36,"ac":13.87,"t":true},"geometry":{"type":"Polygon","coordinates":[[[-74.08144,40.63589],[-74.08129,40.63658],[-74.07918,40.6378],[-74.07863,40.63769],[-74.07857,40.63661],[-74.07914,40.63478],[-74.07966,40.63453],[-74.08144,40.63589]]]}},{"type":"Feature","properties":{"u":"030300zmk","n":"FULTON PARK URP","y":2003,"k":"unclassified","un":5.0,"upa":1.5,"ac":3.33,"t":true},"geometry":{"type":"Polygon","coordinates":[[[-73.92665,40.67788],[-73.92459,40.67778],[-73.92463,40.67709],[-73.92669,40.67718],[-73.92665,40.67788]]]}},{"type":"Feature","properties":{"u":"060104zmm","n":"W60TH ST PROJECT","y":2007,"k":"unclassified","un":5.0,"upa":2.065,"ac":2.42,"t":true},"geometry":{"type":"Polygon","coordinates":[[[-73.98948,40.77285],[-73.98819,40.7723],[-73.98867,40.77169],[-73.98993,40.77222],[-73.98948,40.77285]]]}},{"type":"Feature","properties":{"u":"020047zmk","n":"RED HOOK STORES","y":2002,"k":"unclassified","un":5.0,"upa":0.219,"ac":22.82,"t":true},"geometry":{"type":"Polygon","coordinates":[[[-74.01985,40.67342],[-74.01573,40.67686],[-74.01429,40.67588],[-74.0188,40.6721],[-74.01974,40.67254],[-74.01985,40.67342]]]}},{"type":"Feature","properties":{"u":"880392zmq","n":"FRANCIS LEWIS BLVD REZONING","y":1990,"k":"unclassified","un":5.0,"upa":2.14,"ac":2.34,"t":true},"geometry":{"type":"Polygon","coordinates":[[[-73.78876,40.76398],[-73.78763,40.76376],[-73.78663,40.76331],[-73.78865,40.76317],[-73.78876,40.76398]]]}},{"type":"Feature","properties":{"u":"050317zmk","n":"SAHARA RESTAURANT","y":2007,"k":"unclassified","un":5.0,"upa":0.901,"ac":5.55,"t":true},"geometry":{"type":"Polygon","coordinates":[[[-73.96153,40.59828],[-73.96167,40.60056],[-73.96067,40.60067],[-73.96045,40.5984],[-73.96153,40.59828]]]}},{"type":"Feature","properties":{"u":"980445zmk","n":"GRAND STREET REZONING","y":1998,"k":"unclassified","un":5.0,"upa":2.999,"ac":1.67,"t":true},"geometry":{"type":"Polygon","coordinates":[[[-73.95537,40.71236],[-73.95554,40.71211],[-73.95709,40.71233],[-73.95675,40.71285],[-73.95537,40.71236]]]}},{"type":"Feature","properties":{"u":"220232zmq","n":"Resilient Edgemere Community Plan","y":2022,"k":"more housing allowed","un":5.0,"upa":0.089,"ac":56.44,"t":false},"geometry":{"type":"MultiPolygon","coordinates":[[[[-73.77374,40.60234],[-73.77435,40.59892],[-73.77469,40.59901],[-73.77437,40.59621],[-73.77482,40.59618],[-73.77473,40.59537],[-73.77568,40.5953],[-73.77577,40.59611],[-73.77999,40.59578],[-73.78006,40.59638],[-73.78042,40.59666],[-73.77742,40.59873],[-73.77658,40.6006],[-73.77551,40.6016],[-73.77374,40.60234]]],[[[-73.77136,40.59382],[-73.77449,40.59329],[-73.77454,40.59376],[-73.77036,40.59462],[-73.77031,40.59435],[-73.77136,40.59382]]],[[[-73.76987,40.5962],[-73.77056,40.59612],[-73.77064,40.59652],[-73.76995,40.59661],[-73.76987,40.5962]]],[[[-73.77149,40.59538],[-73.77212,40.59532],[-73.7722,40.59574],[-73.77156,40.5958],[-73.77149,40.59538]]]]}},{"type":"Feature","properties":{"u":"880816zmx","n":"CASTLE HILL ESTATES","y":2002,"k":"unclassified","un":4.0,"upa":0.107,"ac":37.37,"t":true},"geometry":{"type":"Polygon","coordinates":[[[-73.85107,40.81355],[-73.85041,40.8145],[-73.84525,40.81515],[-73.84545,40.81178],[-73.84562,40.81138],[-73.84802,40.8113],[-73.85107,40.81355]]]}},{"type":"Feature","properties":{"u":"060063zmr","n":"ARTHUR KILL RD/RICHMOND AVE","y":2005,"k":"density lowered","un":4.0,"upa":0.29,"ac":13.81,"t":true},"geometry":{"type":"Polygon","coordinates":[[[-74.16994,40.56111],[-74.1659,40.56029],[-74.16578,40.55961],[-74.16851,40.55926],[-74.16834,40.55849],[-74.16936,40.55836],[-74.16994,40.56111]]]}},{"type":"Feature","properties":{"u":"970300zmq","n":"KEW GARDENS HILLS NO REZONING","y":1998,"k":"unclassified","un":4.0,"upa":0.088,"ac":45.68,"t":true},"geometry":{"type":"Polygon","coordinates":[[[-73.82531,40.73322],[-73.82324,40.73481],[-73.82124,40.73462],[-73.81974,40.73234],[-73.81874,40.73041],[-73.82116,40.72964],[-73.82467,40.73203],[-73.82531,40.73322]]]}},{"type":"Feature","properties":{"u":"850727zmx","n":"RIVERDALE GREENBELT","y":1986,"k":"unclassified","un":4.0,"upa":0.888,"ac":4.51,"t":true},"geometry":{"type":"Polygon","coordinates":[[[-73.91635,40.88407],[-73.916,40.88468],[-73.9154,40.88516],[-73.91415,40.88476],[-73.91489,40.88368],[-73.91635,40.88407]]]}},{"type":"Feature","properties":{"u":"870159zmk","n":"WINDSOR TERRACE DOWNZONING","y":1987,"k":"unclassified","un":4.0,"upa":0.068,"ac":58.71,"t":true},"geometry":{"type":"MultiPolygon","coordinates":[[[[-73.97346,40.65142],[-73.97686,40.65002],[-73.97791,40.65309],[-73.97678,40.65589],[-73.97565,40.65732],[-73.97439,40.65672],[-73.97345,40.65364],[-73.97306,40.65192],[-73.97346,40.65142]]],[[[-73.97473,40.65813],[-73.97486,40.65785],[-73.98012,40.66038],[-73.9796,40.66064],[-73.97492,40.65837],[-73.97473,40.65813]]]]}},{"type":"Feature","properties":{"u":"910106zmr","n":"1720-1746 RICHMOND AVENUE","y":1993,"k":"unclassified","un":4.0,"upa":4.733,"ac":0.85,"t":true},"geometry":{"type":"Polygon","coordinates":[[[-74.16311,40.60661],[-74.16261,40.60664],[-74.16254,40.60593],[-74.16306,40.60588],[-74.16311,40.60661]]]}},{"type":"Feature","properties":{"u":"050454zmr","n":"S.I. COMM'L OVERLAY ELIMINATION","y":2005,"k":"unclassified","un":4.0,"upa":1.424,"ac":2.81,"t":true},"geometry":{"type":"MultiPolygon","coordinates":[[[[-74.13063,40.60312],[-74.13142,40.60307],[-74.13147,40.60339],[-74.1307,40.60362],[-74.13063,40.60312]]],[[[-74.10193,40.5925],[-74.1011,40.5919],[-74.10205,40.59199],[-74.10193,40.5925]]],[[[-74.13198,40.60302],[-74.13239,40.60299],[-74.13248,40.60366],[-74.13209,40.60369],[-74.13198,40.60302]]],[[[-74.11062,40.58133],[-74.11138,40.58095],[-74.11167,40.5811],[-74.11087,40.58146],[-74.11062,40.58133]]],[[[-74.11833,40.57335],[-74.11885,40.57298],[-74.11897,40.57305],[-74.11857,40.57348],[-74.11833,40.57335]]]]}},{"type":"Feature","properties":{"u":"060109zmx","n":"BRUSH AVE REZONING","y":2006,"k":"density lowered","un":4.0,"upa":0.57,"ac":7.02,"t":true},"geometry":{"type":"Polygon","coordinates":[[[-73.83606,40.8224],[-73.83611,40.82092],[-73.83724,40.82104],[-73.83727,40.82031],[-73.8379,40.82036],[-73.83789,40.82251],[-73.83606,40.8224]]]}},{"type":"Feature","properties":{"u":"110178zmq","n":"23RD STREET REZONING","y":2013,"k":"unclassified","un":4.0,"upa":11.033,"ac":0.36,"t":false},"geometry":{"type":"Polygon","coordinates":[[[-73.93064,40.76417],[-73.93087,40.76388],[-73.93125,40.76409],[-73.93102,40.76438],[-73.93064,40.76417]]]}},{"type":"Feature","properties":{"u":"210253zmk","n":"Glenmore Manor","y":2021,"k":"more housing allowed","un":3.0,"upa":1.674,"ac":1.79,"t":false},"geometry":{"type":"Polygon","coordinates":[[[-73.90714,40.67283],[-73.90668,40.6729],[-73.90636,40.67166],[-73.90734,40.67152],[-73.90742,40.67186],[-73.90691,40.67193],[-73.90714,40.67283]]]}},{"type":"Feature","properties":{"u":"060062zmr","n":"NEW DORP LANE REZONING","y":2005,"k":"density lowered","un":3.0,"upa":0.168,"ac":17.86,"t":true},"geometry":{"type":"Polygon","coordinates":[[[-74.11695,40.5735],[-74.11554,40.57441],[-74.11303,40.57309],[-74.11325,40.57286],[-74.10995,40.57109],[-74.11055,40.57045],[-74.11435,40.57243],[-74.11458,40.5722],[-74.11695,40.5735]]]}},{"type":"Feature","properties":{"u":"930291zmk","n":"S/E BKLYN BUS FACILITY","y":1994,"k":"unclassified","un":3.0,"upa":0.232,"ac":12.94,"t":true},"geometry":{"type":"Polygon","coordinates":[[[-73.86701,40.66244],[-73.86668,40.66342],[-73.86501,40.6637],[-73.86432,40.66097],[-73.86597,40.66066],[-73.86701,40.66244]]]}},{"type":"Feature","properties":{"u":"040443zmm","n":"HARLEM PARK/MARRIOTT COURTYARD","y":2004,"k":"unclassified","un":3.0,"upa":0.814,"ac":3.69,"t":true},"geometry":{"type":"Polygon","coordinates":[[[-73.93959,40.80432],[-73.94126,40.80489],[-73.94085,40.80548],[-73.94022,40.80519],[-73.94,40.80556],[-73.93893,40.80512],[-73.93959,40.80432]]]}},{"type":"Feature","properties":{"u":"170373zmr","n":"East Shore Phase I Buyout Areas","y":2017,"k":"unclassified","un":3.0,"upa":0.017,"ac":177.84,"t":false},"geometry":{"type":"MultiPolygon","coordinates":[[[[-74.11374,40.55741],[-74.10938,40.55318],[-74.11079,40.55234],[-74.11049,40.55207],[-74.11237,40.55053],[-74.11356,40.54984],[-74.11437,40.54952],[-74.11497,40.55008],[-74.11421,40.5506],[-74.11703,40.55314],[-74.11801,40.55319],[-74.11879,40.55242],[-74.12047,40.5534],[-74.11853,40.55515],[-74.1189,40.55538],[-74.11861,40.55566],[-74.11897,40.55587],[-74.11863,40.55619],[-74.11789,40.55574],[-74.1176,40.55602],[-74.11668,40.55547],[-74.11561,40.55674],[-74.1146,40.55721],[-74.11374,40.55741]]],[[[-74.07766,40.57918],[-74.07903,40.57796],[-74.08068,40.57695],[-74.08232,40.57602],[-74.08244,40.57612],[-74.08605,40.574],[-74.0866,40.57429],[-74.08688,40.57397],[-74.08648,40.57376],[-74.08718,40.57336],[-74.08918,40.57459],[-74.08836,40.57546],[-74.08985,40.57623],[-74.08715,40.57937],[-74.0851,40.5783],[-74.08395,40.57735],[-74.08318,40.57828],[-74.08288,40.57813],[-74.08235,40.57872],[-74.08167,40.57837],[-74.08074,40.57941],[-74.08095,40.57952],[-74.0807,40.57979],[-74.08086,40.57987],[-74.08029,40.58055],[-74.07766,40.57918]]]]}},{"type":"Feature","properties":{"u":"870603zmk","n":"EAST NEW YORK HOUSING FOR SINGLES","y":1987,"k":"unclassified","un":3.0,"upa":1.05,"ac":2.86,"t":true},"geometry":{"type":"Polygon","coordinates":[[[-73.91708,40.66948],[-73.91699,40.67035],[-73.91571,40.67083],[-73.91534,40.67029],[-73.91708,40.66948]]]}},{"type":"Feature","properties":{"u":"060061zmr","n":"CASTLETON REZONING","y":2005,"k":"density lowered","un":3.0,"upa":0.238,"ac":12.62,"t":true},"geometry":{"type":"Polygon","coordinates":[[[-74.12426,40.63485],[-74.12037,40.63506],[-74.12021,40.63423],[-74.12056,40.6342],[-74.1205,40.63365],[-74.12407,40.63345],[-74.12426,40.63485]]]}},{"type":"Feature","properties":{"u":"030149zmr","n":"NORTHERN GREAT KILLS","y":2003,"k":"density lowered","un":3.0,"upa":0.089,"ac":33.64,"t":true},"geometry":{"type":"Polygon","coordinates":[[[-74.15573,40.56349],[-74.15436,40.56384],[-74.15511,40.56495],[-74.15493,40.5654],[-74.15416,40.56584],[-74.15201,40.56354],[-74.15278,40.56318],[-74.15264,40.56298],[-74.15352,40.56256],[-74.15223,40.56061],[-74.15032,40.56151],[-74.14973,40.56095],[-74.1518,40.55994],[-74.15393,40.55939],[-74.15573,40.56349]]]}},{"type":"Feature","properties":{"u":"810275zmm","n":"BND DIVISION ST, PIKE ST, HENRY ST,","y":1981,"k":"unclassified","un":3.0,"upa":0.288,"ac":10.42,"t":true},"geometry":{"type":"Polygon","coordinates":[[[-73.99459,40.71378],[-73.99487,40.71428],[-73.99287,40.71444],[-73.99269,40.71324],[-73.99306,40.7118],[-73.99439,40.71168],[-73.99459,40.71378]]]}},{"type":"Feature","properties":{"u":"210422zmm","n":"SoHo/NoHo","y":2021,"k":"more housing allowed","un":3.0,"upa":0.021,"ac":146.31,"t":false},"geometry":{"type":"Polygon","coordinates":[[[-74.00024,40.72719],[-73.99673,40.7255],[-73.99285,40.73008],[-73.99148,40.72985],[-73.99176,40.72951],[-73.99087,40.72938],[-73.99181,40.72639],[-73.99226,40.72661],[-73.99274,40.72538],[-73.99446,40.72585],[-73.99491,40.72496],[-73.99533,40.72509],[-73.99616,40.72407],[-73.9955,40.72379],[-73.99572,40.72337],[-73.99648,40.72369],[-73.99672,40.72344],[-73.99713,40.72233],[-73.9982,40.72107],[-73.99764,40.72084],[-73.99852,40.7198],[-73.99814,40.71963],[-73.99931,40.71756],[-74.00547,40.72193],[-74.00479,40.72363],[-74.00383,40.72346],[-74.0032,40.72421],[-74.00288,40.72405],[-74.00024,40.72719]]]}},{"type":"Feature","properties":{"u":"070504zmk","n":"111 UNION ST REZONING","y":2009,"k":"unclassified","un":2.0,"upa":3.72,"ac":0.54,"t":true},"geometry":{"type":"Polygon","coordinates":[[[-74.00363,40.68499],[-74.00309,40.68484],[-74.00326,40.68447],[-74.00382,40.68462],[-74.00363,40.68499]]]}},{"type":"Feature","properties":{"u":"980403zmk","n":"RUTLEDGE/HEYWARD STREETS REZONING","y":1999,"k":"unclassified","un":2.0,"upa":0.802,"ac":2.49,"t":true},"geometry":{"type":"Polygon","coordinates":[[[-73.95984,40.70033],[-73.95865,40.70104],[-73.95807,40.70053],[-73.95929,40.69976],[-73.95984,40.70033]]]}},{"type":"Feature","properties":{"u":"070521zmq","n":"FOREST HILLS SO REZONING","y":2007,"k":"density lowered","un":2.0,"upa":0.02,"ac":97.87,"t":true},"geometry":{"type":"MultiPolygon","coordinates":[[[[-73.85363,40.71456],[-73.84935,40.71298],[-73.84894,40.71363],[-73.84499,40.7122],[-73.84603,40.71058],[-73.8467,40.71078],[-73.84701,40.71022],[-73.85545,40.71163],[-73.85363,40.71456]]],[[[-73.85606,40.71092],[-73.84906,40.70981],[-73.84544,40.70929],[-73.84561,40.70864],[-73.84665,40.70847],[-73.84878,40.70862],[-73.85114,40.70806],[-73.85145,40.70861],[-73.85125,40.70938],[-73.85352,40.70989],[-73.85375,40.70908],[-73.85547,40.70934],[-73.85606,40.7097],[-73.85632,40.71009],[-73.85606,40.71092]]],[[[-73.84473,40.71171],[-73.84252,40.7109],[-73.84094,40.71026],[-73.84282,40.70946],[-73.84307,40.70965],[-73.84533,40.71001],[-73.84453,40.7113],[-73.84489,40.71143],[-73.84473,40.71171]]]]}},{"type":"Feature","properties":{"u":"930296zmk","n":"COLUMBIA STREET URA","y":1996,"k":"unclassified","un":2.0,"upa":3.548,"ac":0.56,"t":true},"geometry":{"type":"Polygon","coordinates":[[[-74.00393,40.68473],[-74.00366,40.68524],[-74.00326,40.68514],[-74.00351,40.68459],[-74.00393,40.68473]]]}},{"type":"Feature","properties":{"u":"920065zmq","n":"KEW GARDEN HILLS REZONING","y":1992,"k":"unclassified","un":2.0,"upa":0.014,"ac":145.98,"t":true},"geometry":{"type":"MultiPolygon","coordinates":[[[[-73.82131,40.72486],[-73.82748,40.72474],[-73.82883,40.72703],[-73.82883,40.72889],[-73.82726,40.73236],[-73.82477,40.73282],[-73.82312,40.73263],[-73.82229,40.7322],[-73.82099,40.72972],[-73.82131,40.72486]]],[[[-73.82019,40.72173],[-73.82226,40.72131],[-73.82325,40.72298],[-73.82308,40.72398],[-73.82048,40.72435],[-73.82002,40.72339],[-73.82019,40.72173]]],[[[-73.81908,40.7233],[-73.81934,40.72321],[-73.82048,40.72527],[-73.82049,40.72584],[-73.82028,40.72582],[-73.81908,40.7233]]],[[[-73.81877,40.72249],[-73.81928,40.72235],[-73.81964,40.72301],[-73.81912,40.72316],[-73.81877,40.72249]]],[[[-73.82462,40.73378],[-73.82488,40.73366],[-73.82509,40.73433],[-73.82481,40.73435],[-73.82462,40.73378]]]]}},{"type":"Feature","properties":{"u":"220429zmk","n":"Livonia4","y":2022,"k":"unclassified","un":2.0,"upa":2.405,"ac":0.83,"t":false},"geometry":{"type":"Polygon","coordinates":[[[-73.91268,40.662],[-73.91173,40.66214],[-73.91164,40.66178],[-73.91259,40.66164],[-73.91268,40.662]]]}},{"type":"Feature","properties":{"u":"980480zmm","n":"HUDSON ST/ERICSSON PL","y":1998,"k":"unclassified","un":2.0,"upa":0.362,"ac":5.53,"t":true},"geometry":{"type":"Polygon","coordinates":[[[-74.01022,40.72017],[-74.01008,40.72094],[-74.00703,40.72059],[-74.00716,40.71982],[-74.01022,40.72017]]]}},{"type":"Feature","properties":{"u":"180530zmq","n":"47-15 34th Ave./Northern Blvd. Rezoning","y":2019,"k":"more housing allowed","un":2.0,"upa":1.257,"ac":1.59,"t":false},"geometry":{"type":"Polygon","coordinates":[[[-73.91412,40.75411],[-73.91445,40.7537],[-73.91566,40.75425],[-73.91532,40.75467],[-73.91412,40.75411]]]}},{"type":"Feature","properties":{"u":"790810zmx","n":"BND BY BRUNER BUCHELL AVES","y":1981,"k":"unclassified","un":2.0,"upa":0.187,"ac":10.72,"t":true},"geometry":{"type":"Polygon","coordinates":[[[-73.83697,40.86533],[-73.83673,40.86682],[-73.83572,40.86711],[-73.83374,40.86364],[-73.83697,40.86533]]]}},{"type":"Feature","properties":{"u":"050453zmr","n":"S.I. COMM'L OVERLAY ELIMINATION","y":2005,"k":"unclassified","un":2.0,"upa":0.052,"ac":38.27,"t":true},"geometry":{"type":"MultiPolygon","coordinates":[[[[-74.07187,40.61432],[-74.07165,40.6144],[-74.07066,40.61317],[-74.07087,40.61307],[-74.07187,40.61432]]],[[[-74.07318,40.61368],[-74.07299,40.61377],[-74.07168,40.61206],[-74.07188,40.61197],[-74.07318,40.61368]]],[[[-74.08164,40.64708],[-74.08145,40.64741],[-74.08094,40.64735],[-74.08113,40.647],[-74.08164,40.64708]]],[[[-74.09536,40.64272],[-74.09474,40.64283],[-74.09456,40.64218],[-74.09516,40.64208],[-74.09536,40.64272]]],[[[-74.11066,40.62935],[-74.10585,40.63024],[-74.10573,40.63047],[-74.10534,40.63034],[-74.10152,40.63071],[-74.10146,40.63043],[-74.10468,40.62997],[-74.10522,40.63007],[-74.11062,40.62908],[-74.11066,40.62935]]],[[[-74.10475,40.63144],[-74.10293,40.63148],[-74.10289,40.63127],[-74.10468,40.63109],[-74.10475,40.63144]]],[[[-74.10602,40.61521],[-74.10457,40.61586],[-74.10428,40.61534],[-74.10575,40.61479],[-74.10602,40.61521]]],[[[-74.11205,40.63438],[-74.10595,40.63435],[-74.1059,40.63404],[-74.11198,40.63405],[-74.11205,40.63438]]],[[[-74.1069,40.63095],[-74.10592,40.63125],[-74.1059,40.63114],[-74.1069,40.63095]]],[[[-74.10915,40.63812],[-74.1089,40.63747],[-74.1094,40.63742],[-74.10948,40.63782],[-74.1091,40.63786],[-74.10915,40.63812]]],[[[-74.11233,40.63544],[-74.10912,40.63544],[-74.10905,40.63509],[-74.11224,40.63508],[-74.11233,40.63544]]],[[[-74.11082,40.63048],[-74.10942,40.63066],[-74.10938,40.63044],[-74.11078,40.63025],[-74.11082,40.63048]]],[[[-74.11959,40.61373],[-74.12195,40.61359],[-74.12197,40.61388],[-74.11959,40.61407],[-74.11959,40.61373]]],[[[-74.12363,40.61807],[-74.1235,40.61851],[-74.12305,40.6185],[-74.1228,40.61872],[-74.12296,40.61747],[-74.12318,40.61747],[-74.12325,40.61809],[-74.12363,40.61807]]],[[[-74.12416,40.62084],[-74.12401,40.62027],[-74.12435,40.62023],[-74.12468,40.62152],[-74.12409,40.62156],[-74.1239,40.62089],[-74.12416,40.62084]]],[[[-74.12999,40.63166],[-74.13044,40.63176],[-74.13017,40.63238],[-74.12947,40.6322],[-74.12913,40.63064],[-74.12958,40.63058],[-74.12999,40.63166]],[[-74.12999,40.63166],[-74.12999,40.63166],[-74.12997,40.63166],[-74.12999,40.63166]]],[[[-74.13175,40.61657],[-74.13167,40.61683],[-74.13125,40.61682],[-74.13119,40.61647],[-74.13175,40.61657]]],[[[-74.13285,40.63168],[-74.13256,40.63198],[-74.13124,40.63125],[-74.13151,40.63096],[-74.13285,40.63168]]],[[[-74.13267,40.62416],[-74.13246,40.62455],[-74.13207,40.62449],[-74.13226,40.62386],[-74.13267,40.62416]]],[[[-74.1345,40.61489],[-74.134,40.61521],[-74.13377,40.61499],[-74.13425,40.61468],[-74.1345,40.61489]]],[[[-74.13597,40.63343],[-74.13567,40.63387],[-74.13504,40.63353],[-74.13486,40.63373],[-74.1345,40.63353],[-74.13498,40.63288],[-74.13597,40.63343]]],[[[-74.13484,40.63775],[-74.13571,40.638],[-74.1348,40.63784],[-74.13484,40.63775]]],[[[-74.13905,40.61556],[-74.13897,40.61585],[-74.13783,40.61567],[-74.13792,40.61535],[-74.13905,40.61556]]],[[[-74.1428,40.62603],[-74.14386,40.62587],[-74.14293,40.62779],[-74.14219,40.62763],[-74.1428,40.62603]]]]}},{"type":"Feature","properties":{"u":"841021zmk","n":"1420 GRAND CONCOURSE, S/E/C/O 171 S","y":1984,"k":"unclassified","un":2.0,"upa":0.248,"ac":8.05,"t":true},"geometry":{"type":"Polygon","coordinates":[[[-73.90251,40.66032],[-73.90211,40.65878],[-73.90303,40.65865],[-73.9029,40.65817],[-73.90388,40.65805],[-73.90439,40.66004],[-73.90251,40.66032]]]}},{"type":"Feature","properties":{"u":"160332zmx","n":"1614 Williamsbridge Road","y":2016,"k":"unclassified","un":2.0,"upa":1.007,"ac":1.99,"t":false},"geometry":{"type":"Polygon","coordinates":[[[-73.84877,40.84775],[-73.84843,40.84701],[-73.84923,40.84655],[-73.84975,40.84728],[-73.84877,40.84775]]]}},{"type":"Feature","properties":{"u":"860261zmq","n":"QUEENS BLVD JUSCO DEVELOPMENT","y":1987,"k":"unclassified","un":2.0,"upa":0.112,"ac":17.88,"t":true},"geometry":{"type":"Polygon","coordinates":[[[-73.84141,40.72031],[-73.8393,40.72096],[-73.83805,40.72067],[-73.83619,40.71973],[-73.83567,40.71916],[-73.83565,40.71863],[-73.83622,40.71802],[-73.84141,40.72031]]]}},{"type":"Feature","properties":{"u":"880173zmr","n":"NEW DORP CENTRAL","y":1988,"k":"unclassified","un":2.0,"upa":0.106,"ac":18.81,"t":true},"geometry":{"type":"Polygon","coordinates":[[[-74.12012,40.57609],[-74.1182,40.57739],[-74.11491,40.57555],[-74.11672,40.57418],[-74.12012,40.57609]]]}},{"type":"Feature","properties":{"u":"870983zmk","n":"CARIBE VILLAGE URA","y":1989,"k":"unclassified","un":2.0,"upa":0.596,"ac":3.36,"t":true},"geometry":{"type":"Polygon","coordinates":[[[-73.96596,40.71284],[-73.96562,40.71365],[-73.96398,40.71325],[-73.96449,40.71242],[-73.96596,40.71284]]]}},{"type":"Feature","properties":{"u":"820187zmq","n":"45TH AVE, 82ND ST, LIRR & 80TH ST","y":1982,"k":"unclassified","un":2.0,"upa":0.195,"ac":10.27,"t":true},"geometry":{"type":"Polygon","coordinates":[[[-73.88516,40.74042],[-73.8848,40.74169],[-73.88272,40.74201],[-73.88213,40.74066],[-73.8848,40.73977],[-73.88516,40.74042]]]}},{"type":"Feature","properties":{"u":"040021zmm","n":"LAFAYETTE ST REZONING","y":2004,"k":"unclassified","un":2.0,"upa":0.723,"ac":2.77,"t":true},"geometry":{"type":"Polygon","coordinates":[[[-73.99848,40.72103],[-73.99707,40.72279],[-73.99692,40.72273],[-73.9976,40.72069],[-73.99848,40.72103]]]}},{"type":"Feature","properties":{"u":"860726azmm","n":"STRAUS PARK","y":1987,"k":"unclassified","un":2.0,"upa":0.305,"ac":6.55,"t":true},"geometry":{"type":"Polygon","coordinates":[[[-73.969,40.8018],[-73.96835,40.80304],[-73.9669,40.80244],[-73.96691,40.80082],[-73.969,40.8018]]]}},{"type":"Feature","properties":{"u":"910098zmq","n":"SO JAMAICA URA SITE 12","y":1992,"k":"unclassified","un":1.0,"upa":0.056,"ac":17.85,"t":true},"geometry":{"type":"Polygon","coordinates":[[[-73.79193,40.70191],[-73.79087,40.70254],[-73.78688,40.69856],[-73.78774,40.69821],[-73.79012,40.69935],[-73.79193,40.70191]]]}},{"type":"Feature","properties":{"u":"050015zmr","n":"ELTINGVILLE REZONING","y":2005,"k":"density lowered","un":1.0,"upa":0.017,"ac":59.52,"t":true},"geometry":{"type":"Polygon","coordinates":[[[-74.15595,40.53201],[-74.1611,40.53476],[-74.16274,40.53651],[-74.15976,40.53835],[-74.16011,40.53874],[-74.15997,40.53887],[-74.1574,40.53629],[-74.15372,40.53433],[-74.15595,40.53201]]]}},{"type":"Feature","properties":{"u":"050480zmx","n":"RIVERDALE-ON-HUDSON REZONING","y":2005,"k":"unclassified","un":1.0,"upa":0.002,"ac":467.85,"t":true},"geometry":{"type":"Polygon","coordinates":[[[-73.90603,40.90959],[-73.90712,40.90877],[-73.90782,40.90643],[-73.90991,40.90313],[-73.9078,40.90244],[-73.90879,40.89966],[-73.90746,40.8994],[-73.90804,40.89832],[-73.90912,40.89851],[-73.91004,40.89609],[-73.91004,40.89401],[-73.91141,40.89462],[-73.91181,40.89264],[-73.91204,40.89226],[-73.91299,40.89203],[-73.91339,40.89209],[-73.91413,40.89305],[-73.91498,40.89374],[-73.91516,40.89368],[-73.91627,40.89089],[-73.91743,40.89121],[-73.91795,40.89033],[-73.91859,40.88858],[-73.91693,40.88824],[-73.91672,40.88699],[-73.91398,40.88638],[-73.91592,40.88487],[-73.91574,40.88484],[-73.9162,40.88381],[-73.91677,40.88399],[-73.91728,40.88298],[-73.91981,40.88394],[-73.92018,40.88297],[-73.9242,40.88431],[-73.92247,40.88785],[-73.92071,40.89339],[-73.91362,40.91047],[-73.90855,40.90871],[-73.90703,40.91081],[-73.90552,40.91032],[-73.90603,40.90959]]]}},{"type":"Feature","properties":{"u":"821062zmr","n":"CUNARD AVE BET WANDALL AVE & ITS SO","y":1983,"k":"unclassified","un":1.0,"upa":0.02,"ac":49.14,"t":true},"geometry":{"type":"Polygon","coordinates":[[[-74.22319,40.53234],[-74.2206,40.53291],[-74.21796,40.5326],[-74.21657,40.52859],[-74.21768,40.52841],[-74.2192,40.52846],[-74.22027,40.52867],[-74.22151,40.52932],[-74.22264,40.53065],[-74.22319,40.53234]]]}},{"type":"Feature","properties":{"u":"000679zmk","n":"FULTON ST/ATLANTIC VILLAGE REZONING","y":2001,"k":"unclassified","un":1.0,"upa":0.162,"ac":6.19,"t":true},"geometry":{"type":"MultiPolygon","coordinates":[[[[-73.97295,40.68394],[-73.97201,40.68403],[-73.97175,40.68256],[-73.97289,40.68278],[-73.97295,40.68394]]],[[[-73.97336,40.68565],[-73.97287,40.68571],[-73.97136,40.68513],[-73.97122,40.6844],[-73.97327,40.6852],[-73.97336,40.68565]]]]}},{"type":"Feature","properties":{"u":"050190zmq","n":"HORACE HARDING EXPWAY REZONING","y":2005,"k":"unclassified","un":1.0,"upa":0.317,"ac":3.15,"t":true},"geometry":{"type":"Polygon","coordinates":[[[-73.83609,40.74322],[-73.83151,40.74279],[-73.83158,40.74234],[-73.8361,40.74309],[-73.83609,40.74322]]]}},{"type":"Feature","properties":{"u":"830859zmr","n":"PIELS BREWERY","y":1983,"k":"unclassified","un":1.0,"upa":0.096,"ac":10.42,"t":true},"geometry":{"type":"Polygon","coordinates":[[[-74.08159,40.62593],[-74.07943,40.62695],[-74.07827,40.62637],[-74.07984,40.62472],[-74.0806,40.62424],[-74.08159,40.62593]]]}},{"type":"Feature","properties":{"u":"020573zmk","n":"LUTHERAN MEDICAL CENTER","y":2005,"k":"unclassified","un":1.0,"upa":0.155,"ac":6.47,"t":true},"geometry":{"type":"Polygon","coordinates":[[[-74.02391,40.63934],[-74.02313,40.64006],[-74.02144,40.63915],[-74.02094,40.63825],[-74.02135,40.63779],[-74.02391,40.63934]]]}},{"type":"Feature","properties":{"u":"060411zmq","n":"MIDDLE VILLAGE FOLLOW UP REZONING","y":2006,"k":"density lowered","un":1.0,"upa":0.014,"ac":71.58,"t":true},"geometry":{"type":"Polygon","coordinates":[[[-73.88621,40.71184],[-73.88675,40.71326],[-73.88428,40.71302],[-73.87983,40.71341],[-73.87929,40.71274],[-73.87545,40.71313],[-73.87539,40.71171],[-73.87349,40.71183],[-73.87343,40.7111],[-73.87094,40.71124],[-73.87014,40.70923],[-73.87189,40.70844],[-73.87323,40.70841],[-73.87576,40.70761],[-73.87621,40.70845],[-73.87576,40.70858],[-73.87668,40.71055],[-73.87712,40.71047],[-73.87754,40.7122],[-73.87915,40.71204],[-73.87929,40.71245],[-73.88621,40.71184]]]}},{"type":"Feature","properties":{"u":"780550zmq","n":"157TH AVE,102ND ST,IND SUBWAY,103TH","y":1979,"k":"unclassified","un":1.0,"upa":0.147,"ac":6.8,"t":true},"geometry":{"type":"Polygon","coordinates":[[[-73.83238,40.66419],[-73.83195,40.66425],[-73.83102,40.66249],[-73.83044,40.6609],[-73.83151,40.66072],[-73.83238,40.66419]]]}},{"type":"Feature","properties":{"u":"080293zmq","n":"BELL BLVD","y":2011,"k":"unclassified","un":1.0,"upa":1.372,"ac":0.73,"t":false},"geometry":{"type":"Polygon","coordinates":[[[-73.77075,40.76317],[-73.77008,40.76324],[-73.76991,40.76279],[-73.77052,40.76269],[-73.77075,40.76317]]]}},{"type":"Feature","properties":{"u":"920050zmq","n":"QUEENS BLVD OVERLAY","y":1991,"k":"unclassified","un":1.0,"upa":0.223,"ac":4.48,"t":true},"geometry":{"type":"MultiPolygon","coordinates":[[[[-73.89933,40.74166],[-73.9003,40.74146],[-73.9012,40.74159],[-73.90111,40.74201],[-73.8993,40.7419],[-73.89933,40.74166]]],[[[-73.89336,40.74065],[-73.89545,40.74081],[-73.89558,40.74102],[-73.8954,40.74114],[-73.89344,40.741],[-73.89336,40.74065]]],[[[-73.89568,40.74125],[-73.89564,40.74092],[-73.89653,40.74098],[-73.89653,40.7414],[-73.89568,40.74125]]]]}},{"type":"Feature","properties":{"u":"880448zmq","n":"POYER-BARNWELL ELEMENTARY SCHOOL","y":1989,"k":"unclassified","un":1.0,"upa":0.272,"ac":3.68,"t":true},"geometry":{"type":"Polygon","coordinates":[[[-73.88352,40.73952],[-73.88218,40.74061],[-73.88136,40.74007],[-73.88273,40.739],[-73.88352,40.73952]]]}},{"type":"Feature","properties":{"u":"760097zmq","n":"KISSENA BLVD & HORACE HARDING EXPWA","y":1978,"k":"unclassified","un":1.0,"upa":1.004,"ac":1.0,"t":true},"geometry":{"type":"Polygon","coordinates":[[[-73.81603,40.7395],[-73.81613,40.74021],[-73.81551,40.74001],[-73.8155,40.73953],[-73.81603,40.7395]]]}},{"type":"Feature","properties":{"u":"861022zmq","n":"BSM LAND DEVELOPMENT","y":1987,"k":"unclassified","un":1.0,"upa":0.144,"ac":6.95,"t":true},"geometry":{"type":"Polygon","coordinates":[[[-73.89668,40.75129],[-73.89603,40.75177],[-73.89531,40.75182],[-73.89479,40.75156],[-73.89446,40.7506],[-73.89556,40.74969],[-73.89668,40.75129]]]}},{"type":"Feature","properties":{"u":"890211zmq","n":"RUBIES","y":1990,"k":"unclassified","un":1.0,"upa":0.217,"ac":4.61,"t":true},"geometry":{"type":"Polygon","coordinates":[[[-73.83096,40.70041],[-73.82881,40.70082],[-73.82804,40.69926],[-73.82812,40.69919],[-73.83096,40.70041]]]}},{"type":"Feature","properties":{"u":"841005zmm","n":"ESTABLISH SPEC UNION SQUARE DIST","y":1985,"k":"unclassified","un":1.0,"upa":0.037,"ac":27.38,"t":true},"geometry":{"type":"Polygon","coordinates":[[[-73.99283,40.73513],[-73.99072,40.7378],[-73.98825,40.73672],[-73.98822,40.73484],[-73.9892,40.73359],[-73.99283,40.73513]]]}},{"type":"Feature","properties":{"u":"060235zmq","n":"UNION-UTOPIA REZONING","y":2006,"k":"density lowered","un":1.0,"upa":0.003,"ac":351.11,"t":true},"geometry":{"type":"Polygon","coordinates":[[[-73.78848,40.73837],[-73.78565,40.73228],[-73.7756,40.73548],[-73.77359,40.73117],[-73.77758,40.7302],[-73.77526,40.72536],[-73.77592,40.72493],[-73.77691,40.7238],[-73.77804,40.7233],[-73.78067,40.72851],[-73.78112,40.72881],[-73.78329,40.72808],[-73.7836,40.72842],[-73.78619,40.72757],[-73.78594,40.72714],[-73.79151,40.72529],[-73.79173,40.72579],[-73.79128,40.72589],[-73.79309,40.73017],[-73.79335,40.73021],[-73.79351,40.73058],[-73.7938,40.73173],[-73.79341,40.73244],[-73.79333,40.73305],[-73.793,40.73789],[-73.79031,40.73792],[-73.78848,40.73837]]]}},{"type":"Feature","properties":{"u":"840557zmm","n":"30TH AVE BET 119TH & 120TH STS BET","y":1984,"k":"unclassified","un":1.0,"upa":0.079,"ac":12.65,"t":true},"geometry":{"type":"Polygon","coordinates":[[[-74.01159,40.71426],[-74.0108,40.7172],[-74.00992,40.71684],[-74.00921,40.71418],[-74.00979,40.71346],[-74.01159,40.71426]]]}},{"type":"Feature","properties":{"u":"851124zmm","n":"UNION SQ FOLLOW UP-MIDBLOCK PHASE I","y":1985,"k":"unclassified","un":1.0,"upa":0.233,"ac":4.28,"t":true},"geometry":{"type":"Polygon","coordinates":[[[-73.99304,40.73625],[-73.99206,40.73761],[-73.99102,40.73711],[-73.99198,40.73581],[-73.99304,40.73625]]]}},{"type":"Feature","properties":{"u":"860428zmm","n":"EAST SIDE MIDBLOCK FOLLOW-UP","y":1986,"k":"unclassified","un":1.0,"upa":0.123,"ac":8.15,"t":true},"geometry":{"type":"Polygon","coordinates":[[[-73.95969,40.76227],[-73.95839,40.76403],[-73.95683,40.76334],[-73.95822,40.76163],[-73.95969,40.76227]]]}},{"type":"Feature","properties":{"u":"870163zmq","n":"COLLEGE POINT REZONING","y":1988,"k":"unclassified","un":1.0,"upa":0.215,"ac":4.64,"t":true},"geometry":{"type":"Polygon","coordinates":[[[-73.85717,40.7847],[-73.85503,40.7848],[-73.85498,40.78384],[-73.85709,40.78379],[-73.85717,40.7847]]]}},{"type":"Feature","properties":{"u":"080203zmq","n":"WATERPOINTE","y":2008,"k":"unclassified","un":1.0,"upa":0.038,"ac":26.62,"t":true},"geometry":{"type":"Polygon","coordinates":[[[-73.81142,40.79862],[-73.80801,40.79816],[-73.80861,40.79484],[-73.81044,40.79502],[-73.81045,40.79528],[-73.81176,40.79534],[-73.8118,40.7959],[-73.81202,40.79588],[-73.81142,40.79862]]]}},{"type":"Feature","properties":{"u":"810215zmx","n":"W232ND ST, PALISADES, DOUGLAS, INDE","y":1981,"k":"unclassified","un":1.0,"upa":0.023,"ac":42.89,"t":true},"geometry":{"type":"MultiPolygon","coordinates":[[[[-73.91327,40.88666],[-73.91538,40.88507],[-73.91823,40.88587],[-73.91813,40.88876],[-73.91641,40.88842],[-73.91327,40.88666]]],[[[-73.90575,40.90167],[-73.90694,40.89946],[-73.90855,40.89975],[-73.90755,40.90228],[-73.90575,40.90167]]],[[[-73.90966,40.8966],[-73.90891,40.89868],[-73.90756,40.89842],[-73.90779,40.89723],[-73.90966,40.8966]]]]}},{"type":"Feature","properties":{"u":"210192zmq","n":"185-17 Hillside Ave Rezoning","y":2021,"k":"more housing allowed","un":0.0,"upa":0.0,"ac":2.75,"t":false},"geometry":{"type":"Polygon","coordinates":[[[-73.77799,40.71406],[-73.7782,40.71456],[-73.77637,40.71499],[-73.77588,40.715],[-73.77572,40.71461],[-73.77799,40.71406]]]}},{"type":"Feature","properties":{"u":"010116zmq","n":"WAYNE DECORATORS","y":2002,"k":"unclassified","un":0.0,"upa":0.0,"ac":2.62,"t":true},"geometry":{"type":"Polygon","coordinates":[[[-73.79495,40.67423],[-73.79277,40.67409],[-73.79254,40.67355],[-73.79468,40.6737],[-73.79495,40.67423]]]}},{"type":"Feature","properties":{"u":"030214zmm","n":"2-10 WEST END AVE","y":2004,"k":"unclassified","un":0.0,"upa":0.0,"ac":3.62,"t":true},"geometry":{"type":"Polygon","coordinates":[[[-73.98853,40.77176],[-73.98913,40.77094],[-73.9906,40.77156],[-73.98996,40.77238],[-73.98853,40.77176]]]}},{"type":"Feature","properties":{"u":"250115zmm","n":"One45 for Harlem","y":2025,"k":"more housing allowed","un":0.0,"upa":0.0,"ac":2.81,"t":false},"geometry":{"type":"Polygon","coordinates":[[[-73.93833,40.82133],[-73.93623,40.82045],[-73.93672,40.81978],[-73.93728,40.82001],[-73.93704,40.82032],[-73.9386,40.82097],[-73.93833,40.82133]]]}},{"type":"Feature","properties":{"u":"880213zmq","n":"SKYWAY HOTEL","y":1992,"k":"unclassified","un":0.0,"upa":0.0,"ac":2.74,"t":true},"geometry":{"type":"Polygon","coordinates":[[[-73.86875,40.76935],[-73.86756,40.76867],[-73.86754,40.76784],[-73.8684,40.76776],[-73.86875,40.76935]]]}},{"type":"Feature","properties":{"u":"170031zmq","n":"227th Street Rezoning","y":2016,"k":"unclassified","un":0.0,"upa":0.0,"ac":0.67,"t":false},"geometry":{"type":"Polygon","coordinates":[[[-73.75269,40.66181],[-73.75214,40.6616],[-73.75239,40.66118],[-73.75296,40.66139],[-73.75269,40.66181]]]}},{"type":"Feature","properties":{"u":"990614zmm","n":"CLINTON URA SITES 5A, 5B, 5C","y":1999,"k":"unclassified","un":0.0,"upa":0.0,"ac":2.51,"t":true},"geometry":{"type":"Polygon","coordinates":[[[-73.99091,40.7677],[-73.99004,40.76839],[-73.98918,40.76797],[-73.98976,40.76719],[-73.99091,40.7677]]]}},{"type":"Feature","properties":{"u":"100175zmq","n":"TD BANK","y":2011,"k":"unclassified","un":0.0,"upa":0.0,"ac":1.52,"t":false},"geometry":{"type":"Polygon","coordinates":[[[-73.81768,40.78794],[-73.81736,40.78802],[-73.81613,40.78746],[-73.81737,40.78718],[-73.81768,40.78794]]]}},{"type":"Feature","properties":{"u":"000374zmr","n":"TARGEE PLAZA","y":2002,"k":"unclassified","un":0.0,"upa":0.0,"ac":0.94,"t":true},"geometry":{"type":"Polygon","coordinates":[[[-74.08857,40.60975],[-74.08779,40.60932],[-74.08813,40.60899],[-74.08891,40.60941],[-74.08857,40.60975]]]}},{"type":"Feature","properties":{"u":"810193zmm","n":"MARGINAL ST & P/O BATTERY PK CITY F","y":1981,"k":"unclassified","un":0.0,"upa":0.0,"ac":73.33,"t":true},"geometry":{"type":"Polygon","coordinates":[[[-74.01904,40.70486],[-74.01319,40.71853],[-74.01228,40.71847],[-74.01428,40.71032],[-74.01703,40.70282],[-74.01729,40.70267],[-74.01904,40.70486]]]}},{"type":"Feature","properties":{"u":"210138zmk","n":"Acme Smoked Fish/Gem Street","y":2021,"k":"unclassified","un":0.0,"upa":0.0,"ac":3.97,"t":false},"geometry":{"type":"Polygon","coordinates":[[[-73.95693,40.72571],[-73.95608,40.72599],[-73.95516,40.72437],[-73.95568,40.72395],[-73.95607,40.72419],[-73.95693,40.72571]]]}},{"type":"Feature","properties":{"u":"020100zmq","n":"METLIFE PLAZA EXPANSION","y":2001,"k":"unclassified","un":0.0,"upa":0.0,"ac":1.0,"t":true},"geometry":{"type":"Polygon","coordinates":[[[-73.93879,40.75146],[-73.93791,40.75099],[-73.93821,40.75066],[-73.9391,40.75114],[-73.93879,40.75146]]]}},{"type":"Feature","properties":{"u":"120143zmm","n":"CHELSEA MARKET EXPANSION","y":2012,"k":"unclassified","un":0.0,"upa":0.0,"ac":5.45,"t":false},"geometry":{"type":"Polygon","coordinates":[[[-74.00724,40.74348],[-74.00442,40.74229],[-74.00486,40.74165],[-74.00771,40.74284],[-74.00724,40.74348]]]}},{"type":"Feature","properties":{"u":"060550zmq","n":"QUEENS BLVD REZONING","y":2010,"k":"unclassified","un":0.0,"upa":0.0,"ac":3.42,"t":false},"geometry":{"type":"Polygon","coordinates":[[[-73.83315,40.71444],[-73.83223,40.71513],[-73.83103,40.71434],[-73.83243,40.71367],[-73.83315,40.71444]]]}},{"type":"Feature","properties":{"u":"970086zmm","n":"RIVER CENTER","y":1999,"k":"unclassified","un":0.0,"upa":0.0,"ac":6.89,"t":true},"geometry":{"type":"Polygon","coordinates":[[[-73.9909,40.77108],[-73.99035,40.77183],[-73.98733,40.77053],[-73.98792,40.76979],[-73.9909,40.77108]]]}},{"type":"Feature","properties":{"u":"040043zmq","n":"FLUSHING SAVINGS BANK","y":2005,"k":"unclassified","un":0.0,"upa":0.0,"ac":0.77,"t":true},"geometry":{"type":"Polygon","coordinates":[[[-73.80651,40.76263],[-73.80569,40.76254],[-73.80573,40.76215],[-73.80656,40.76224],[-73.80651,40.76263]]]}},{"type":"Feature","properties":{"u":"010122zmq","n":"ASTORIA SPORT COMPLEX","y":2001,"k":"unclassified","un":0.0,"upa":0.0,"ac":2.52,"t":true},"geometry":{"type":"Polygon","coordinates":[[[-73.92277,40.75542],[-73.9237,40.75587],[-73.92302,40.75669],[-73.92205,40.75624],[-73.92277,40.75542]]]}},{"type":"Feature","properties":{"u":"000158zmq","n":"KEW FOREST REZONING","y":2000,"k":"unclassified","un":0.0,"upa":0.0,"ac":13.47,"t":true},"geometry":{"type":"Polygon","coordinates":[[[-73.83654,40.71603],[-73.83558,40.71669],[-73.8342,40.71617],[-73.83269,40.71501],[-73.83446,40.71383],[-73.83642,40.71554],[-73.83654,40.71603]]]}},{"type":"Feature","properties":{"u":"910238zmk","n":"BROWNSVILLE I URP","y":1993,"k":"unclassified","un":0.0,"upa":0.0,"ac":3.81,"t":true},"geometry":{"type":"Polygon","coordinates":[[[-73.90682,40.66129],[-73.90642,40.66134],[-73.90534,40.66101],[-73.90512,40.66012],[-73.90644,40.65994],[-73.90682,40.66129]]]}},{"type":"Feature","properties":{"u":"080222zmx","n":"COURTLANDT CORNERS I & II","y":2008,"k":"unclassified","un":0.0,"upa":0.0,"ac":1.33,"t":true},"geometry":{"type":"Polygon","coordinates":[[[-73.91474,40.82522],[-73.91351,40.82481],[-73.91369,40.82448],[-73.91521,40.82491],[-73.91474,40.82522]]]}},{"type":"Feature","properties":{"u":"040124zmk","n":"AM & G WATERPROOFING","y":2004,"k":"unclassified","un":0.0,"upa":0.0,"ac":3.56,"t":true},"geometry":{"type":"Polygon","coordinates":[[[-73.91933,40.67673],[-73.91633,40.67656],[-73.91635,40.67604],[-73.9194,40.67624],[-73.91933,40.67673]]]}},{"type":"Feature","properties":{"u":"210031zmk","n":"1377 Sutter Avenue Rezoning","y":2022,"k":"more housing allowed","un":0.0,"upa":0.0,"ac":0.45,"t":false},"geometry":{"type":"Polygon","coordinates":[[[-73.86723,40.67347],[-73.86731,40.67381],[-73.86676,40.67389],[-73.86667,40.67355],[-73.86723,40.67347]]]}},{"type":"Feature","properties":{"u":"950624zmq","n":"ROSA'S PIZZERIA REZONING","y":1996,"k":"unclassified","un":0.0,"upa":0.0,"ac":3.27,"t":true},"geometry":{"type":"Polygon","coordinates":[[[-73.89568,40.72707],[-73.89563,40.72806],[-73.89472,40.72805],[-73.89453,40.72672],[-73.89498,40.72646],[-73.89568,40.72707]]]}},{"type":"Feature","properties":{"u":"060033zmm","n":"CORNERSTONE PROJECT SITE 10","y":2005,"k":"unclassified","un":0.0,"upa":0.0,"ac":1.2,"t":true},"geometry":{"type":"Polygon","coordinates":[[[-73.95443,40.80574],[-73.95504,40.806],[-73.95462,40.80664],[-73.95397,40.80637],[-73.95443,40.80574]]]}},{"type":"Feature","properties":{"u":"130170zmq","n":"ST FRANCIS PREP","y":2013,"k":"unclassified","un":0.0,"upa":0.0,"ac":20.83,"t":false},"geometry":{"type":"Polygon","coordinates":[[[-73.78085,40.74221],[-73.77559,40.74301],[-73.77423,40.74001],[-73.77529,40.73972],[-73.77586,40.74057],[-73.78085,40.74221]]]}},{"type":"Feature","properties":{"u":"220414zmq","n":"79-18 164th Street Rezoning","y":2022,"k":"unclassified","un":0.0,"upa":0.0,"ac":1.05,"t":false},"geometry":{"type":"Polygon","coordinates":[[[-73.80444,40.72112],[-73.80426,40.72041],[-73.80491,40.72029],[-73.80508,40.72089],[-73.80444,40.72112]]]}},{"type":"Feature","properties":{"u":"930324zmm","n":"WASHBRIDGE APARTMENTS","y":1994,"k":"unclassified","un":0.0,"upa":0.0,"ac":2.67,"t":true},"geometry":{"type":"Polygon","coordinates":[[[-73.93574,40.84757],[-73.93514,40.84834],[-73.93406,40.84788],[-73.9346,40.84707],[-73.93574,40.84757]]]}},{"type":"Feature","properties":{"u":"980574zmr","n":"2456 RICHMOND AVE","y":1999,"k":"unclassified","un":0.0,"upa":0.0,"ac":3.44,"t":true},"geometry":{"type":"Polygon","coordinates":[[[-74.16927,40.58861],[-74.16908,40.58945],[-74.1673,40.58911],[-74.1677,40.58839],[-74.16927,40.58861]]]}},{"type":"Feature","properties":{"u":"780287zmq","n":"CLEARVIEW EXPWAY,26TH AVE,KENNEDY S","y":1979,"k":"unclassified","un":0.0,"upa":0.0,"ac":3.65,"t":true},"geometry":{"type":"Polygon","coordinates":[[[-73.7847,40.7776],[-73.78374,40.77791],[-73.78322,40.77655],[-73.78439,40.77624],[-73.7847,40.7776]]]}},{"type":"Feature","properties":{"u":"910272zmk","n":"64TH ST REZONING","y":1991,"k":"unclassified","un":0.0,"upa":0.0,"ac":10.03,"t":true},"geometry":{"type":"Polygon","coordinates":[[[-74.01661,40.63599],[-74.01623,40.63633],[-74.0132,40.63556],[-74.01226,40.63434],[-74.01286,40.63375],[-74.01661,40.63599]]]}},{"type":"Feature","properties":{"u":"010106zmq","n":"MASPETH FEDERAL SAVINGS & LOAN","y":2002,"k":"unclassified","un":0.0,"upa":0.0,"ac":0.71,"t":true},"geometry":{"type":"Polygon","coordinates":[[[-73.89552,40.72693],[-73.89491,40.72696],[-73.89483,40.72664],[-73.89548,40.7263],[-73.89552,40.72693]]]}},{"type":"Feature","properties":{"u":"210103zmx","n":"1099 Webster Avenue Rezoning","y":2021,"k":"more housing allowed","un":0.0,"upa":0.0,"ac":2.18,"t":false},"geometry":{"type":"Polygon","coordinates":[[[-73.91188,40.82931],[-73.91098,40.83092],[-73.91049,40.83076],[-73.91139,40.82915],[-73.91188,40.82931]]]}},{"type":"Feature","properties":{"u":"230255zmk","n":"Jennings Hall Expansion","y":2024,"k":"more housing allowed","un":0.0,"upa":0.0,"ac":1.7,"t":false},"geometry":{"type":"Polygon","coordinates":[[[-73.93992,40.71292],[-73.93975,40.71259],[-73.94006,40.71251],[-73.93988,40.71216],[-73.94069,40.71197],[-73.94103,40.71266],[-73.93992,40.71292]]]}},{"type":"Feature","properties":{"u":"220426zmr","n":"541-545 Bay Street","y":2023,"k":"more housing allowed","un":0.0,"upa":0.0,"ac":1.6,"t":false},"geometry":{"type":"Polygon","coordinates":[[[-74.07653,40.62908],[-74.07522,40.62921],[-74.07517,40.62867],[-74.07643,40.62856],[-74.07653,40.62908]]]}},{"type":"Feature","properties":{"u":"190029zmq","n":"147-40 15th Ave Commercial Overlay Rezoning","y":2020,"k":"unclassified","un":0.0,"upa":0.0,"ac":0.78,"t":false},"geometry":{"type":"Polygon","coordinates":[[[-73.81687,40.78701],[-73.81617,40.78717],[-73.81627,40.78648],[-73.81675,40.78652],[-73.81687,40.78701]]]}},{"type":"Feature","properties":{"u":"210234zmq","n":"11th Street & 34th Avenue Rezoning","y":2022,"k":"more housing allowed","un":0.0,"upa":0.0,"ac":3.72,"t":false},"geometry":{"type":"Polygon","coordinates":[[[-73.936,40.76591],[-73.93703,40.76426],[-73.9378,40.76462],[-73.93682,40.7662],[-73.936,40.76591]]]}},{"type":"Feature","properties":{"u":"770445azmk","n":"120 AVE,SUTPHIN BLVD,ROCKAWAY BLVD","y":2014,"k":"unclassified","un":0.0,"upa":0.0,"ac":4.84,"t":false},"geometry":{"type":"Polygon","coordinates":[[[-73.89001,40.64989],[-73.88917,40.65065],[-73.88772,40.64943],[-73.88872,40.64877],[-73.89001,40.64989]]]}},{"type":"Feature","properties":{"u":"140001zmm","n":"Fulton Houses","y":2013,"k":"unclassified","un":0.0,"upa":0.0,"ac":0.1,"t":false},"geometry":{"type":"Polygon","coordinates":[[[-74.00513,40.74412],[-74.00491,40.74441],[-74.00479,40.74436],[-74.00501,40.74408],[-74.00513,40.74412]]]}},{"type":"Feature","properties":{"u":"880923zmk","n":"BIG R SUPERMARKET","y":1990,"k":"unclassified","un":0.0,"upa":0.0,"ac":4.51,"t":true},"geometry":{"type":"Polygon","coordinates":[[[-74.0102,40.67469],[-74.00982,40.67544],[-74.00765,40.67484],[-74.00798,40.67402],[-74.0102,40.67469]]]}},{"type":"Feature","properties":{"u":"820697zmr","n":"BAY ST LANDING","y":1983,"k":"unclassified","un":0.0,"upa":0.0,"ac":31.27,"t":true},"geometry":{"type":"Polygon","coordinates":[[[-74.07376,40.63693],[-74.07366,40.64019],[-74.06996,40.64063],[-74.06941,40.63735],[-74.07376,40.63693]]]}},{"type":"Feature","properties":{"u":"980131zmx","n":"CYPRESS HILLS REZONING","y":1998,"k":"unclassified","un":0.0,"upa":0.0,"ac":11.75,"t":true},"geometry":{"type":"MultiPolygon","coordinates":[[[[-73.87901,40.68694],[-73.87548,40.68834],[-73.87465,40.68845],[-73.87457,40.68789],[-73.87876,40.68625],[-73.87901,40.68694]]],[[[-73.87169,40.68971],[-73.87014,40.69009],[-73.87003,40.68932],[-73.8716,40.68915],[-73.87169,40.68971]]],[[[-73.87306,40.68925],[-73.87254,40.68946],[-73.87229,40.68849],[-73.8728,40.68835],[-73.87306,40.68925]]]]}},{"type":"Feature","properties":{"u":"010709zmm","n":"EAST RIVER SCIENCE PARK","y":2001,"k":"unclassified","un":0.0,"upa":0.0,"ac":11.24,"t":true},"geometry":{"type":"Polygon","coordinates":[[[-73.97548,40.74144],[-73.97255,40.74021],[-73.97322,40.73873],[-73.97464,40.73932],[-73.97452,40.73949],[-73.97551,40.73991],[-73.97558,40.74023],[-73.97618,40.74049],[-73.97548,40.74144]]]}},{"type":"Feature","properties":{"u":"180164zmk","n":"273 Avenue U Rezoning","y":2019,"k":"more housing allowed","un":0.0,"upa":0.0,"ac":1.42,"t":false},"geometry":{"type":"Polygon","coordinates":[[[-73.97307,40.5975],[-73.97314,40.59692],[-73.97421,40.5968],[-73.97412,40.59738],[-73.97307,40.5975]]]}},{"type":"Feature","properties":{"u":"020654zmx","n":"IHOP","y":2004,"k":"unclassified","un":0.0,"upa":0.0,"ac":0.99,"t":true},"geometry":{"type":"Polygon","coordinates":[[[-73.86018,40.8273],[-73.85962,40.82745],[-73.85926,40.82674],[-73.85984,40.82664],[-73.86018,40.8273]]]}},{"type":"Feature","properties":{"u":"100047zmm","n":"15 PENN PLAZA","y":2010,"k":"unclassified","un":0.0,"upa":0.0,"ac":3.15,"t":false},"geometry":{"type":"Polygon","coordinates":[[[-73.99043,40.75005],[-73.98875,40.74935],[-73.9892,40.74873],[-73.99087,40.74942],[-73.99043,40.75005]]]}},{"type":"Feature","properties":{"u":"130214zmm","n":"MSK CUNY","y":2013,"k":"unclassified","un":0.0,"upa":0.0,"ac":2.25,"t":false},"geometry":{"type":"Polygon","coordinates":[[[-73.95154,40.76765],[-73.95035,40.76715],[-73.95088,40.76653],[-73.95199,40.76701],[-73.95154,40.76765]]]}},{"type":"Feature","properties":{"u":"010483zmk","n":"THE JUNCTION","y":2001,"k":"unclassified","un":0.0,"upa":0.0,"ac":4.66,"t":true},"geometry":{"type":"Polygon","coordinates":[[[-73.94649,40.63172],[-73.94529,40.6306],[-73.94745,40.63037],[-73.94756,40.6316],[-73.94649,40.63172]]]}},{"type":"Feature","properties":{"u":"800461zmm","n":"BATHGATE AVE & E181ST ST","y":1980,"k":"unclassified","un":0.0,"upa":0.0,"ac":4.4,"t":true},"geometry":{"type":"Polygon","coordinates":[[[-74.00488,40.70525],[-74.00409,40.70573],[-74.00247,40.7041],[-74.00309,40.70368],[-74.00488,40.70525]]]}},{"type":"Feature","properties":{"u":"880049zmr","n":"WEST SHORE PLAZA SHOPPING CENTER","y":1988,"k":"unclassified","un":0.0,"upa":0.0,"ac":32.27,"t":true},"geometry":{"type":"Polygon","coordinates":[[[-74.19489,40.60094],[-74.19264,40.60181],[-74.18999,40.60254],[-74.1898,40.60245],[-74.19016,40.60042],[-74.19145,40.5972],[-74.19489,40.60094]]]}},{"type":"Feature","properties":{"u":"240131zmk","n":"3033 Avenue V Rezoning","y":2024,"k":"more housing allowed","un":0.0,"upa":0.0,"ac":0.89,"t":false},"geometry":{"type":"Polygon","coordinates":[[[-73.93683,40.59922],[-73.93676,40.59883],[-73.93771,40.59872],[-73.93779,40.59911],[-73.93683,40.59922]]]}},{"type":"Feature","properties":{"u":"190447zmk","n":"9114 5th\u202fAvenue Rezoning","y":2021,"k":"more housing allowed","un":0.0,"upa":0.0,"ac":0.87,"t":false},"geometry":{"type":"Polygon","coordinates":[[[-74.02941,40.6186],[-74.02892,40.61836],[-74.02931,40.6179],[-74.02998,40.61823],[-74.02941,40.6186]]]}},{"type":"Feature","properties":{"u":"180171zmk","n":"Mcdonald Avenue Catering (rezoning)","y":2019,"k":"unclassified","un":0.0,"upa":0.0,"ac":2.57,"t":false},"geometry":{"type":"Polygon","coordinates":[[[-73.97873,40.63843],[-73.97915,40.63838],[-73.9794,40.63968],[-73.9799,40.63963],[-73.98001,40.64022],[-73.97909,40.64032],[-73.97873,40.63843]]]}},{"type":"Feature","properties":{"u":"180315zmq","n":"38-01 23rd Avenue Rezoning","y":2019,"k":"unclassified","un":0.0,"upa":0.0,"ac":1.06,"t":false},"geometry":{"type":"Polygon","coordinates":[[[-73.90822,40.77109],[-73.90895,40.77161],[-73.90848,40.77199],[-73.90788,40.77137],[-73.90822,40.77109]]]}},{"type":"Feature","properties":{"u":"040488zmm","n":"1129-33 YORK AVE","y":2005,"k":"unclassified","un":0.0,"upa":0.0,"ac":1.27,"t":true},"geometry":{"type":"Polygon","coordinates":[[[-73.95903,40.76083],[-73.95836,40.76055],[-73.95881,40.75992],[-73.95949,40.76021],[-73.95903,40.76083]]]}},{"type":"Feature","properties":{"u":"020216zmm","n":"GATEWAY II","y":2003,"k":"unclassified","un":0.0,"upa":0.0,"ac":1.61,"t":true},"geometry":{"type":"Polygon","coordinates":[[[-73.93676,40.80507],[-73.93728,40.80433],[-73.93802,40.80464],[-73.93746,40.80537],[-73.93676,40.80507]]]}},{"type":"Feature","properties":{"u":"210174zmk","n":"2080 McDonald Avenue Rezoning","y":2022,"k":"more housing allowed","un":0.0,"upa":0.0,"ac":1.14,"t":false},"geometry":{"type":"Polygon","coordinates":[[[-73.97342,40.60172],[-73.97333,40.6023],[-73.97248,40.60239],[-73.97256,40.60181],[-73.97342,40.60172]]]}},{"type":"Feature","properties":{"u":"210332zmk","n":"446-448 Park avenue Rezoning","y":2023,"k":"more housing allowed","un":0.0,"upa":0.0,"ac":0.68,"t":false},"geometry":{"type":"Polygon","coordinates":[[[-73.95798,40.69663],[-73.95792,40.69632],[-73.95884,40.69622],[-73.9589,40.69653],[-73.95798,40.69663]]]}},{"type":"Feature","properties":{"u":"870923zmk","n":"CONEY ISLAND URA/SITE 29","y":1988,"k":"unclassified","un":0.0,"upa":0.0,"ac":1.52,"t":true},"geometry":{"type":"Polygon","coordinates":[[[-74.00063,40.57497],[-73.99952,40.5751],[-73.99939,40.5745],[-74.00049,40.5744],[-74.00063,40.57497]]]}},{"type":"Feature","properties":{"u":"090347zmq","n":"164TH ST REZONING","y":2011,"k":"unclassified","un":0.0,"upa":0.0,"ac":0.7,"t":false},"geometry":{"type":"Polygon","coordinates":[[[-73.80501,40.73259],[-73.80443,40.73257],[-73.80447,40.73206],[-73.80506,40.73207],[-73.80501,40.73259]]]}},{"type":"Feature","properties":{"u":"900144zmk","n":"SUNSET PARK WEST","y":1990,"k":"unclassified","un":0.0,"upa":0.0,"ac":56.03,"t":true},"geometry":{"type":"Polygon","coordinates":[[[-74.01956,40.64689],[-74.01382,40.65258],[-74.01122,40.65096],[-74.01696,40.64534],[-74.01956,40.64689]]]}},{"type":"Feature","properties":{"u":"970274zmq","n":"NORTHERN BLVD C-8 DIST","y":1997,"k":"unclassified","un":0.0,"upa":0.0,"ac":3.06,"t":true},"geometry":{"type":"Polygon","coordinates":[[[-73.8901,40.75587],[-73.88809,40.75605],[-73.88794,40.75539],[-73.88996,40.75525],[-73.8901,40.75587]]]}},{"type":"Feature","properties":{"u":"210340zmq","n":"2390 McDonald Avenue Rezoning","y":2024,"k":"more housing allowed","un":0.0,"upa":0.0,"ac":0.85,"t":false},"geometry":{"type":"Polygon","coordinates":[[[-73.97457,40.59402],[-73.97451,40.59441],[-73.9736,40.59432],[-73.97366,40.59393],[-73.97457,40.59402]]]}},{"type":"Feature","properties":{"u":"980562zmm","n":"56-74 W23RD ST A/K/A 696-712 6TH AV","y":1998,"k":"unclassified","un":0.0,"upa":0.0,"ac":8.95,"t":true},"geometry":{"type":"Polygon","coordinates":[[[-73.99337,40.74236],[-73.99264,40.74348],[-73.99186,40.7432],[-73.98993,40.74189],[-73.99051,40.74109],[-73.99337,40.74236]]]}},{"type":"Feature","properties":{"u":"030213zmx","n":"WASHINGTON PLAZA","y":2003,"k":"unclassified","un":0.0,"upa":0.0,"ac":6.84,"t":true},"geometry":{"type":"Polygon","coordinates":[[[-73.91197,40.82674],[-73.90962,40.82609],[-73.91049,40.82455],[-73.91159,40.82511],[-73.91197,40.82674]]]}},{"type":"Feature","properties":{"u":"820792zmq","n":"UNION TURNPIKE, CROSS ISLAND PKWY,","y":1983,"k":"unclassified","un":0.0,"upa":0.0,"ac":14.68,"t":true},"geometry":{"type":"Polygon","coordinates":[[[-73.72969,40.7408],[-73.7275,40.74108],[-73.72708,40.74075],[-73.72694,40.73837],[-73.72847,40.73792],[-73.72918,40.73926],[-73.72969,40.7408]]]}},{"type":"Feature","properties":{"u":"960262zmm","n":"FOLEY SQUARE RECONSTRUCTION","y":1997,"k":"unclassified","un":0.0,"upa":0.0,"ac":0.13,"t":true},"geometry":{"type":"Polygon","coordinates":[[[-74.00294,40.71425],[-74.00268,40.71444],[-74.00255,40.71431],[-74.00284,40.71414],[-74.00294,40.71425]]]}},{"type":"Feature","properties":{"u":"230022zmq","n":"31-17 12th Street Rezoning","y":2024,"k":"more housing allowed","un":0.0,"upa":0.0,"ac":1.18,"t":false},"geometry":{"type":"Polygon","coordinates":[[[-73.93423,40.76786],[-73.93371,40.76851],[-73.93313,40.76828],[-73.93369,40.76759],[-73.93423,40.76786]]]}},{"type":"Feature","properties":{"u":"170226zmm","n":"ECF EAST 96TH STREET","y":2017,"k":"more housing allowed","un":0.0,"upa":0.0,"ac":4.93,"t":false},"geometry":{"type":"Polygon","coordinates":[[[-73.94422,40.78394],[-73.94472,40.78326],[-73.94707,40.78425],[-73.94659,40.78495],[-73.94422,40.78394]]]}},{"type":"Feature","properties":{"u":"200070zmq","n":"62-04 Roosevelt Ave Rezoning","y":2021,"k":"more housing allowed","un":0.0,"upa":0.0,"ac":1.4,"t":false},"geometry":{"type":"Polygon","coordinates":[[[-73.90244,40.74569],[-73.9011,40.74582],[-73.90153,40.74488],[-73.90244,40.74569]]]}},{"type":"Feature","properties":{"u":"240403zmx","n":"581 Grant Avenue Development","y":2025,"k":"more housing allowed","un":0.0,"upa":0.0,"ac":2.2,"t":false},"geometry":{"type":"Polygon","coordinates":[[[-73.86454,40.67647],[-73.86546,40.67634],[-73.86564,40.67706],[-73.86518,40.67712],[-73.86532,40.67767],[-73.86486,40.67774],[-73.86454,40.67647]]]}},{"type":"Feature","properties":{"u":"980493zmq","n":"STEINWAY WAREHOUSE","y":1998,"k":"unclassified","un":0.0,"upa":0.0,"ac":5.03,"t":true},"geometry":{"type":"Polygon","coordinates":[[[-73.90455,40.76976],[-73.90289,40.77112],[-73.90203,40.7705],[-73.90377,40.76914],[-73.90455,40.76976]]]}},{"type":"Feature","properties":{"u":"140203zmq","n":"YESHIVA HAR TORAH-GRAND CENTRAL PARKWAY DEMAPPING","y":2014,"k":"unclassified","un":0.0,"upa":0.0,"ac":0.94,"t":false},"geometry":{"type":"Polygon","coordinates":[[[-73.72288,40.75303],[-73.72182,40.75268],[-73.72398,40.75277],[-73.72288,40.75303]]]}},{"type":"Feature","properties":{"u":"130100zmm","n":"PIER 57 REDEVELOPMENT PROJECT","y":2013,"k":"unclassified","un":0.0,"upa":0.0,"ac":8.06,"t":false},"geometry":{"type":"Polygon","coordinates":[[[-74.0121,40.74427],[-74.00891,40.74393],[-74.0091,40.74287],[-74.01229,40.7432],[-74.0121,40.74427]]]}},{"type":"Feature","properties":{"u":"831430zmm","n":"115 W68TH ST","y":1984,"k":"unclassified","un":0.0,"upa":0.0,"ac":0.62,"t":true},"geometry":{"type":"Polygon","coordinates":[[[-73.98154,40.77525],[-73.98152,40.77578],[-73.98103,40.77566],[-73.98122,40.7751],[-73.98154,40.77525]]]}},{"type":"Feature","properties":{"u":"040250zmm","n":"VERIZON W47TH-W48TH STS REZONING","y":2004,"k":"unclassified","un":0.0,"upa":0.0,"ac":4.93,"t":true},"geometry":{"type":"Polygon","coordinates":[[[-73.99759,40.76549],[-73.99541,40.76453],[-73.99595,40.76381],[-73.99817,40.76476],[-73.99759,40.76549]]]}},{"type":"Feature","properties":{"u":"960319zmq","n":"USFDA/YORK COLLEGE URA","y":1996,"k":"unclassified","un":0.0,"upa":0.0,"ac":8.53,"t":true},"geometry":{"type":"Polygon","coordinates":[[[-73.80111,40.70088],[-73.80036,40.70155],[-73.79895,40.70137],[-73.79783,40.70086],[-73.79754,40.70034],[-73.79929,40.69984],[-73.80111,40.70088]]]}},{"type":"Feature","properties":{"u":"860581zmq","n":"COLLEGE POINT PARKING LOT & PARK","y":1987,"k":"unclassified","un":0.0,"upa":0.0,"ac":1.02,"t":true},"geometry":{"type":"Polygon","coordinates":[[[-73.84653,40.78609],[-73.84597,40.78609],[-73.84592,40.78534],[-73.84653,40.78533],[-73.84653,40.78609]]]}},{"type":"Feature","properties":{"u":"250037zmk","n":"Brownsville NCP","y":2025,"k":"more housing allowed","un":0.0,"upa":0.0,"ac":1.35,"t":false},"geometry":{"type":"Polygon","coordinates":[[[-73.90886,40.67387],[-73.90838,40.67384],[-73.90842,40.67332],[-73.90957,40.673],[-73.90953,40.67337],[-73.9089,40.67355],[-73.90886,40.67387]]]}},{"type":"Feature","properties":{"u":"980154zmm","n":"SOTHEBY'S EXPANSION","y":1998,"k":"unclassified","un":0.0,"upa":0.0,"ac":4.47,"t":true},"geometry":{"type":"MultiPolygon","coordinates":[[[[-73.95279,40.76653],[-73.95342,40.76568],[-73.95436,40.76606],[-73.95374,40.76692],[-73.95279,40.76653]]],[[[-73.95053,40.76896],[-73.95112,40.76817],[-73.95195,40.76855],[-73.95145,40.76932],[-73.95053,40.76896]]]]}},{"type":"Feature","properties":{"u":"870733zmk","n":"ATLANTIC TERMINAL URA, SITE 5","y":1990,"k":"unclassified","un":0.0,"upa":0.0,"ac":3.97,"t":true},"geometry":{"type":"Polygon","coordinates":[[[-73.97903,40.68384],[-73.97845,40.68462],[-73.97744,40.68422],[-73.97669,40.68323],[-73.97688,40.68305],[-73.97903,40.68384]]]}},{"type":"Feature","properties":{"u":"860550zmx","n":"LA ROSA DEL MONTE","y":1989,"k":"unclassified","un":0.0,"upa":0.0,"ac":3.25,"t":true},"geometry":{"type":"Polygon","coordinates":[[[-73.89587,40.82705],[-73.89457,40.82716],[-73.89439,40.82617],[-73.89557,40.82588],[-73.89587,40.82705]]]}},{"type":"Feature","properties":{"u":"050050zmm","n":"CLINTON GREEN MIXED USE DEV","y":2005,"k":"unclassified","un":0.0,"upa":0.0,"ac":2.16,"t":true},"geometry":{"type":"Polygon","coordinates":[[[-73.99145,40.76717],[-73.99117,40.76703],[-73.99192,40.76537],[-73.99241,40.76561],[-73.99194,40.76634],[-73.99208,40.76638],[-73.99145,40.76717]]]}},{"type":"Feature","properties":{"u":"250050zmk","n":"47 Hall Street Rezoning","y":2025,"k":"more housing allowed","un":0.0,"upa":0.0,"ac":4.42,"t":false},"geometry":{"type":"Polygon","coordinates":[[[-73.96674,40.69768],[-73.96578,40.69764],[-73.96541,40.69564],[-73.96636,40.69568],[-73.96674,40.69768]]]}},{"type":"Feature","properties":{"u":"210063zmx","n":"St Josephs - 1949 Bathgate Avenue","y":2021,"k":"more housing allowed","un":0.0,"upa":0.0,"ac":1.4,"t":false},"geometry":{"type":"Polygon","coordinates":[[[-73.89769,40.8477],[-73.89734,40.84832],[-73.89651,40.84805],[-73.89686,40.84744],[-73.89769,40.8477]]]}},{"type":"Feature","properties":{"u":"230006zmq","n":"245-06 South Conduit Avenue Commercial Overlay","y":2023,"k":"unclassified","un":0.0,"upa":0.0,"ac":1.0,"t":false},"geometry":{"type":"Polygon","coordinates":[[[-73.73433,40.66529],[-73.733,40.66534],[-73.73289,40.66523],[-73.73341,40.66495],[-73.73367,40.66523],[-73.73442,40.66484],[-73.73467,40.66512],[-73.73433,40.66529]]]}},{"type":"Feature","properties":{"u":"250151zmm","n":"Lenox Hill Hospital","y":2025,"k":"more housing allowed","un":0.0,"upa":0.0,"ac":2.07,"t":false},"geometry":{"type":"Polygon","coordinates":[[[-73.96095,40.77411],[-73.95986,40.77365],[-73.96032,40.77302],[-73.9614,40.77348],[-73.96095,40.77411]]]}},{"type":"Feature","properties":{"u":"210317zmq","n":"23-10 Queens Plaza South REzoning & Special Permit","y":2023,"k":"unclassified","un":0.0,"upa":0.0,"ac":1.63,"t":false},"geometry":{"type":"Polygon","coordinates":[[[-73.94282,40.75065],[-73.94227,40.75125],[-73.94147,40.75091],[-73.94207,40.75025],[-73.94282,40.75065]]]}},{"type":"Feature","properties":{"u":"830495zmq","n":"58TH BET 52ND RD & 52ND AVE","y":1983,"k":"unclassified","un":0.0,"upa":0.0,"ac":3.68,"t":true},"geometry":{"type":"Polygon","coordinates":[[[-73.90985,40.73492],[-73.90941,40.73584],[-73.90782,40.73537],[-73.90824,40.73453],[-73.90985,40.73492]]]}},{"type":"Feature","properties":{"u":"820449zmx","n":"ROSE HILL","y":1986,"k":"unclassified","un":0.0,"upa":0.0,"ac":6.41,"t":true},"geometry":{"type":"Polygon","coordinates":[[[-73.88474,40.86545],[-73.88283,40.86652],[-73.88259,40.86626],[-73.88335,40.86384],[-73.88474,40.86545]]]}},{"type":"Feature","properties":{"u":"840344zmq","n":"S/S/O 47TH AVE BET 76-79 STS","y":1985,"k":"unclassified","un":0.0,"upa":0.0,"ac":3.69,"t":true},"geometry":{"type":"MultiPolygon","coordinates":[[[[-73.88626,40.73938],[-73.88769,40.73898],[-73.88732,40.73988],[-73.88658,40.73999],[-73.88626,40.73938]]],[[[-73.88465,40.73993],[-73.88573,40.7396],[-73.8861,40.7402],[-73.88501,40.74054],[-73.88465,40.73993]]]]}},{"type":"Feature","properties":{"u":"000584zmx","n":"WALTON AVE REZONING","y":2000,"k":"unclassified","un":0.0,"upa":0.0,"ac":0.42,"t":true},"geometry":{"type":"Polygon","coordinates":[[[-73.90893,40.85128],[-73.9085,40.851],[-73.90874,40.85073],[-73.90917,40.85099],[-73.90893,40.85128]]]}},{"type":"Feature","properties":{"u":"230051zmk","n":"41 Richards Street Rezoning","y":2024,"k":"unclassified","un":0.0,"upa":0.0,"ac":0.9,"t":false},"geometry":{"type":"Polygon","coordinates":[[[-74.00602,40.68031],[-74.00666,40.67977],[-74.00706,40.68005],[-74.00643,40.68058],[-74.00602,40.68031]]]}},{"type":"Feature","properties":{"u":"030413zmk","n":"IKEA","y":2004,"k":"unclassified","un":0.0,"upa":0.0,"ac":56.46,"t":true},"geometry":{"type":"Polygon","coordinates":[[[-74.01708,40.67018],[-74.01303,40.67382],[-74.01106,40.67248],[-74.00934,40.67203],[-74.01026,40.67036],[-74.009,40.67],[-74.00985,40.66815],[-74.01708,40.67018]]]}},{"type":"Feature","properties":{"u":"050171zmq","n":"FRANCIS LEWIS BLVD REZONING","y":2005,"k":"unclassified","un":0.0,"upa":0.0,"ac":0.76,"t":true},"geometry":{"type":"Polygon","coordinates":[[[-73.77631,40.74471],[-73.77575,40.74487],[-73.77551,40.74435],[-73.77607,40.7442],[-73.77631,40.74471]]]}},{"type":"Feature","properties":{"u":"790123zmq","n":"BAYBRIDGE","y":1980,"k":"unclassified","un":0.0,"upa":0.0,"ac":39.89,"t":true},"geometry":{"type":"Polygon","coordinates":[[[-73.79075,40.78814],[-73.78974,40.78867],[-73.78844,40.789],[-73.78435,40.78895],[-73.7845,40.78549],[-73.78721,40.78534],[-73.79075,40.78814]]]}},{"type":"Feature","properties":{"u":"980571zmm","n":"1460 BROADWAY REZONING","y":1998,"k":"unclassified","un":0.0,"upa":0.0,"ac":2.16,"t":true},"geometry":{"type":"Polygon","coordinates":[[[-73.98728,40.7554],[-73.98695,40.75587],[-73.98547,40.75523],[-73.98568,40.75472],[-73.98728,40.7554]]]}},{"type":"Feature","properties":{"u":"020615zmm","n":"METROPOLIS STUDIOS","y":2005,"k":"unclassified","un":0.0,"upa":0.0,"ac":0.65,"t":true},"geometry":{"type":"Polygon","coordinates":[[[-73.94735,40.7927],[-73.94686,40.79338],[-73.94645,40.79321],[-73.9471,40.7926],[-73.94735,40.7927]]]}},{"type":"Feature","properties":{"u":"060372zmm","n":"122 E32ND ST","y":2007,"k":"unclassified","un":0.0,"upa":0.0,"ac":1.18,"t":true},"geometry":{"type":"Polygon","coordinates":[[[-73.98163,40.74564],[-73.98084,40.74532],[-73.9812,40.74482],[-73.98199,40.74514],[-73.98163,40.74564]]]}},{"type":"Feature","properties":{"u":"960368zmm","n":"EAST 14TH ST REZONING FOLLOW-UP","y":1996,"k":"unclassified","un":0.0,"upa":0.0,"ac":2.72,"t":true},"geometry":{"type":"Polygon","coordinates":[[[-73.98575,40.73169],[-73.98512,40.73257],[-73.98405,40.73212],[-73.98478,40.73127],[-73.98575,40.73169]]]}},{"type":"Feature","properties":{"u":"890066zmq","n":"158TH ST, 159TH ST, 160TH ST, NORTH","y":1989,"k":"unclassified","un":0.0,"upa":0.0,"ac":4.92,"t":true},"geometry":{"type":"Polygon","coordinates":[[[-73.80771,40.76413],[-73.80767,40.76442],[-73.80301,40.76331],[-73.80301,40.763],[-73.80441,40.76304],[-73.80771,40.76413]]]}},{"type":"Feature","properties":{"u":"130064zmx","n":"580 GERARD AVENUE REZONING","y":2013,"k":"unclassified","un":0.0,"upa":0.0,"ac":1.04,"t":false},"geometry":{"type":"Polygon","coordinates":[[[-73.92845,40.82104],[-73.92804,40.82093],[-73.92845,40.81992],[-73.92884,40.82002],[-73.92845,40.82104]]]}},{"type":"Feature","properties":{"u":"210299zmk","n":"840 Lorimer Street Rezoning","y":2022,"k":"more housing allowed","un":0.0,"upa":0.0,"ac":0.81,"t":false},"geometry":{"type":"Polygon","coordinates":[[[-73.95088,40.72214],[-73.95001,40.72243],[-73.94987,40.72218],[-73.95064,40.72171],[-73.95088,40.72214]]]}},{"type":"Feature","properties":{"u":"250172zmq","n":"Jamaica Neighborhood Plan","y":2025,"k":"more housing allowed","un":0.0,"upa":0.0,"ac":729.03,"t":false},"geometry":{"type":"MultiPolygon","coordinates":[[[[-73.80696,40.69902],[-73.80644,40.69837],[-73.81092,40.69693],[-73.81315,40.69637],[-73.81365,40.69721],[-73.81156,40.69758],[-73.80696,40.69902]]],[[[-73.80644,40.69837],[-73.80644,40.69837],[-73.80643,40.69836],[-73.80644,40.69837]]],[[[-73.80643,40.69836],[-73.80444,40.69911],[-73.80488,40.69979],[-73.80541,40.6996],[-73.80606,40.70096],[-73.80776,40.70063],[-73.80754,40.70017],[-73.80864,40.70003],[-73.80869,40.70024],[-73.81442,40.69853],[-73.81492,40.69943],[-73.81278,40.70004],[-73.81262,40.6997],[-73.8122,40.69982],[-73.81207,40.69956],[-73.81163,40.69969],[-73.81176,40.69995],[-73.81002,40.70044],[-73.81019,40.70078],[-73.80975,40.7009],[-73.81004,40.7015],[-73.81048,40.70138],[-73.81065,40.70173],[-73.81164,40.70193],[-73.81373,40.70218],[-73.81621,40.70209],[-73.81708,40.70404],[-73.8164,40.70409],[-73.81856,40.70728],[-73.81758,40.70765],[-73.81674,40.7064],[-73.81595,40.70664],[-73.81469,40.70477],[-73.80045,40.70883],[-73.80084,40.70945],[-73.79963,40.70989],[-73.79919,40.70918],[-73.79484,40.71045],[-73.79003,40.71224],[-73.7898,40.71187],[-73.79473,40.71002],[-73.79451,40.70964],[-73.79571,40.7093],[-73.795,40.70822],[-73.79394,40.70862],[-73.79249,40.70638],[-73.79489,40.70548],[-73.7944,40.70483],[-73.79527,40.70448],[-73.79598,40.70561],[-73.79946,40.70423],[-73.79843,40.70275],[-73.79454,40.7037],[-73.79379,40.70404],[-73.79365,40.70386],[-73.7813,40.70681],[-73.78187,40.70817],[-73.77636,40.70904],[-73.77164,40.71035],[-73.76891,40.70987],[-73.76823,40.70955],[-73.76901,40.70909],[-73.76878,40.70824],[-73.77064,40.70792],[-73.77076,40.7083],[-73.77328,40.70777],[-73.77473,40.70688],[-73.77517,40.70644],[-73.77536,40.70593],[-73.7754,40.70531],[-73.77508,40.70525],[-73.771,40.69846],[-73.7704,40.69783],[-73.77105,40.69747],[-73.77351,40.70006],[-73.77398,40.69984],[-73.77587,40.70166],[-73.77949,40.70466],[-73.78109,40.70403],[-73.78177,40.70504],[-73.78219,40.70487],[-73.78238,40.70516],[-73.78462,40.70422],[-73.78485,40.70459],[-73.78597,40.70418],[-73.78575,40.70383],[-73.78917,40.70281],[-73.79004,40.70229],[-73.78983,40.70171],[-73.78959,40.70179],[-73.78886,40.70105],[-73.78903,40.70099],[-73.78701,40.69909],[-73.78672,40.69891],[-73.78637,40.69898],[-73.78629,40.6986],[-73.78477,40.69802],[-73.78432,40.69743],[-73.78392,40.6976],[-73.78287,40.69672],[-73.78194,40.6971],[-73.78154,40.69653],[-73.78229,40.69622],[-73.78166,40.69536],[-73.78126,40.69551],[-73.78102,40.69517],[-73.78066,40.69532],[-73.78039,40.69495],[-73.78065,40.69484],[-73.78015,40.69418],[-73.78093,40.69385],[-73.78021,40.69295],[-73.78087,40.69267],[-73.78194,40.69428],[-73.78386,40.6963],[-73.7853,40.6973],[-73.78595,40.69695],[-73.78642,40.69781],[-73.78737,40.69741],[-73.78782,40.69802],[-73.78833,40.69781],[-73.78886,40.6983],[-73.78896,40.69844],[-73.78761,40.69901],[-73.78874,40.70007],[-73.78997,40.69928],[-73.79122,40.70101],[-73.79268,40.70002],[-73.79255,40.69983],[-73.79294,40.69966],[-73.78774,40.69255],[-73.78727,40.69274],[-73.78667,40.69216],[-73.7869,40.69196],[-73.78622,40.69149],[-73.78669,40.6911],[-73.78575,40.6898],[-73.7861,40.68951],[-73.78465,40.68704],[-73.78715,40.68857],[-73.78624,40.68886],[-73.78741,40.69056],[-73.788,40.69018],[-73.7886,40.69056],[-73.78783,40.69114],[-73.78843,40.69155],[-73.78825,40.69163],[-73.78941,40.69321],[-73.78985,40.69302],[-73.79025,40.69357],[-73.7898,40.69375],[-73.79081,40.69513],[-73.79126,40.69495],[-73.7914,40.69515],[-73.79096,40.69533],[-73.79377,40.69919],[-73.79548,40.6987],[-73.79573,40.69903],[-73.79357,40.69977],[-73.79235,40.70071],[-73.79187,40.70137],[-73.7935,40.70366],[-73.80204,40.70156],[-73.80078,40.70081],[-73.80007,40.70135],[-73.79991,40.701],[-73.79878,40.70115],[-73.79823,40.70031],[-73.79777,40.70048],[-73.79803,40.70086],[-73.79723,40.70118],[-73.79679,40.70055],[-73.79874,40.69976],[-73.79934,40.69932],[-73.79723,40.69798],[-73.79599,40.69664],[-73.79708,40.69618],[-73.79792,40.69735],[-73.79758,40.69761],[-73.79788,40.69803],[-73.80119,40.69536],[-73.80093,40.69439],[-73.80055,40.69464],[-73.80034,40.69415],[-73.79912,40.69334],[-73.79949,40.69311],[-73.79924,40.69287],[-73.79886,40.69311],[-73.79841,40.69269],[-73.79879,40.69246],[-73.79827,40.69194],[-73.79864,40.69167],[-73.80006,40.69306],[-73.80018,40.69295],[-73.80087,40.69349],[-73.80165,40.69373],[-73.80444,40.69562],[-73.80857,40.69224],[-73.80926,40.69186],[-73.80975,40.6922],[-73.81061,40.69196],[-73.81083,40.69235],[-73.80955,40.69269],[-73.80973,40.693],[-73.80799,40.69348],[-73.80834,40.6942],[-73.80707,40.69455],[-73.80749,40.69521],[-73.8058,40.6957],[-73.80638,40.69663],[-73.80558,40.6969],[-73.80643,40.69836]]],[[[-73.77743,40.69281],[-73.77712,40.69178],[-73.77844,40.69145],[-73.77701,40.68939],[-73.77666,40.68951],[-73.77613,40.68854],[-73.77714,40.68819],[-73.77925,40.69091],[-73.77961,40.69078],[-73.78018,40.69197],[-73.77743,40.69281]]]]}},{"type":"Feature","properties":{"u":"810021zmm","n":"2ND AVE BET E93RD & E94TH STS","y":1982,"k":"unclassified","un":0.0,"upa":0.0,"ac":1.45,"t":true},"geometry":{"type":"Polygon","coordinates":[[[-73.94956,40.78258],[-73.94893,40.78344],[-73.94835,40.78319],[-73.94906,40.78241],[-73.94956,40.78258]]]}},{"type":"Feature","properties":{"u":"230337zmk","n":"341 10th Street Rezoning","y":2024,"k":"more housing allowed","un":0.0,"upa":0.0,"ac":2.19,"t":false},"geometry":{"type":"Polygon","coordinates":[[[-73.98673,40.66939],[-73.98723,40.66879],[-73.98874,40.66952],[-73.9885,40.66982],[-73.98773,40.66945],[-73.98748,40.66975],[-73.98673,40.66939]]]}},{"type":"Feature","properties":{"u":"920141zmx","n":"WHITE CASTLE","y":1993,"k":"unclassified","un":0.0,"upa":0.0,"ac":0.51,"t":true},"geometry":{"type":"Polygon","coordinates":[[[-73.84183,40.84071],[-73.84134,40.84103],[-73.84108,40.8403],[-73.84183,40.84071]]]}},{"type":"Feature","properties":{"u":"060272zmk","n":"COMMERCE BANK-65TH ST","y":2007,"k":"unclassified","un":0.0,"upa":0.0,"ac":0.69,"t":true},"geometry":{"type":"Polygon","coordinates":[[[-74.00152,40.62599],[-74.00119,40.62631],[-74.00062,40.62597],[-74.00095,40.62565],[-74.00152,40.62599]]]}},{"type":"Feature","properties":{"u":"200335zmk","n":"98 Third Avenue","y":2022,"k":"more housing allowed","un":0.0,"upa":0.0,"ac":0.88,"t":false},"geometry":{"type":"Polygon","coordinates":[[[-73.98292,40.68298],[-73.98243,40.6836],[-73.98199,40.68343],[-73.98242,40.68279],[-73.98292,40.68298]]]}},{"type":"Feature","properties":{"u":"230010zmk","n":"534 Coney Island Avenue","y":2023,"k":"more housing allowed","un":0.0,"upa":0.0,"ac":1.02,"t":false},"geometry":{"type":"Polygon","coordinates":[[[-73.97086,40.64448],[-73.97032,40.64455],[-73.97009,40.64375],[-73.97063,40.6437],[-73.97086,40.64448]]]}},{"type":"Feature","properties":{"u":"010229zmq","n":"CALDWELL AVE REZONING","y":2002,"k":"unclassified","un":0.0,"upa":0.0,"ac":1.62,"t":true},"geometry":{"type":"Polygon","coordinates":[[[-73.87905,40.72616],[-73.8787,40.72591],[-73.87793,40.72623],[-73.87757,40.72574],[-73.87953,40.7256],[-73.87975,40.72582],[-73.87905,40.72616]]]}},{"type":"Feature","properties":{"u":"960448zmx","n":"CHATTERTON AVE REZONING","y":1997,"k":"unclassified","un":0.0,"upa":0.0,"ac":0.96,"t":true},"geometry":{"type":"Polygon","coordinates":[[[-73.84425,40.82923],[-73.8431,40.82939],[-73.8429,40.82903],[-73.84418,40.82893],[-73.84425,40.82923]]]}},{"type":"Feature","properties":{"u":"230182zmk","n":"Brooklyn Yards","y":2024,"k":"more housing allowed","un":0.0,"upa":0.0,"ac":3.91,"t":false},"geometry":{"type":"Polygon","coordinates":[[[-73.99463,40.6255],[-73.99692,40.62641],[-73.99679,40.62683],[-73.99511,40.62581],[-73.99266,40.62542],[-73.99243,40.62564],[-73.99203,40.62541],[-73.99174,40.62569],[-73.99134,40.62545],[-73.99195,40.62486],[-73.99261,40.62527],[-73.99463,40.6255]]]}},{"type":"Feature","properties":{"u":"900617zmq","n":"JACKSON HEIGHTS REZONING","y":1990,"k":"unclassified","un":0.0,"upa":0.0,"ac":8.19,"t":true},"geometry":{"type":"Polygon","coordinates":[[[-73.88037,40.75008],[-73.87766,40.75034],[-73.87761,40.74968],[-73.87864,40.74875],[-73.88009,40.74861],[-73.88037,40.75008]]]}},{"type":"Feature","properties":{"u":"210348zmq","n":"Ninth Street Rezoning","y":2022,"k":"more housing allowed","un":0.0,"upa":0.0,"ac":1.29,"t":false},"geometry":{"type":"Polygon","coordinates":[[[-73.99119,40.67198],[-73.99145,40.67167],[-73.99274,40.6723],[-73.99249,40.67261],[-73.99119,40.67198]]]}},{"type":"Feature","properties":{"u":"210285zmk","n":"749 Van Sinderen Avenue Rezoning","y":2022,"k":"unclassified","un":0.0,"upa":0.0,"ac":0.85,"t":false},"geometry":{"type":"Polygon","coordinates":[[[-73.89892,40.65787],[-73.89915,40.65879],[-73.89876,40.65885],[-73.89853,40.65793],[-73.89892,40.65787]]]}},{"type":"Feature","properties":{"u":"950245zmq","n":"LINDEN BLVD REZONING","y":1995,"k":"unclassified","un":0.0,"upa":0.0,"ac":0.76,"t":true},"geometry":{"type":"Polygon","coordinates":[[[-73.84484,40.67373],[-73.84445,40.67436],[-73.84403,40.67422],[-73.84441,40.67358],[-73.84484,40.67373]]]}},{"type":"Feature","properties":{"u":"820872zmk","n":"GROSSMAN BLDG","y":1981,"k":"unclassified","un":0.0,"upa":0.0,"ac":1.39,"t":true},"geometry":{"type":"Polygon","coordinates":[[[-73.96334,40.69012],[-73.96242,40.69024],[-73.96226,40.6896],[-73.96322,40.68952],[-73.96334,40.69012]]]}},{"type":"Feature","properties":{"u":"240399zmk","n":"109 Marcus Garvey Boulevard LSGD","y":2025,"k":"more housing allowed","un":0.0,"upa":0.0,"ac":4.26,"t":false},"geometry":{"type":"Polygon","coordinates":[[[-73.94056,40.69562],[-73.93811,40.6959],[-73.93796,40.69517],[-73.94041,40.69489],[-73.94056,40.69562]]]}},{"type":"Feature","properties":{"u":"240030zmk","n":"Brownsville Arts Center and Apartments","y":2024,"k":"more housing allowed","un":0.0,"upa":0.0,"ac":2.01,"t":false},"geometry":{"type":"Polygon","coordinates":[[[-73.91097,40.67052],[-73.91187,40.6704],[-73.91211,40.67132],[-73.9112,40.67145],[-73.91097,40.67052]]]}},{"type":"Feature","properties":{"u":"230309zmk","n":"73-99 Empire Boulevard Rezoning","y":2025,"k":"more housing allowed","un":0.0,"upa":0.0,"ac":1.44,"t":false},"geometry":{"type":"Polygon","coordinates":[[[-73.95935,40.66418],[-73.9588,40.66422],[-73.95871,40.66343],[-73.95974,40.66337],[-73.95935,40.66418]]]}},{"type":"Feature","properties":{"u":"240363zmq","n":"Gleason Funeral Home Commercial Overlay","y":2025,"k":"unclassified","un":0.0,"upa":0.0,"ac":1.22,"t":false},"geometry":{"type":"Polygon","coordinates":[[[-73.81486,40.79149],[-73.81507,40.79202],[-73.81416,40.79223],[-73.81395,40.7917],[-73.81486,40.79149]]]}},{"type":"Feature","properties":{"u":"900604azmx","n":"SEA BREEZE ESTATES","y":2011,"k":"unclassified","un":0.0,"upa":0.0,"ac":2.98,"t":false},"geometry":{"type":"Polygon","coordinates":[[[-73.7835,40.84077],[-73.7821,40.84109],[-73.78178,40.84022],[-73.78316,40.83994],[-73.7835,40.84077]]]}},{"type":"Feature","properties":{"u":"230291zmx","n":"1460-1480 Sheridan Boulevard","y":2023,"k":"more housing allowed","un":0.0,"upa":0.0,"ac":7.62,"t":false},"geometry":{"type":"Polygon","coordinates":[[[-73.88559,40.82911],[-73.88519,40.83092],[-73.8845,40.83224],[-73.88378,40.83201],[-73.88433,40.83043],[-73.88436,40.83002],[-73.88398,40.82977],[-73.88451,40.8291],[-73.88559,40.82911]]]}},{"type":"Feature","properties":{"u":"170275zmm","n":"126th Street Bus Depot Project","y":2017,"k":"more housing allowed","un":0.0,"upa":0.0,"ac":4.04,"t":false},"geometry":{"type":"Polygon","coordinates":[[[-73.93263,40.80406],[-73.93076,40.80327],[-73.93058,40.80291],[-73.93088,40.80251],[-73.93308,40.80343],[-73.93263,40.80406]]]}},{"type":"Feature","properties":{"u":"200252zmq","n":"245-01 Jamaica Ave Rezoning","y":2021,"k":"unclassified","un":0.0,"upa":0.0,"ac":0.7,"t":false},"geometry":{"type":"Polygon","coordinates":[[[-73.72221,40.72536],[-73.72205,40.72505],[-73.72291,40.72481],[-73.72303,40.72514],[-73.72221,40.72536]]]}},{"type":"Feature","properties":{"u":"140065zmk","n":"SEASIDE PARK AND COMMUNITY ARTS CENTER","y":2013,"k":"unclassified","un":0.0,"upa":0.0,"ac":1.84,"t":false},"geometry":{"type":"Polygon","coordinates":[[[-73.98932,40.57201],[-73.98946,40.57283],[-73.98843,40.57296],[-73.98833,40.57226],[-73.98932,40.57201]]]}},{"type":"Feature","properties":{"u":"870708zmx","n":"WEBSTER AVENUE SHELTER","y":1987,"k":"unclassified","un":0.0,"upa":0.0,"ac":2.68,"t":true},"geometry":{"type":"Polygon","coordinates":[[[-73.91231,40.82805],[-73.91157,40.82936],[-73.91086,40.82917],[-73.91164,40.82781],[-73.91231,40.82805]]]}},{"type":"Feature","properties":{"u":"090143zmx","n":"625 E FORDHAM RD","y":2010,"k":"unclassified","un":0.0,"upa":0.0,"ac":1.25,"t":false},"geometry":{"type":"Polygon","coordinates":[[[-73.88382,40.85882],[-73.88314,40.85848],[-73.88355,40.85799],[-73.88435,40.8582],[-73.88382,40.85882]]]}},{"type":"Feature","properties":{"u":"950080zmq","n":"EAST ELMHURST CARE CENTER","y":1995,"k":"unclassified","un":0.0,"upa":0.0,"ac":4.5,"t":true},"geometry":{"type":"Polygon","coordinates":[[[-73.87097,40.77077],[-73.86953,40.76991],[-73.86943,40.76882],[-73.87058,40.76871],[-73.87097,40.77077]]]}},{"type":"Feature","properties":{"u":"210070zmq","n":"Arverne East Rezoning","y":2021,"k":"unclassified","un":0.0,"upa":0.0,"ac":1.65,"t":false},"geometry":{"type":"Polygon","coordinates":[[[-73.76769,40.59324],[-73.76708,40.5933],[-73.76686,40.59215],[-73.76749,40.59212],[-73.76769,40.59324]]]}},{"type":"Feature","properties":{"u":"130315zmr","n":"St. George Waterfront","y":2013,"k":"unclassified","un":0.0,"upa":0.0,"ac":47.05,"t":false},"geometry":{"type":"Polygon","coordinates":[[[-74.08069,40.64733],[-74.07951,40.64937],[-74.07547,40.64817],[-74.0726,40.64606],[-74.07657,40.64409],[-74.07797,40.64592],[-74.08069,40.64733]]]}},{"type":"Feature","properties":{"u":"801132zmk","n":"3111-3123 OCEAN PKWY","y":1981,"k":"unclassified","un":0.0,"upa":0.0,"ac":3.36,"t":true},"geometry":{"type":"Polygon","coordinates":[[[-73.96746,40.57505],[-73.9689,40.57478],[-73.96852,40.57601],[-73.96726,40.57602],[-73.96746,40.57505]]]}},{"type":"Feature","properties":{"u":"910442zmx","n":"AMSCO AUTO WRECKING","y":1994,"k":"unclassified","un":0.0,"upa":0.0,"ac":2.92,"t":true},"geometry":{"type":"Polygon","coordinates":[[[-73.88539,40.81478],[-73.88436,40.8149],[-73.8839,40.81313],[-73.88534,40.8143],[-73.88539,40.81478]]]}},{"type":"Feature","properties":{"u":"200299zmq","n":"Beach 79 Self Storage Rezoning","y":2021,"k":"unclassified","un":0.0,"upa":0.0,"ac":2.89,"t":false},"geometry":{"type":"Polygon","coordinates":[[[-73.80592,40.59195],[-73.80474,40.59146],[-73.80482,40.59046],[-73.80577,40.59063],[-73.80592,40.59195]]]}},{"type":"Feature","properties":{"u":"820771zmm","n":"E. HARLEM COMM IMPROVEMENT INC","y":1982,"k":"unclassified","un":0.0,"upa":0.0,"ac":4.32,"t":true},"geometry":{"type":"Polygon","coordinates":[[[-73.93429,40.80483],[-73.9337,40.80556],[-73.93188,40.80484],[-73.93248,40.80402],[-73.93429,40.80483]]]}},{"type":"Feature","properties":{"u":"160002zmk","n":"Van Sinderen Plaza","y":2016,"k":"unclassified","un":0.0,"upa":0.0,"ac":2.56,"t":false},"geometry":{"type":"Polygon","coordinates":[[[-73.89827,40.6587],[-73.89884,40.65861],[-73.89931,40.66041],[-73.8987,40.6605],[-73.89827,40.6587]]]}},{"type":"Feature","properties":{"u":"140033zmx","n":"Kingsbridge National Ice Center","y":2013,"k":"unclassified","un":0.0,"upa":0.0,"ac":9.61,"t":false},"geometry":{"type":"Polygon","coordinates":[[[-73.89655,40.86859],[-73.89741,40.86748],[-73.89945,40.8679],[-73.89964,40.86848],[-73.89892,40.86967],[-73.89655,40.86859]]]}},{"type":"Feature","properties":{"u":"880753zmm","n":"HUDSON 42","y":1989,"k":"unclassified","un":0.0,"upa":0.0,"ac":8.14,"t":true},"geometry":{"type":"Polygon","coordinates":[[[-74.00173,40.76154],[-74.00082,40.76228],[-73.99799,40.76105],[-73.9987,40.76023],[-74.00173,40.76154]]]}},{"type":"Feature","properties":{"u":"150402zmr","n":"125 EDGEWATER STREET","y":2017,"k":"more housing allowed","un":0.0,"upa":0.0,"ac":39.31,"t":false},"geometry":{"type":"Polygon","coordinates":[[[-74.06688,40.62378],[-74.06471,40.62059],[-74.06762,40.61829],[-74.07089,40.62049],[-74.06688,40.62378]]]}},{"type":"Feature","properties":{"u":"980163zmm","n":"MILBANK FRAWLEY CIRCLE W URA","y":1998,"k":"unclassified","un":0.0,"upa":0.0,"ac":4.85,"t":true},"geometry":{"type":"Polygon","coordinates":[[[-73.94979,40.802],[-73.94918,40.80282],[-73.94721,40.80202],[-73.94784,40.80121],[-73.94979,40.802]]]}},{"type":"Feature","properties":{"u":"010615zmk","n":"SCHAEFER BREWERY","y":2001,"k":"unclassified","un":0.0,"upa":0.0,"ac":4.55,"t":true},"geometry":{"type":"Polygon","coordinates":[[[-73.97068,40.70958],[-73.96846,40.70931],[-73.96843,40.70842],[-73.97032,40.70863],[-73.97083,40.7093],[-73.97068,40.70958]]]}},{"type":"Feature","properties":{"u":"830867zmk","n":"ATLANTIC TERMINAL URA","y":1983,"k":"unclassified","un":0.0,"upa":0.0,"ac":6.66,"t":true},"geometry":{"type":"Polygon","coordinates":[[[-73.97313,40.68424],[-73.97112,40.68444],[-73.97083,40.68269],[-73.97286,40.68311],[-73.97313,40.68424]]]}},{"type":"Feature","properties":{"u":"830873zmk","n":"S/S MYRTLE AVE FROM E.HALL ST & GRA","y":1983,"k":"unclassified","un":0.0,"upa":0.0,"ac":1.58,"t":true},"geometry":{"type":"Polygon","coordinates":[[[-73.96428,40.69371],[-73.96295,40.69384],[-73.9629,40.69334],[-73.96417,40.69318],[-73.96428,40.69371]]]}},{"type":"Feature","properties":{"u":"210394zmq","n":"231-06 Northern Boulevard Commercial Overlay","y":2022,"k":"unclassified","un":0.0,"upa":0.0,"ac":3.07,"t":false},"geometry":{"type":"Polygon","coordinates":[[[-73.74929,40.76297],[-73.75007,40.76379],[-73.74802,40.76421],[-73.74772,40.76382],[-73.74844,40.7637],[-73.74826,40.76349],[-73.74929,40.76297]]]}},{"type":"Feature","properties":{"u":"900035zmk","n":"330 JAY ST","y":1990,"k":"unclassified","un":0.0,"upa":0.0,"ac":8.87,"t":true},"geometry":{"type":"Polygon","coordinates":[[[-73.98918,40.69335],[-73.989,40.69523],[-73.98702,40.69512],[-73.98707,40.69329],[-73.98918,40.69335]]]}},{"type":"Feature","properties":{"u":"801004zmk","n":"NEPTUNE AVE, W21ST ST, MERMAID AVE,","y":1981,"k":"unclassified","un":0.0,"upa":0.0,"ac":7.16,"t":true},"geometry":{"type":"Polygon","coordinates":[[[-73.99062,40.57861],[-73.98818,40.57887],[-73.98794,40.57747],[-73.98909,40.57736],[-73.99046,40.57779],[-73.99062,40.57861]]]}},{"type":"Feature","properties":{"u":"800248zmk","n":"VANDALIA AVE BET LOUISIANA & PENNSY","y":1980,"k":"unclassified","un":0.0,"upa":0.0,"ac":5.56,"t":true},"geometry":{"type":"Polygon","coordinates":[[[-73.88856,40.65015],[-73.88616,40.65134],[-73.88571,40.65074],[-73.88772,40.64943],[-73.88856,40.65015]]]}},{"type":"Feature","properties":{"u":"060323zmq","n":"SILVERCUP WEST","y":2006,"k":"unclassified","un":0.0,"upa":0.0,"ac":8.99,"t":true},"geometry":{"type":"Polygon","coordinates":[[[-73.95204,40.75384],[-73.95067,40.75549],[-73.94898,40.75468],[-73.9504,40.75302],[-73.95204,40.75384]]]}},{"type":"Feature","properties":{"u":"020498zmm","n":"COOPER UNION GLSD","y":2002,"k":"unclassified","un":0.0,"upa":0.0,"ac":4.17,"t":true},"geometry":{"type":"Polygon","coordinates":[[[-73.99063,40.73073],[-73.98933,40.73018],[-73.99028,40.72884],[-73.99103,40.72911],[-73.99063,40.73073]]]}},{"type":"Feature","properties":{"u":"030298zmk","n":"2092 STILLWELL AVE","y":2003,"k":"unclassified","un":0.0,"upa":0.0,"ac":2.33,"t":true},"geometry":{"type":"Polygon","coordinates":[[[-73.98521,40.59665],[-73.98482,40.59488],[-73.98613,40.5957],[-73.98521,40.59665]]]}},{"type":"Feature","properties":{"u":"210462zmk","n":"Brooklyn Navy Yard","y":2021,"k":"unclassified","un":0.0,"upa":0.0,"ac":271.71,"t":false},"geometry":{"type":"Polygon","coordinates":[[[-73.98082,40.70138],[-73.98058,40.70192],[-73.98013,40.70181],[-73.9797,40.70216],[-73.97785,40.7017],[-73.97568,40.70666],[-73.97211,40.7084],[-73.97031,40.70693],[-73.97018,40.70531],[-73.96798,40.70582],[-73.96734,40.70437],[-73.96256,40.70057],[-73.96234,40.69963],[-73.96284,40.69802],[-73.96537,40.69764],[-73.97798,40.69814],[-73.97791,40.69919],[-73.98048,40.69943],[-73.9804,40.70084],[-73.98082,40.70138]]]}},{"type":"Feature","properties":{"u":"000188zmq","n":"129TH ST REZONING","y":2002,"k":"unclassified","un":0.0,"upa":0.0,"ac":1.73,"t":true},"geometry":{"type":"Polygon","coordinates":[[[-73.84027,40.7798],[-73.83965,40.7798],[-73.83975,40.7786],[-73.84038,40.77861],[-73.84027,40.7798]]]}},{"type":"Feature","properties":{"u":"880888zmr","n":"STATEN ISLAND ADVANCE","y":1989,"k":"unclassified","un":0.0,"upa":0.0,"ac":1.5,"t":true},"geometry":{"type":"Polygon","coordinates":[[[-74.08752,40.59969],[-74.08743,40.59983],[-74.08652,40.59957],[-74.08693,40.59864],[-74.08714,40.59874],[-74.08752,40.59969]]]}},{"type":"Feature","properties":{"u":"180496zmk","n":"1620 Cortelyou Road Rezoning","y":2021,"k":"more housing allowed","un":0.0,"upa":0.0,"ac":0.93,"t":false},"geometry":{"type":"Polygon","coordinates":[[[-73.96346,40.64121],[-73.96356,40.64161],[-73.96265,40.64202],[-73.96257,40.64161],[-73.96346,40.64121]]]}},{"type":"Feature","properties":{"u":"000649zmm","n":"MUSEUM OF MODERN ART EXPANSION","y":2001,"k":"unclassified","un":0.0,"upa":0.0,"ac":2.64,"t":true},"geometry":{"type":"Polygon","coordinates":[[[-73.97779,40.76214],[-73.97589,40.76136],[-73.97621,40.76089],[-73.97813,40.76167],[-73.97779,40.76214]]]}},{"type":"Feature","properties":{"u":"200033zmq","n":"Special Flushing Waterfront District","y":2020,"k":"more housing allowed","un":0.0,"upa":0.0,"ac":34.6,"t":false},"geometry":{"type":"Polygon","coordinates":[[[-73.83639,40.76217],[-73.83544,40.76221],[-73.83452,40.75898],[-73.83537,40.75883],[-73.83514,40.75806],[-73.83428,40.75821],[-73.83398,40.75724],[-73.83663,40.75566],[-73.83809,40.75593],[-73.83831,40.75676],[-73.83641,40.76092],[-73.83639,40.76217]]]}},{"type":"Feature","properties":{"u":"190260zmq","n":"48-18 Van Dam Street Rezoning","y":2021,"k":"unclassified","un":0.0,"upa":0.0,"ac":2.66,"t":false},"geometry":{"type":"Polygon","coordinates":[[[-73.93523,40.74114],[-73.9343,40.74104],[-73.93458,40.73968],[-73.93545,40.74009],[-73.93523,40.74114]]]}},{"type":"Feature","properties":{"u":"030093zmk","n":"12TH AVE REZONING","y":2007,"k":"unclassified","un":0.0,"upa":0.0,"ac":1.14,"t":true},"geometry":{"type":"Polygon","coordinates":[[[-73.99374,40.63692],[-73.99321,40.6366],[-73.99377,40.63603],[-73.99432,40.63636],[-73.99374,40.63692]]]}},{"type":"Feature","properties":{"u":"820995zmq","n":"HILTON HOTEL","y":2001,"k":"unclassified","un":0.0,"upa":0.0,"ac":9.48,"t":true},"geometry":{"type":"Polygon","coordinates":[[[-73.86846,40.76691],[-73.86827,40.76829],[-73.86756,40.76867],[-73.8656,40.76747],[-73.86626,40.76679],[-73.86692,40.76653],[-73.86805,40.76656],[-73.86846,40.76691]]]}},{"type":"Feature","properties":{"u":"170180azmq","n":"135-01 35th Ave Rezoning","y":2017,"k":"more housing allowed","un":0.0,"upa":0.0,"ac":1.14,"t":false},"geometry":{"type":"Polygon","coordinates":[[[-73.83085,40.76513],[-73.83069,40.76472],[-73.83178,40.76446],[-73.83194,40.76487],[-73.83085,40.76513]]]}},{"type":"Feature","properties":{"u":"230064zmk","n":"North 7th Street Rezoning","y":2025,"k":"more housing allowed","un":0.0,"upa":0.0,"ac":1.0,"t":false},"geometry":{"type":"Polygon","coordinates":[[[-73.95931,40.71837],[-73.95901,40.71864],[-73.95808,40.71807],[-73.95838,40.71779],[-73.95931,40.71837]]]}},{"type":"Feature","properties":{"u":"190305zmk","n":"6003 8th Avenue","y":2019,"k":"unclassified","un":0.0,"upa":0.0,"ac":0.6,"t":false},"geometry":{"type":"Polygon","coordinates":[[[-74.00956,40.6355],[-74.00903,40.63518],[-74.00934,40.63488],[-74.00987,40.6352],[-74.00956,40.6355]]]}},{"type":"Feature","properties":{"u":"010652zmm","n":"PENN CENTER SUBDISTRICT","y":2001,"k":"unclassified","un":0.0,"upa":0.0,"ac":9.79,"t":true},"geometry":{"type":"Polygon","coordinates":[[[-73.99338,40.75233],[-73.99105,40.75134],[-73.99082,40.75165],[-73.98965,40.75114],[-73.98997,40.7507],[-73.99136,40.75129],[-73.99171,40.75077],[-73.99088,40.75042],[-73.99189,40.749],[-73.99254,40.7493],[-73.99165,40.75053],[-73.99396,40.75153],[-73.99338,40.75233]]]}},{"type":"Feature","properties":{"u":"090433zmm","n":"WESTERN RAIL YARDS","y":2009,"k":"unclassified","un":0.0,"upa":0.0,"ac":16.52,"t":true},"geometry":{"type":"Polygon","coordinates":[[[-74.00674,40.7545],[-74.00541,40.75636],[-74.00247,40.75512],[-74.00382,40.75327],[-74.00674,40.7545]]]}},{"type":"Feature","properties":{"u":"880691zmq","n":"HOLLIS CENTER","y":1989,"k":"unclassified","un":0.0,"upa":0.0,"ac":4.15,"t":true},"geometry":{"type":"Polygon","coordinates":[[[-73.75287,40.70718],[-73.75125,40.70757],[-73.75076,40.70637],[-73.75159,40.7062],[-73.75266,40.70671],[-73.75287,40.70718]]]}},{"type":"Feature","properties":{"u":"210324zmm","n":"495 Eleventh Ave (Slaughterhouse)","y":2021,"k":"more housing allowed","un":0.0,"upa":0.0,"ac":1.01,"t":false},"geometry":{"type":"Polygon","coordinates":[[[-74.00024,40.75916],[-73.99979,40.75977],[-73.99925,40.75954],[-73.9997,40.75893],[-74.00024,40.75916]]]}},{"type":"Feature","properties":{"u":"230306zmq","n":"21-17 37th Avenue Rezoning","y":2024,"k":"unclassified","un":0.0,"upa":0.0,"ac":0.86,"t":false},"geometry":{"type":"Polygon","coordinates":[[[-73.93765,40.759],[-73.93676,40.75852],[-73.93701,40.75824],[-73.93791,40.75873],[-73.93765,40.759]]]}},{"type":"Feature","properties":{"u":"210127zmm","n":"Governors Island Rezoning- South Island","y":2021,"k":"unclassified","un":0.0,"upa":0.0,"ac":98.53,"t":false},"geometry":{"type":"Polygon","coordinates":[[[-74.02685,40.68596],[-74.02151,40.69108],[-74.01632,40.68626],[-74.02394,40.68339],[-74.0265,40.68402],[-74.02685,40.68596]]]}},{"type":"Feature","properties":{"u":"020190zmr","n":"ZBK RETAIL","y":2003,"k":"unclassified","un":0.0,"upa":0.0,"ac":0.98,"t":true},"geometry":{"type":"Polygon","coordinates":[[[-74.1492,40.53958],[-74.14869,40.53932],[-74.14924,40.53871],[-74.14967,40.5389],[-74.1492,40.53958]]]}},{"type":"Feature","properties":{"u":"050414zmm","n":"W145TH ST REZONING","y":2007,"k":"unclassified","un":0.0,"upa":0.0,"ac":1.47,"t":true},"geometry":{"type":"Polygon","coordinates":[[[-73.93899,40.82161],[-73.93829,40.82131],[-73.93895,40.82071],[-73.93957,40.82097],[-73.93899,40.82161]]]}},{"type":"Feature","properties":{"u":"980246zmm","n":"VINCENT CYRUS PLAZA","y":1998,"k":"unclassified","un":0.0,"upa":0.0,"ac":0.84,"t":true},"geometry":{"type":"Polygon","coordinates":[[[-73.93813,40.80718],[-73.93769,40.80798],[-73.9373,40.8078],[-73.93782,40.80706],[-73.93813,40.80718]]]}},{"type":"Feature","properties":{"u":"861180zmm","n":"ASPCA SITE","y":1988,"k":"unclassified","un":0.0,"upa":0.0,"ac":1.37,"t":true},"geometry":{"type":"Polygon","coordinates":[[[-73.94508,40.78004],[-73.94446,40.7809],[-73.94431,40.78088],[-73.94428,40.77972],[-73.94508,40.78004]]]}},{"type":"Feature","properties":{"u":"210351zmm","n":"New York Blood Center","y":2021,"k":"more housing allowed","un":0.0,"upa":0.0,"ac":3.23,"t":false},"geometry":{"type":"Polygon","coordinates":[[[-73.96166,40.76514],[-73.96116,40.76582],[-73.95951,40.76513],[-73.95997,40.7645],[-73.96166,40.76514]]]}},{"type":"Feature","properties":{"u":"800997zmm","n":"630 1ST AVE BET E36TH & E37TH STS","y":1982,"k":"unclassified","un":0.0,"upa":0.0,"ac":2.95,"t":true},"geometry":{"type":"Polygon","coordinates":[[[-73.97291,40.74515],[-73.9723,40.74594],[-73.97114,40.74542],[-73.97171,40.74461],[-73.97291,40.74515]]]}},{"type":"Feature","properties":{"u":"210339zmx","n":"Morris Avenue Rezoning","y":2021,"k":"unclassified","un":0.0,"upa":0.0,"ac":0.28,"t":false},"geometry":{"type":"Polygon","coordinates":[[[-73.92196,40.81883],[-73.92176,40.81928],[-73.92152,40.81922],[-73.92172,40.81877],[-73.92196,40.81883]]]}},{"type":"Feature","properties":{"u":"020248zmq","n":"JAMAICA MID-BLOCK DEV PROJ","y":2002,"k":"unclassified","un":0.0,"upa":0.0,"ac":1.87,"t":true},"geometry":{"type":"Polygon","coordinates":[[[-73.79955,40.70542],[-73.79862,40.7058],[-73.79819,40.70516],[-73.79918,40.70473],[-73.79955,40.70542]]]}},{"type":"Feature","properties":{"u":"210025zmq","n":"Broadway and 11th Street Rezoning","y":2021,"k":"more housing allowed","un":0.0,"upa":0.0,"ac":1.94,"t":false},"geometry":{"type":"Polygon","coordinates":[[[-73.93637,40.76692],[-73.93595,40.76759],[-73.93494,40.76702],[-73.93551,40.76645],[-73.93637,40.76692]]]}},{"type":"Feature","properties":{"u":"230091zmq","n":"Whitestone Lanes Rezoning","y":2024,"k":"more housing allowed","un":0.0,"upa":0.0,"ac":2.72,"t":false},"geometry":{"type":"Polygon","coordinates":[[[-73.83335,40.76919],[-73.83367,40.76912],[-73.8342,40.77044],[-73.83324,40.77101],[-73.83286,40.77006],[-73.83363,40.76988],[-73.83335,40.76919]]]}},{"type":"Feature","properties":{"u":"140288zmk","n":"5402 FORT HAMILTON PARKWAY","y":2015,"k":"unclassified","un":0.0,"upa":0.0,"ac":4.9,"t":false},"geometry":{"type":"Polygon","coordinates":[[[-73.99999,40.63633],[-74.00153,40.63525],[-74.00263,40.63588],[-74.00105,40.63693],[-73.99999,40.63633]]]}},{"type":"Feature","properties":{"u":"160351zmq","n":"Seagirt Blvd. Rezoning","y":2016,"k":"unclassified","un":0.0,"upa":0.0,"ac":3.1,"t":false},"geometry":{"type":"Polygon","coordinates":[[[-73.75831,40.59647],[-73.75738,40.59597],[-73.75795,40.59528],[-73.75946,40.59582],[-73.75831,40.59647]]]}},{"type":"Feature","properties":{"u":"040326zmx","n":"EAST TREMONT/HONEYWELL AVE REZONING","y":2005,"k":"unclassified","un":0.0,"upa":0.0,"ac":0.66,"t":true},"geometry":{"type":"Polygon","coordinates":[[[-73.88431,40.84278],[-73.88347,40.84234],[-73.88368,40.8421],[-73.88451,40.84256],[-73.88431,40.84278]]]}},{"type":"Feature","properties":{"u":"010185zmq","n":"EAGLE ELECTRIC BLDG","y":2002,"k":"unclassified","un":0.0,"upa":0.0,"ac":2.81,"t":true},"geometry":{"type":"Polygon","coordinates":[[[-73.92189,40.77799],[-73.92077,40.7772],[-73.92148,40.77661],[-73.9226,40.77741],[-73.92189,40.77799]]]}},{"type":"Feature","properties":{"u":"870608zmx","n":"MT EDEN HOUSING FOR SINGLES","y":1987,"k":"unclassified","un":0.0,"upa":0.0,"ac":3.04,"t":true},"geometry":{"type":"Polygon","coordinates":[[[-73.91682,40.84411],[-73.9162,40.84493],[-73.91501,40.84484],[-73.91586,40.84369],[-73.91682,40.84411]]]}},{"type":"Feature","properties":{"u":"760154zmr","n":"HYLAN BLVD","y":1978,"k":"unclassified","un":0.0,"upa":0.0,"ac":0.92,"t":true},"geometry":{"type":"Polygon","coordinates":[[[-74.10719,40.57429],[-74.10661,40.5748],[-74.10615,40.57453],[-74.10674,40.57401],[-74.10719,40.57429]]]}},{"type":"Feature","properties":{"u":"230128zmk","n":"210 Coney Island Avenue Rezoning","y":2025,"k":"more housing allowed","un":0.0,"upa":0.0,"ac":1.32,"t":false},"geometry":{"type":"Polygon","coordinates":[[[-73.96098,40.59523],[-73.96156,40.59521],[-73.9617,40.5961],[-73.96103,40.59617],[-73.96098,40.59523]]]}},{"type":"Feature","properties":{"u":"770543zmm","n":"No Project Name","y":1978,"k":"unclassified","un":0.0,"upa":0.0,"ac":0.6,"t":true},"geometry":{"type":"Polygon","coordinates":[[[-73.95936,40.81602],[-73.95882,40.81627],[-73.95852,40.81591],[-73.95897,40.81567],[-73.95936,40.81602]]]}},{"type":"Feature","properties":{"u":"900011zmq","n":"80-03 QUEENS BLVD","y":1990,"k":"unclassified","un":0.0,"upa":0.0,"ac":2.54,"t":true},"geometry":{"type":"Polygon","coordinates":[[[-73.88405,40.73809],[-73.88291,40.739],[-73.88214,40.73843],[-73.88274,40.73789],[-73.88405,40.73809]]]}},{"type":"Feature","properties":{"u":"980598zmm","n":"202 SPRING STREET","y":1999,"k":"unclassified","un":0.0,"upa":0.0,"ac":1.05,"t":true},"geometry":{"type":"Polygon","coordinates":[[[-74.00435,40.72537],[-74.00419,40.72576],[-74.00323,40.72537],[-74.00358,40.72495],[-74.00435,40.72537]]]}},{"type":"Feature","properties":{"u":"180095zmk","n":"35 Underhill Avenue Rezoning","y":2018,"k":"unclassified","un":0.0,"upa":0.0,"ac":0.44,"t":false},"geometry":{"type":"Polygon","coordinates":[[[-73.96461,40.6795],[-73.96507,40.67959],[-73.96479,40.68037],[-73.96461,40.6795]]]}},{"type":"Feature","properties":{"u":"220220zmm","n":"The Lirio/MTA Site - 806 9th Avenue","y":2022,"k":"unclassified","un":0.0,"upa":0.0,"ac":2.88,"t":false},"geometry":{"type":"Polygon","coordinates":[[[-73.98712,40.766],[-73.9853,40.76523],[-73.98576,40.76461],[-73.98664,40.76498],[-73.98649,40.76518],[-73.98743,40.76557],[-73.98712,40.766]]]}},{"type":"Feature","properties":{"u":"790444zmk","n":"78TH ST BET ASTORIA BLVD & 24TH AVE","y":1979,"k":"unclassified","un":0.0,"upa":0.0,"ac":0.85,"t":true},"geometry":{"type":"Polygon","coordinates":[[[-73.95628,40.59896],[-73.95682,40.599],[-73.95692,40.59943],[-73.9563,40.59959],[-73.95628,40.59896]]]}},{"type":"Feature","properties":{"u":"860583zmk","n":"GRAHAM AVE MERCHANT ASSOC PKG LOT","y":1986,"k":"unclassified","un":0.0,"upa":0.0,"ac":0.73,"t":true},"geometry":{"type":"Polygon","coordinates":[[[-73.94344,40.70304],[-73.94293,40.70312],[-73.94281,40.70255],[-73.94336,40.70245],[-73.94344,40.70304]]]}},{"type":"Feature","properties":{"u":"770168zmx","n":"208-216 E82TH ST","y":1977,"k":"unclassified","un":0.0,"upa":0.0,"ac":5.92,"t":true},"geometry":{"type":"Polygon","coordinates":[[[-73.89076,40.86004],[-73.88971,40.86123],[-73.88827,40.86045],[-73.88927,40.85924],[-73.89076,40.86004]]]}},{"type":"Feature","properties":{"u":"170299zmq","n":"35-10 Astoria Boulevard South Rezoning","y":2018,"k":"more housing allowed","un":0.0,"upa":0.0,"ac":0.84,"t":false},"geometry":{"type":"Polygon","coordinates":[[[-73.91389,40.76933],[-73.91416,40.769],[-73.91514,40.76915],[-73.91487,40.76948],[-73.91389,40.76933]]]}},{"type":"Feature","properties":{"u":"220456zmr","n":"125 Greaves Lane","y":2023,"k":"unclassified","un":0.0,"upa":0.0,"ac":1.71,"t":false},"geometry":{"type":"Polygon","coordinates":[[[-74.14423,40.55296],[-74.14466,40.55429],[-74.14323,40.55324],[-74.14423,40.55296]]]}},{"type":"Feature","properties":{"u":"900604zmx","n":"SEA BREEZE ESTATES","y":2011,"k":"unclassified","un":0.0,"upa":0.0,"ac":2.98,"t":false},"geometry":{"type":"Polygon","coordinates":[[[-73.7835,40.84077],[-73.7821,40.84109],[-73.78178,40.84022],[-73.78316,40.83994],[-73.7835,40.84077]]]}},{"type":"Feature","properties":{"u":"160030zmk","n":"141 Willoughby Avenue","y":2016,"k":"more housing allowed","un":0.0,"upa":0.0,"ac":1.36,"t":false},"geometry":{"type":"Polygon","coordinates":[[[-73.98335,40.69307],[-73.98305,40.6931],[-73.98254,40.69206],[-73.9834,40.6921],[-73.98335,40.69307]]]}},{"type":"Feature","properties":{"u":"970742zmq","n":"QUEENS FAMILY COURT","y":1997,"k":"unclassified","un":0.0,"upa":0.0,"ac":6.7,"t":true},"geometry":{"type":"Polygon","coordinates":[[[-73.80492,40.7024],[-73.8024,40.70314],[-73.80184,40.70214],[-73.8045,40.70144],[-73.80492,40.7024]]]}},{"type":"Feature","properties":{"u":"210249zmk","n":"840 Atlantic Avenue Rezoning","y":2021,"k":"unclassified","un":0.0,"upa":0.0,"ac":1.62,"t":false},"geometry":{"type":"Polygon","coordinates":[[[-73.96709,40.68084],[-73.96769,40.68096],[-73.96738,40.68182],[-73.96651,40.68164],[-73.96669,40.68114],[-73.96695,40.6812],[-73.96709,40.68084]]]}},{"type":"Feature","properties":{"u":"060467zmq","n":"88TH ST REZONING","y":2008,"k":"unclassified","un":0.0,"upa":0.0,"ac":2.44,"t":true},"geometry":{"type":"Polygon","coordinates":[[[-73.88109,40.76548],[-73.88128,40.76642],[-73.8801,40.76655],[-73.88009,40.76558],[-73.88109,40.76548]]]}},{"type":"Feature","properties":{"u":"210200zmq","n":"31st Street and Hoyt Ave. Rezoning","y":2021,"k":"more housing allowed","un":0.0,"upa":0.0,"ac":3.4,"t":false},"geometry":{"type":"Polygon","coordinates":[[[-73.91642,40.7709],[-73.91619,40.77074],[-73.91659,40.77042],[-73.91725,40.77078],[-73.91481,40.77278],[-73.91447,40.77253],[-73.91642,40.7709]]]}},{"type":"Feature","properties":{"u":"210049zmk","n":"300 Huntington Street","y":2021,"k":"unclassified","un":0.0,"upa":0.0,"ac":3.25,"t":false},"geometry":{"type":"Polygon","coordinates":[[[-73.99579,40.67494],[-73.99647,40.67409],[-73.99778,40.67475],[-73.99745,40.67541],[-73.99579,40.67494]]]}},{"type":"Feature","properties":{"u":"170445zmx","n":"1776 Eastchester Road - Montefiore Staff Housing","y":2017,"k":"more housing allowed","un":0.0,"upa":0.0,"ac":18.47,"t":false},"geometry":{"type":"Polygon","coordinates":[[[-73.84487,40.8486],[-73.84331,40.85088],[-73.84068,40.85048],[-73.84257,40.84634],[-73.84292,40.84642],[-73.84221,40.84819],[-73.84487,40.8486]]]}},{"type":"Feature","properties":{"u":"200246zmq","n":"146-93 Brewer Blvd. Rezoning","y":2022,"k":"unclassified","un":0.0,"upa":0.0,"ac":0.9,"t":false},"geometry":{"type":"Polygon","coordinates":[[[-73.76797,40.66031],[-73.76808,40.66101],[-73.76757,40.66105],[-73.76745,40.66023],[-73.76797,40.66031]]]}},{"type":"Feature","properties":{"u":"220283zmx","n":"2560 Boston Road Rezoning","y":2023,"k":"unclassified","un":0.0,"upa":0.0,"ac":2.09,"t":false},"geometry":{"type":"Polygon","coordinates":[[[-73.86355,40.86466],[-73.86258,40.86538],[-73.86262,40.86419],[-73.86309,40.8642],[-73.8631,40.86393],[-73.86357,40.86394],[-73.86355,40.86466]]]}},{"type":"Feature","properties":{"u":"870212azmx","n":"FORDHAM LANDING","y":1988,"k":"unclassified","un":0.0,"upa":0.0,"ac":8.59,"t":true},"geometry":{"type":"Polygon","coordinates":[[[-73.91522,40.86081],[-73.91356,40.86276],[-73.91201,40.86208],[-73.91424,40.86025],[-73.91522,40.86081]]]}},{"type":"Feature","properties":{"u":"210041zmm","n":"45-20 83rd Street Rezoning","y":2021,"k":"more housing allowed","un":0.0,"upa":0.0,"ac":1.55,"t":false},"geometry":{"type":"Polygon","coordinates":[[[-73.88163,40.74124],[-73.88139,40.74081],[-73.88254,40.74049],[-73.88322,40.74077],[-73.88163,40.74124]]]}},{"type":"Feature","properties":{"u":"840514zmk","n":"602-18 DRIGGS AVE","y":1984,"k":"unclassified","un":0.0,"upa":0.0,"ac":0.98,"t":true},"geometry":{"type":"Polygon","coordinates":[[[-73.95846,40.71572],[-73.95771,40.71623],[-73.95732,40.71598],[-73.95801,40.71542],[-73.95846,40.71572]]]}},{"type":"Feature","properties":{"u":"180083zmx","n":"241st Street Rezoning","y":2019,"k":"more housing allowed","un":0.0,"upa":0.0,"ac":3.86,"t":false},"geometry":{"type":"Polygon","coordinates":[[[-73.84955,40.90305],[-73.85065,40.90163],[-73.85157,40.90203],[-73.85036,40.90343],[-73.84955,40.90305]]]}},{"type":"Feature","properties":{"u":"810173zmq","n":"47-40 21ST ST","y":1981,"k":"unclassified","un":0.0,"upa":0.0,"ac":4.83,"t":true},"geometry":{"type":"Polygon","coordinates":[[[-73.95161,40.74337],[-73.94983,40.74425],[-73.9487,40.74407],[-73.9489,40.7434],[-73.94953,40.74312],[-73.9502,40.74308],[-73.95161,40.74337]]]}},{"type":"Feature","properties":{"u":"030066zmx","n":"WESTCHESTER AVENUE REZONING","y":2004,"k":"unclassified","un":0.0,"upa":0.0,"ac":0.28,"t":true},"geometry":{"type":"Polygon","coordinates":[[[-73.85825,40.83413],[-73.85804,40.83401],[-73.85798,40.83376],[-73.85835,40.83372],[-73.85825,40.83413]]]}},{"type":"Feature","properties":{"u":"230289zmk","n":"230 Kent Avenue Rezoning","y":2024,"k":"unclassified","un":0.0,"upa":0.0,"ac":0.29,"t":false},"geometry":{"type":"Polygon","coordinates":[[[-73.96555,40.71746],[-73.96509,40.7172],[-73.96526,40.71704],[-73.96573,40.71728],[-73.96555,40.71746]]]}},{"type":"Feature","properties":{"u":"200086zmk","n":"1501-1555 60th Street Rezoning","y":2021,"k":"more housing allowed","un":0.0,"upa":0.0,"ac":1.94,"t":false},"geometry":{"type":"Polygon","coordinates":[[[-73.99427,40.62547],[-73.99376,40.62596],[-73.99348,40.62579],[-73.99317,40.62609],[-73.99243,40.62564],[-73.99278,40.6253],[-73.99427,40.62547]]]}},{"type":"Feature","properties":{"u":"140037zmq","n":"Braddock Hillside Rezoning","y":2014,"k":"unclassified","un":0.0,"upa":0.0,"ac":2.4,"t":false},"geometry":{"type":"Polygon","coordinates":[[[-73.74397,40.73028],[-73.74499,40.73052],[-73.74463,40.73143],[-73.74357,40.7312],[-73.74397,40.73028]]]}},{"type":"Feature","properties":{"u":"210119zmk","n":"506 Third Avenue","y":2021,"k":"more housing allowed","un":0.0,"upa":0.0,"ac":1.67,"t":false},"geometry":{"type":"Polygon","coordinates":[[[-73.99347,40.66927],[-73.99244,40.67047],[-73.99203,40.67027],[-73.99303,40.66906],[-73.99347,40.66927]]]}},{"type":"Feature","properties":{"u":"240186zmq","n":"123-12 Sutphin Boulevard Rezoning","y":2025,"k":"more housing allowed","un":0.0,"upa":0.0,"ac":1.55,"t":false},"geometry":{"type":"MultiPolygon","coordinates":[[[[-73.79067,40.67526],[-73.79103,40.67633],[-73.79055,40.67646],[-73.79001,40.67544],[-73.79067,40.67526]]],[[[-73.79124,40.67504],[-73.79067,40.67526],[-73.79064,40.6752],[-73.79124,40.67504]]]]}},{"type":"Feature","properties":{"u":"240342zmm","n":"455 First Avenue","y":2025,"k":"more housing allowed","un":0.0,"upa":0.0,"ac":1.9,"t":false},"geometry":{"type":"Polygon","coordinates":[[[-73.97776,40.73984],[-73.97671,40.7394],[-73.97715,40.7388],[-73.97819,40.73924],[-73.97776,40.73984]]]}},{"type":"Feature","properties":{"u":"850572zmk","n":"BK NAVY YD RESOURCE RECOVERY FACLTY","y":1985,"k":"unclassified","un":0.0,"upa":0.0,"ac":12.3,"t":true},"geometry":{"type":"Polygon","coordinates":[[[-73.97097,40.70445],[-73.97043,40.70687],[-73.97017,40.70689],[-73.96908,40.70575],[-73.96946,40.70383],[-73.9704,40.70248],[-73.97062,40.70249],[-73.97097,40.70445]]]}},{"type":"Feature","properties":{"u":"000221zmq","n":"QUEENS CENTER EXPANSION","y":2000,"k":"unclassified","un":0.0,"upa":0.0,"ac":15.94,"t":true},"geometry":{"type":"Polygon","coordinates":[[[-73.87233,40.73479],[-73.86847,40.73596],[-73.86819,40.7353],[-73.86704,40.73568],[-73.86656,40.73484],[-73.87032,40.73372],[-73.87205,40.73426],[-73.87233,40.73479]]]}},{"type":"Feature","properties":{"u":"160401zmr","n":"5 Bement Avenue","y":2018,"k":"unclassified","un":0.0,"upa":0.0,"ac":1.31,"t":false},"geometry":{"type":"Polygon","coordinates":[[[-74.11275,40.64311],[-74.11266,40.6426],[-74.11376,40.64246],[-74.11384,40.64285],[-74.11275,40.64311]]]}},{"type":"Feature","properties":{"u":"240275zmk","n":"347 Flushing Avenue Rezoning","y":2025,"k":"more housing allowed","un":0.0,"upa":0.0,"ac":1.44,"t":false},"geometry":{"type":"Polygon","coordinates":[[[-73.96028,40.69884],[-73.9602,40.69847],[-73.9619,40.6982],[-73.96179,40.6986],[-73.96028,40.69884]]]}},{"type":"Feature","properties":{"u":"910513zmq","n":"PHILIPS FUNERAL HOME","y":1994,"k":"unclassified","un":0.0,"upa":0.0,"ac":2.48,"t":true},"geometry":{"type":"Polygon","coordinates":[[[-73.76777,40.69248],[-73.76569,40.69223],[-73.76541,40.69169],[-73.76748,40.69192],[-73.76777,40.69248]]]}},{"type":"Feature","properties":{"u":"200190zmq","n":"214-32 Hillside Avenue Rezoning","y":2021,"k":"unclassified","un":0.0,"upa":0.0,"ac":0.46,"t":false},"geometry":{"type":"Polygon","coordinates":[[[-73.7504,40.72616],[-73.75063,40.72637],[-73.75001,40.72667],[-73.74978,40.72645],[-73.7504,40.72616]]]}},{"type":"Feature","properties":{"u":"870154zmq","n":"PAM AM MOTOR INN EXPANSION","y":1991,"k":"unclassified","un":0.0,"upa":0.0,"ac":7.41,"t":true},"geometry":{"type":"Polygon","coordinates":[[[-73.88568,40.73704],[-73.88554,40.73856],[-73.88186,40.73789],[-73.88194,40.7377],[-73.88568,40.73704]]]}},{"type":"Feature","properties":{"u":"220133zmq","n":"78-46 Metropolitan Avenue Rezoning","y":2022,"k":"unclassified","un":0.0,"upa":0.0,"ac":0.23,"t":false},"geometry":{"type":"Polygon","coordinates":[[[-73.87359,40.71324],[-73.87357,40.71287],[-73.87383,40.71285],[-73.87386,40.71323],[-73.87359,40.71324]]]}},{"type":"Feature","properties":{"u":"200296zmk","n":"1776 48th Street","y":2021,"k":"more housing allowed","un":0.0,"upa":0.0,"ac":0.63,"t":false},"geometry":{"type":"Polygon","coordinates":[[[-73.98073,40.62907],[-73.98043,40.62889],[-73.98099,40.62832],[-73.98129,40.6285],[-73.98073,40.62907]]]}},{"type":"Feature","properties":{"u":"100421zmq","n":"VERNON BOULEVARD REZONING","y":2019,"k":"more housing allowed","un":0.0,"upa":0.0,"ac":2.86,"t":false},"geometry":{"type":"Polygon","coordinates":[[[-73.93595,40.76759],[-73.93682,40.76619],[-73.93764,40.76648],[-73.93709,40.76737],[-73.93619,40.7677],[-73.93595,40.76759]]]}},{"type":"Feature","properties":{"u":"960468zmm","n":"BRADHURST URA","y":1997,"k":"unclassified","un":0.0,"upa":0.0,"ac":1.92,"t":true},"geometry":{"type":"Polygon","coordinates":[[[-73.94322,40.82265],[-73.94293,40.82301],[-73.94205,40.82302],[-73.9416,40.82283],[-73.94209,40.82219],[-73.94322,40.82265]]]}},{"type":"Feature","properties":{"u":"060545zmk","n":"AM&G WATERPROOFING II","y":2007,"k":"unclassified","un":0.0,"upa":0.0,"ac":1.0,"t":true},"geometry":{"type":"Polygon","coordinates":[[[-73.91647,40.67658],[-73.91576,40.67655],[-73.9158,40.67581],[-73.91608,40.67582],[-73.91606,40.67605],[-73.91652,40.67607],[-73.91647,40.67658]]]}},{"type":"Feature","properties":{"u":"240223zmq","n":"42-11 30th Avenue Rezoning","y":2025,"k":"more housing allowed","un":0.0,"upa":0.0,"ac":1.14,"t":false},"geometry":{"type":"Polygon","coordinates":[[[-73.91303,40.7636],[-73.91224,40.76322],[-73.9126,40.76277],[-73.9134,40.76315],[-73.91303,40.7636]]]}},{"type":"Feature","properties":{"u":"160033zmq","n":"Seagirt Blvd. Rezoning","y":2016,"k":"unclassified","un":0.0,"upa":0.0,"ac":1.06,"t":false},"geometry":{"type":"Polygon","coordinates":[[[-73.74587,40.59628],[-73.74583,40.59609],[-73.74712,40.59565],[-73.74713,40.59617],[-73.74587,40.59628]]]}},{"type":"Feature","properties":{"u":"160309zmm","n":"550 Washington St- Special Hudson River Park District","y":2016,"k":"unclassified","un":0.0,"upa":0.0,"ac":37.4,"t":false},"geometry":{"type":"MultiPolygon","coordinates":[[[[-74.01082,40.73086],[-74.01116,40.72732],[-74.01504,40.72761],[-74.01436,40.73112],[-74.01082,40.73086]]],[[[-74.00921,40.72971],[-74.00968,40.72728],[-74.01073,40.72735],[-74.01049,40.72983],[-74.00921,40.72971]]]]}},{"type":"Feature","properties":{"u":"200203zmm","n":"2840 Knapp Street Rezoning","y":2021,"k":"more housing allowed","un":0.0,"upa":0.0,"ac":2.64,"t":false},"geometry":{"type":"Polygon","coordinates":[[[-73.93139,40.58607],[-73.93122,40.58518],[-73.93222,40.58507],[-73.93247,40.58637],[-73.93139,40.58607]]]}},{"type":"Feature","properties":{"u":"070137zmm","n":"PHIPPS PLAZA SO","y":2009,"k":"unclassified","un":0.0,"upa":0.0,"ac":2.81,"t":true},"geometry":{"type":"Polygon","coordinates":[[[-73.97892,40.73955],[-73.98009,40.73797],[-73.98067,40.73822],[-73.97952,40.73979],[-73.97892,40.73955]]]}},{"type":"Feature","properties":{"u":"890070zmx","n":"MILEA TRUCKS","y":1990,"k":"unclassified","un":0.0,"upa":0.0,"ac":1.97,"t":true},"geometry":{"type":"Polygon","coordinates":[[[-73.90368,40.81184],[-73.90193,40.81233],[-73.90169,40.81193],[-73.90316,40.81144],[-73.90368,40.81184]]]}},{"type":"Feature","properties":{"u":"040446zmq","n":"BROOKVILLE REZONING","y":2004,"k":"density lowered","un":0.0,"upa":0.0,"ac":7.99,"t":true},"geometry":{"type":"Polygon","coordinates":[[[-73.75212,40.66108],[-73.7533,40.65924],[-73.75413,40.65955],[-73.75389,40.65992],[-73.75474,40.66025],[-73.7538,40.66171],[-73.75212,40.66108]]]}},{"type":"Feature","properties":{"u":"790065zmq","n":"N/O RIVERSIDE DR,E/O 155 PL IN WHIT","y":1979,"k":"unclassified","un":0.0,"upa":0.0,"ac":7.28,"t":true},"geometry":{"type":"Polygon","coordinates":[[[-73.80687,40.79539],[-73.80653,40.79783],[-73.8052,40.79761],[-73.80562,40.79527],[-73.80687,40.79539]]]}},{"type":"Feature","properties":{"u":"770522zmr","n":"120 AVE,SUTPHIN BLVD,ROCKAWAY BLVD","y":1978,"k":"unclassified","un":0.0,"upa":0.0,"ac":2.21,"t":true},"geometry":{"type":"MultiPolygon","coordinates":[[[[-74.1082,40.57925],[-74.10891,40.57962],[-74.10845,40.57997],[-74.10787,40.57959],[-74.1082,40.57925]]],[[[-74.11082,40.57975],[-74.11053,40.5801],[-74.11001,40.57984],[-74.11035,40.5795],[-74.11082,40.57975]]],[[[-74.10852,40.57902],[-74.10891,40.5787],[-74.10924,40.5789],[-74.1088,40.57922],[-74.10852,40.57902]]],[[[-74.10863,40.57892],[-74.1082,40.57925],[-74.10796,40.5791],[-74.10838,40.57877],[-74.10863,40.57892]]]]}},{"type":"Feature","properties":{"u":"960619zmq","n":"SKYLINE II REZONING","y":1996,"k":"unclassified","un":0.0,"upa":0.0,"ac":19.5,"t":true},"geometry":{"type":"Polygon","coordinates":[[[-73.85481,40.77835],[-73.84799,40.77831],[-73.84804,40.77692],[-73.85419,40.77713],[-73.85481,40.77835]]]}},{"type":"Feature","properties":{"u":"841073zmq","n":"DNTR TIRE, INC","y":1985,"k":"unclassified","un":0.0,"upa":0.0,"ac":2.49,"t":true},"geometry":{"type":"Polygon","coordinates":[[[-73.77776,40.68053],[-73.77664,40.6809],[-73.77613,40.68011],[-73.77724,40.67974],[-73.77776,40.68053]]]}},{"type":"Feature","properties":{"u":"220274zmq","n":"Reform Temple of Forest Hills Rezoning","y":2023,"k":"more housing allowed","un":0.0,"upa":0.0,"ac":1.24,"t":false},"geometry":{"type":"Polygon","coordinates":[[[-73.83932,40.72299],[-73.83863,40.72318],[-73.83829,40.72251],[-73.83899,40.72231],[-73.83932,40.72299]]]}},{"type":"Feature","properties":{"u":"230241zmm","n":"East 94th Street Rezoning","y":2024,"k":"more housing allowed","un":0.0,"upa":0.0,"ac":1.09,"t":false},"geometry":{"type":"Polygon","coordinates":[[[-73.94973,40.78367],[-73.9495,40.78398],[-73.94836,40.7835],[-73.94859,40.78318],[-73.94973,40.78367]]]}},{"type":"Feature","properties":{"u":"170162zmq","n":"74-04 Northern Boulevard Rezoning","y":2017,"k":"more housing allowed","un":0.0,"upa":0.0,"ac":0.88,"t":false},"geometry":{"type":"Polygon","coordinates":[[[-73.89188,40.75488],[-73.89181,40.75448],[-73.89273,40.75438],[-73.89281,40.75479],[-73.89188,40.75488]]]}},{"type":"Feature","properties":{"u":"240386zmm","n":"The Beacon","y":2025,"k":"more housing allowed","un":0.0,"upa":0.0,"ac":1.39,"t":false},"geometry":{"type":"Polygon","coordinates":[[[-73.93305,40.79841],[-73.93265,40.79896],[-73.93182,40.79861],[-73.93222,40.79805],[-73.93305,40.79841]]]}},{"type":"Feature","properties":{"u":"860184zmm","n":"S/S/O 26TH ST BET 11TH AVE & 12TH A","y":1986,"k":"unclassified","un":0.0,"upa":0.0,"ac":5.02,"t":true},"geometry":{"type":"Polygon","coordinates":[[[-74.00796,40.75121],[-74.00762,40.75202],[-74.00527,40.75104],[-74.00582,40.75029],[-74.00796,40.75121]]]}},{"type":"Feature","properties":{"u":"790440zmq","n":"IMPERIAL PLAZA","y":1987,"k":"unclassified","un":0.0,"upa":0.0,"ac":3.67,"t":true},"geometry":{"type":"Polygon","coordinates":[[[-73.83262,40.71393],[-73.83142,40.71462],[-73.83045,40.71392],[-73.83162,40.71316],[-73.83262,40.71393]]]}},{"type":"Feature","properties":{"u":"220250zmq","n":"97-27 57 Avenue Commercial Overlay","y":2023,"k":"unclassified","un":0.0,"upa":0.0,"ac":1.25,"t":false},"geometry":{"type":"Polygon","coordinates":[[[-73.86318,40.73743],[-73.86342,40.73803],[-73.86251,40.73821],[-73.8623,40.7377],[-73.86318,40.73743]]]}},{"type":"Feature","properties":{"u":"010547zmm","n":"MEMORIAL SLOAN-KETTERING CANCER CTR","y":2001,"k":"unclassified","un":0.0,"upa":0.0,"ac":5.55,"t":true},"geometry":{"type":"Polygon","coordinates":[[[-73.95799,40.76432],[-73.95715,40.7655],[-73.95559,40.76499],[-73.95639,40.76389],[-73.95638,40.76364],[-73.95799,40.76432]]]}},{"type":"Feature","properties":{"u":"240075zmq","n":"80-01 Broadway Commercial Overlay","y":2024,"k":"unclassified","un":0.0,"upa":0.0,"ac":1.2,"t":false},"geometry":{"type":"Polygon","coordinates":[[[-73.88486,40.74433],[-73.88371,40.74376],[-73.88396,40.74344],[-73.8851,40.74398],[-73.88486,40.74433]]]}},{"type":"Feature","properties":{"u":"960498zmm","n":"HERALD CENTER/1292-1311 BDWAY","y":1997,"k":"unclassified","un":0.0,"upa":0.0,"ac":2.05,"t":true},"geometry":{"type":"Polygon","coordinates":[[[-73.989,40.74958],[-73.98847,40.75033],[-73.98768,40.75004],[-73.98811,40.74918],[-73.989,40.74958]]]}},{"type":"Feature","properties":{"u":"040270zmm","n":"145TH ST CORNERSTONE PROJECT","y":2004,"k":"unclassified","un":0.0,"upa":0.0,"ac":3.45,"t":true},"geometry":{"type":"Polygon","coordinates":[[[-73.9424,40.82412],[-73.94115,40.82358],[-73.94181,40.82269],[-73.94309,40.82323],[-73.9424,40.82412]]]}},{"type":"Feature","properties":{"u":"150101zmm","n":"Special West Chelsea Expansion","y":2015,"k":"unclassified","un":0.0,"upa":0.0,"ac":4.01,"t":false},"geometry":{"type":"Polygon","coordinates":[[[-74.00771,40.74284],[-74.00486,40.74165],[-74.00509,40.74134],[-74.00676,40.74204],[-74.00704,40.74166],[-74.00821,40.74215],[-74.00771,40.74284]]]}},{"type":"Feature","properties":{"u":"050060zmx","n":"NUEVA ERA APARTMENTS","y":2004,"k":"unclassified","un":0.0,"upa":0.0,"ac":4.9,"t":true},"geometry":{"type":"Polygon","coordinates":[[[-73.92048,40.82191],[-73.92144,40.82002],[-73.92298,40.82037],[-73.92089,40.82203],[-73.92048,40.82191]]]}},{"type":"Feature","properties":{"u":"060419zmq","n":"SOUTH CONDUIT REZONING","y":2009,"k":"unclassified","un":0.0,"upa":0.0,"ac":0.87,"t":true},"geometry":{"type":"Polygon","coordinates":[[[-73.74817,40.6655],[-73.74751,40.66548],[-73.74715,40.66496],[-73.7479,40.66496],[-73.74817,40.6655]]]}},{"type":"Feature","properties":{"u":"170178zmr","n":"3122-3136 Victory Boulevard","y":2018,"k":"unclassified","un":0.0,"upa":0.0,"ac":1.66,"t":false},"geometry":{"type":"Polygon","coordinates":[[[-74.16242,40.6072],[-74.16233,40.6067],[-74.16374,40.60654],[-74.16383,40.60704],[-74.16242,40.6072]]]}},{"type":"Feature","properties":{"u":"920123zmx","n":"3060 E. TREMONT REZONING","y":1993,"k":"unclassified","un":0.0,"upa":0.0,"ac":1.89,"t":true},"geometry":{"type":"Polygon","coordinates":[[[-73.83812,40.83972],[-73.83773,40.83998],[-73.83636,40.83881],[-73.83676,40.83856],[-73.83812,40.83972]]]}},{"type":"Feature","properties":{"u":"180201zmm","n":"E 14th Street & Irving Place (PC Richards)","y":2018,"k":"more housing allowed","un":0.0,"upa":0.0,"ac":1.21,"t":false},"geometry":{"type":"Polygon","coordinates":[[[-73.98833,40.73379],[-73.98883,40.7331],[-73.98941,40.73335],[-73.98892,40.73403],[-73.98833,40.73379]]]}},{"type":"Feature","properties":{"u":"800183zmx","n":"937-949 HOE AVE BET 163RD ST & ALDU","y":1980,"k":"unclassified","un":0.0,"upa":0.0,"ac":1.34,"t":true},"geometry":{"type":"Polygon","coordinates":[[[-73.89068,40.82228],[-73.88976,40.82229],[-73.88974,40.8217],[-73.89066,40.82162],[-73.89068,40.82228]]]}},{"type":"Feature","properties":{"u":"760043zmx","n":"CITY ISLAND AVE,REYNOLD,MARINE STS","y":1977,"k":"unclassified","un":0.0,"upa":0.0,"ac":2.99,"t":true},"geometry":{"type":"MultiPolygon","coordinates":[[[[-73.78555,40.84161],[-73.78496,40.84172],[-73.7845,40.84046],[-73.7851,40.84033],[-73.78555,40.84161]]],[[[-73.78758,40.84902],[-73.78689,40.84917],[-73.78662,40.84853],[-73.78731,40.84838],[-73.78758,40.84902]]]]}},{"type":"Feature","properties":{"u":"220080zmk","n":"150 Mill Street Rezoning","y":2024,"k":"unclassified","un":0.0,"upa":0.0,"ac":0.96,"t":false},"geometry":{"type":"Polygon","coordinates":[[[-74.00136,40.67467],[-74.0012,40.675],[-74.00072,40.67486],[-74.00018,40.67398],[-74.00061,40.6741],[-74.00088,40.67454],[-74.00136,40.67467]]]}},{"type":"Feature","properties":{"u":"130279zmr","n":"Charleston Mixed Use Development","y":2013,"k":"unclassified","un":0.0,"upa":0.0,"ac":16.17,"t":false},"geometry":{"type":"Polygon","coordinates":[[[-74.23489,40.53366],[-74.22993,40.53307],[-74.23006,40.53186],[-74.23223,40.53206],[-74.23228,40.53185],[-74.23483,40.53201],[-74.2348,40.5326],[-74.23499,40.53262],[-74.23489,40.53366]]]}},{"type":"Feature","properties":{"u":"220429zmk","n":"Livonia4","y":2022,"k":"more housing allowed","un":0.0,"upa":0.0,"ac":3.03,"t":false},"geometry":{"type":"Polygon","coordinates":[[[-73.90518,40.66312],[-73.90238,40.66353],[-73.90221,40.6629],[-73.90314,40.66277],[-73.90321,40.66303],[-73.90508,40.66275],[-73.90518,40.66312]]]}},{"type":"Feature","properties":{"u":"960471zmq","n":"QUEENSBORO SEVENTH DAY ADVENTISTS","y":1996,"k":"unclassified","un":0.0,"upa":0.0,"ac":1.44,"t":true},"geometry":{"type":"Polygon","coordinates":[[[-73.73244,40.71875],[-73.73179,40.71889],[-73.73154,40.71793],[-73.73216,40.71785],[-73.73244,40.71875]]]}},{"type":"Feature","properties":{"u":"210391zmx","n":"1930 Adee Avenue Rezoning","y":2022,"k":"more housing allowed","un":0.0,"upa":0.0,"ac":0.63,"t":false},"geometry":{"type":"Polygon","coordinates":[[[-73.83479,40.87162],[-73.8356,40.87136],[-73.83575,40.87165],[-73.83493,40.87191],[-73.83479,40.87162]]]}},{"type":"Feature","properties":{"u":"110118zmk","n":"20-30 CARROLL STREET REZONING","y":2011,"k":"unclassified","un":0.0,"upa":0.0,"ac":0.74,"t":false},"geometry":{"type":"Polygon","coordinates":[[[-74.00533,40.68353],[-74.00453,40.6833],[-74.00467,40.68295],[-74.00548,40.68316],[-74.00533,40.68353]]]}},{"type":"Feature","properties":{"u":"220050zmq","n":"35-01 Vernon Boulevard Rezoning","y":2022,"k":"more housing allowed","un":0.0,"upa":0.0,"ac":1.3,"t":false},"geometry":{"type":"Polygon","coordinates":[[[-73.94054,40.76343],[-73.94087,40.7629],[-73.94172,40.76321],[-73.94139,40.76374],[-73.94054,40.76343]]]}},{"type":"Feature","properties":{"u":"230052zmq","n":"61-10 Queens Blvd Rezoning","y":2023,"k":"unclassified","un":0.0,"upa":0.0,"ac":5.83,"t":false},"geometry":{"type":"Polygon","coordinates":[[[-73.90632,40.74173],[-73.9026,40.7413],[-73.90286,40.74064],[-73.90638,40.74104],[-73.90632,40.74173]]]}},{"type":"Feature","properties":{"u":"790347zmq","n":"MARRIOTT HOTEL","y":1979,"k":"unclassified","un":0.0,"upa":0.0,"ac":12.17,"t":true},"geometry":{"type":"Polygon","coordinates":[[[-73.8693,40.76946],[-73.86798,40.77047],[-73.8648,40.76788],[-73.86567,40.76739],[-73.8693,40.76946]]]}},{"type":"Feature","properties":{"u":"170240zmk","n":"Sea Park North Rezoning","y":2018,"k":"more housing allowed","un":0.0,"upa":0.0,"ac":4.42,"t":false},"geometry":{"type":"Polygon","coordinates":[[[-73.99475,40.57789],[-73.99432,40.57558],[-73.99538,40.57546],[-73.99553,40.57625],[-73.99499,40.5763],[-73.99519,40.5774],[-73.99573,40.57734],[-73.99581,40.57777],[-73.99475,40.57789]]]}},{"type":"Feature","properties":{"u":"180292zmk","n":"2 Howard Avenue Rezoning","y":2019,"k":"more housing allowed","un":0.0,"upa":0.0,"ac":0.8,"t":false},"geometry":{"type":"Polygon","coordinates":[[[-73.92166,40.6888],[-73.92119,40.68885],[-73.92105,40.68812],[-73.92151,40.68807],[-73.92166,40.6888]]]}},{"type":"Feature","properties":{"u":"210164zmq","n":"103-16 Van Wyck Expressway Rezoning","y":2021,"k":"more housing allowed","un":0.0,"upa":0.0,"ac":0.8,"t":false},"geometry":{"type":"Polygon","coordinates":[[[-73.81122,40.69138],[-73.81007,40.69167],[-73.80994,40.69144],[-73.81106,40.69108],[-73.81122,40.69138]]]}},{"type":"Feature","properties":{"u":"820256zmm","n":"243 RIVERSIDE DRIVE","y":1982,"k":"unclassified","un":0.0,"upa":0.0,"ac":0.37,"t":true},"geometry":{"type":"Polygon","coordinates":[[[-73.97469,40.79617],[-73.97423,40.79647],[-73.97399,40.79637],[-73.97432,40.79598],[-73.97469,40.79617]]]}},{"type":"Feature","properties":{"u":"230258zmk","n":"712 Myrtle Avenue","y":2024,"k":"more housing allowed","un":0.0,"upa":0.0,"ac":0.78,"t":false},"geometry":{"type":"Polygon","coordinates":[[[-73.95519,40.6947],[-73.95429,40.6948],[-73.95422,40.69444],[-73.95512,40.69433],[-73.95519,40.6947]]]}},{"type":"Feature","properties":{"u":"180148zmk","n":"1601 De Kalb Avenue Rezoning","y":2018,"k":"more housing allowed","un":0.0,"upa":0.0,"ac":2.16,"t":false},"geometry":{"type":"Polygon","coordinates":[[[-73.91996,40.70477],[-73.91923,40.70432],[-73.91999,40.70354],[-73.92076,40.70396],[-73.91996,40.70477]]]}},{"type":"Feature","properties":{"u":"960060zmm","n":"1829, 1835 FIRST AVE","y":1996,"k":"unclassified","un":0.0,"upa":0.0,"ac":0.73,"t":true},"geometry":{"type":"Polygon","coordinates":[[[-73.94618,40.78264],[-73.94592,40.78292],[-73.94514,40.78262],[-73.94536,40.78231],[-73.94618,40.78264]]]}},{"type":"Feature","properties":{"u":"000066zmr","n":"WEST SHORE RETAIL STORE","y":2000,"k":"unclassified","un":0.0,"upa":0.0,"ac":19.49,"t":true},"geometry":{"type":"Polygon","coordinates":[[[-74.22129,40.55059],[-74.22076,40.54918],[-74.21894,40.55047],[-74.22009,40.54921],[-74.22223,40.54569],[-74.22366,40.54903],[-74.22175,40.55014],[-74.22129,40.55059]]]}},{"type":"Feature","properties":{"u":"180085zmq","n":"Variety Boys and Girls Club Rezoning","y":2018,"k":"more housing allowed","un":0.0,"upa":0.0,"ac":2.08,"t":false},"geometry":{"type":"Polygon","coordinates":[[[-73.92847,40.76907],[-73.92768,40.7687],[-73.92836,40.76787],[-73.92914,40.76824],[-73.92847,40.76907]]]}},{"type":"Feature","properties":{"u":"200317zmk","n":"41 Summit Street","y":2022,"k":"unclassified","un":0.0,"upa":0.0,"ac":0.09,"t":false},"geometry":{"type":"MultiPolygon","coordinates":[[[[-74.00536,40.68277],[-74.0052,40.68311],[-74.0051,40.68308],[-74.00526,40.68275],[-74.00536,40.68277]]],[[[-74.00536,40.68277],[-74.00536,40.68277],[-74.00536,40.68277],[-74.00536,40.68277]]]]}},{"type":"Feature","properties":{"u":"200059zmk","n":"90 Sands Street","y":2020,"k":"more housing allowed","un":0.0,"upa":0.0,"ac":2.14,"t":false},"geometry":{"type":"Polygon","coordinates":[[[-73.98776,40.70022],[-73.98681,40.70021],[-73.98686,40.69923],[-73.98782,40.69926],[-73.98776,40.70022]]]}},{"type":"Feature","properties":{"u":"240104zmx","n":"438 Concord Avenue Rezoning","y":2025,"k":"more housing allowed","un":0.0,"upa":0.0,"ac":1.06,"t":false},"geometry":{"type":"Polygon","coordinates":[[[-73.9093,40.80987],[-73.90913,40.81034],[-73.90822,40.81015],[-73.90839,40.80968],[-73.9093,40.80987]]]}},{"type":"Feature","properties":{"u":"240369zmm","n":"SPARC Kips Bay","y":2025,"k":"more housing allowed","un":0.0,"upa":0.0,"ac":6.4,"t":false},"geometry":{"type":"Polygon","coordinates":[[[-73.97459,40.73692],[-73.9776,40.73818],[-73.97709,40.73888],[-73.9741,40.73763],[-73.97459,40.73692]]]}},{"type":"Feature","properties":{"u":"820779zmx","n":"41ST ST POLICE PRECINCT.","y":1985,"k":"unclassified","un":0.0,"upa":0.0,"ac":3.16,"t":true},"geometry":{"type":"Polygon","coordinates":[[[-73.89582,40.81635],[-73.89518,40.81701],[-73.89452,40.817],[-73.89392,40.81665],[-73.89479,40.81575],[-73.89582,40.81635]]]}},{"type":"Feature","properties":{"u":"780618zmm","n":"POWELL BLVD BET W136TH & W137TH STS","y":1979,"k":"unclassified","un":0.0,"upa":0.0,"ac":2.27,"t":true},"geometry":{"type":"Polygon","coordinates":[[[-73.94325,40.81607],[-73.94264,40.81685],[-73.94173,40.81647],[-73.94238,40.81567],[-73.94325,40.81607]]]}},{"type":"Feature","properties":{"u":"220312zmk","n":"Innovation Urban Village (ENY CCC)","y":2022,"k":"more housing allowed","un":0.0,"upa":0.0,"ac":13.03,"t":false},"geometry":{"type":"Polygon","coordinates":[[[-73.88629,40.65278],[-73.88567,40.65194],[-73.8874,40.65093],[-73.88708,40.6505],[-73.88838,40.64974],[-73.89001,40.65116],[-73.88629,40.65278]]]}},{"type":"Feature","properties":{"u":"210189zmq","n":"99-07 Astoria blvd. Rezoning","y":2022,"k":"unclassified","un":0.0,"upa":0.0,"ac":0.98,"t":false},"geometry":{"type":"Polygon","coordinates":[[[-73.87045,40.76213],[-73.86946,40.76273],[-73.86935,40.76194],[-73.87045,40.76213]]]}},{"type":"Feature","properties":{"u":"880749zmq","n":"SPITI HOUSING FOR THE ELDERLY","y":1989,"k":"unclassified","un":0.0,"upa":0.0,"ac":2.09,"t":true},"geometry":{"type":"Polygon","coordinates":[[[-73.93306,40.76497],[-73.93231,40.76572],[-73.93155,40.76529],[-73.93228,40.76452],[-73.93306,40.76497]]]}},{"type":"Feature","properties":{"u":"030129zmq","n":"EXCELSIOR RESID/GRAND CENTRAL PKWY","y":2009,"k":"unclassified","un":0.0,"upa":0.0,"ac":14.28,"t":true},"geometry":{"type":"Polygon","coordinates":[[[-73.72847,40.75105],[-73.72803,40.75098],[-73.72705,40.75135],[-73.72667,40.75171],[-73.72497,40.75028],[-73.7258,40.74939],[-73.72905,40.74916],[-73.72843,40.75039],[-73.72847,40.75105]]]}},{"type":"Feature","properties":{"u":"230012zmq","n":"42-18 31st Ave Rezoning","y":2023,"k":"more housing allowed","un":0.0,"upa":0.0,"ac":2.22,"t":false},"geometry":{"type":"Polygon","coordinates":[[[-73.91585,40.76015],[-73.9155,40.76058],[-73.9139,40.75982],[-73.91425,40.75939],[-73.91585,40.76015]]]}},{"type":"Feature","properties":{"u":"030325zmx","n":"FORDHAM UNIVERSITY PKG GARAGE","y":2003,"k":"unclassified","un":0.0,"upa":0.0,"ac":9.23,"t":true},"geometry":{"type":"Polygon","coordinates":[[[-73.8819,40.85998],[-73.88071,40.85938],[-73.88118,40.85809],[-73.8818,40.85741],[-73.88355,40.858],[-73.8819,40.85998]]]}},{"type":"Feature","properties":{"u":"850617zmm","n":"ENZO BIOCHEM","y":1985,"k":"unclassified","un":0.0,"upa":0.0,"ac":2.61,"t":true},"geometry":{"type":"Polygon","coordinates":[[[-73.97634,40.7401],[-73.97545,40.74134],[-73.97475,40.74105],[-73.97564,40.7398],[-73.97634,40.7401]]]}},{"type":"Feature","properties":{"u":"070235zmm","n":"E HARLEM SALT STORAGE FACILITY","y":2007,"k":"unclassified","un":0.0,"upa":0.0,"ac":5.27,"t":true},"geometry":{"type":"Polygon","coordinates":[[[-73.9312,40.80176],[-73.93029,40.80136],[-73.93004,40.80101],[-73.9299,40.79977],[-73.93197,40.80072],[-73.9312,40.80176]]]}},{"type":"Feature","properties":{"u":"230206zmm","n":"135th Street Rezoning","y":2024,"k":"more housing allowed","un":0.0,"upa":0.0,"ac":1.02,"t":false},"geometry":{"type":"Polygon","coordinates":[[[-73.95802,40.82135],[-73.95829,40.82147],[-73.95795,40.82185],[-73.95733,40.82236],[-73.95708,40.82225],[-73.95802,40.82135]]]}},{"type":"Feature","properties":{"u":"900240zmm","n":"B. ALTMAN'S DEPT STORE","y":1990,"k":"unclassified","un":0.0,"upa":0.0,"ac":1.87,"t":true},"geometry":{"type":"Polygon","coordinates":[[[-73.98464,40.74848],[-73.98408,40.74928],[-73.98333,40.74891],[-73.98391,40.74811],[-73.98464,40.74848]]]}},{"type":"Feature","properties":{"u":"920662zmm","n":"UPPER PARK AVE REZONING","y":1993,"k":"unclassified","un":0.0,"upa":0.0,"ac":4.83,"t":true},"geometry":{"type":"Polygon","coordinates":[[[-73.9413,40.80153],[-73.93945,40.8041],[-73.93882,40.80383],[-73.94071,40.80125],[-73.9413,40.80153]]]}},{"type":"Feature","properties":{"u":"130279zmr","n":"Charleston Mixed Use Development","y":2013,"k":"unclassified","un":0.0,"upa":0.0,"ac":11.72,"t":false},"geometry":{"type":"Polygon","coordinates":[[[-74.23271,40.53136],[-74.22969,40.53113],[-74.22983,40.52974],[-74.23113,40.52952],[-74.23288,40.52963],[-74.23271,40.53136]]]}},{"type":"Feature","properties":{"u":"220062zmk","n":"Ring River","y":2021,"k":"more housing allowed","un":0.0,"upa":0.0,"ac":11.67,"t":false},"geometry":{"type":"Polygon","coordinates":[[[-73.96651,40.71956],[-73.96413,40.71808],[-73.96525,40.71704],[-73.96641,40.71761],[-73.96709,40.71692],[-73.96788,40.71734],[-73.96651,40.71956]]]}},{"type":"Feature","properties":{"u":"180393zmk","n":"Caton Park Nursing Home Rezoning","y":2019,"k":"more housing allowed","un":0.0,"upa":0.0,"ac":0.58,"t":false},"geometry":{"type":"Polygon","coordinates":[[[-73.96703,40.64996],[-73.96692,40.64937],[-73.96738,40.64932],[-73.96747,40.64978],[-73.96703,40.64996]]]}},{"type":"Feature","properties":{"u":"220470zmk","n":"Paperific Rezoning","y":2023,"k":"more housing allowed","un":0.0,"upa":0.0,"ac":2.37,"t":false},"geometry":{"type":"Polygon","coordinates":[[[-73.98271,40.63939],[-73.98245,40.63964],[-73.98191,40.63932],[-73.98159,40.63963],[-73.98072,40.6391],[-73.98131,40.63853],[-73.98271,40.63939]]]}},{"type":"Feature","properties":{"u":"090466zmq","n":"119-03 SPRINGFIELD BLVD","y":2012,"k":"unclassified","un":0.0,"upa":0.0,"ac":1.08,"t":false},"geometry":{"type":"Polygon","coordinates":[[[-73.74511,40.69279],[-73.74449,40.69263],[-73.74429,40.69233],[-73.74452,40.69204],[-73.74539,40.69241],[-73.74511,40.69279]]]}},{"type":"Feature","properties":{"u":"010668zmq","n":"HARVARD LANGUAGE CENTER","y":2002,"k":"unclassified","un":0.0,"upa":0.0,"ac":0.55,"t":true},"geometry":{"type":"Polygon","coordinates":[[[-73.88893,40.74619],[-73.88884,40.74563],[-73.88957,40.74595],[-73.88958,40.7461],[-73.88893,40.74619]]]}},{"type":"Feature","properties":{"u":"110218zmr","n":"VETERANS ROAD WEST","y":2012,"k":"unclassified","un":0.0,"upa":0.0,"ac":4.37,"t":false},"geometry":{"type":"Polygon","coordinates":[[[-74.23572,40.52801],[-74.23574,40.52945],[-74.2339,40.52946],[-74.235,40.52797],[-74.23572,40.52801]]]}},{"type":"Feature","properties":{"u":"861003zmq","n":"WOODHAVEN BLVD REZONING","y":1987,"k":"unclassified","un":0.0,"upa":0.0,"ac":3.05,"t":true},"geometry":{"type":"Polygon","coordinates":[[[-73.8625,40.70735],[-73.86033,40.70845],[-73.85995,40.70803],[-73.86155,40.70718],[-73.8623,40.70707],[-73.8625,40.70735]]]}},{"type":"Feature","properties":{"u":"200306zmk","n":"307 Kent Ave","y":2021,"k":"more housing allowed","un":0.0,"upa":0.0,"ac":1.72,"t":false},"geometry":{"type":"Polygon","coordinates":[[[-73.96632,40.71371],[-73.96714,40.71393],[-73.96677,40.71474],[-73.96596,40.71451],[-73.96632,40.71371]]]}},{"type":"Feature","properties":{"u":"820192zmx","n":"SOUTHEAST CORNER OF E149 ST TIMPSON","y":1982,"k":"unclassified","un":0.0,"upa":0.0,"ac":2.03,"t":true},"geometry":{"type":"Polygon","coordinates":[[[-73.90325,40.81154],[-73.90172,40.81202],[-73.90149,40.81151],[-73.90302,40.81104],[-73.90325,40.81154]]]}},{"type":"Feature","properties":{"u":"102108zmk","n":"MILL BASIN","y":2012,"k":"unclassified","un":0.0,"upa":0.0,"ac":7.45,"t":false},"geometry":{"type":"Polygon","coordinates":[[[-73.91211,40.60033],[-73.91422,40.60222],[-73.91381,40.60249],[-73.91355,40.60226],[-73.91195,40.6021],[-73.91087,40.60113],[-73.91211,40.60033]]]}},{"type":"Feature","properties":{"u":"030289zmk","n":"GOLD ST REZONING","y":2004,"k":"unclassified","un":0.0,"upa":0.0,"ac":0.75,"t":true},"geometry":{"type":"Polygon","coordinates":[[[-73.98274,40.70181],[-73.98271,40.70238],[-73.98214,40.70237],[-73.98218,40.70178],[-73.98274,40.70181]]]}},{"type":"Feature","properties":{"u":"060271zmk","n":"COMMERCE BANK-99TH ST","y":2007,"k":"unclassified","un":0.0,"upa":0.0,"ac":1.09,"t":true},"geometry":{"type":"Polygon","coordinates":[[[-74.03393,40.61379],[-74.03337,40.61352],[-74.03384,40.61292],[-74.03442,40.61322],[-74.03393,40.61379]]]}},{"type":"Feature","properties":{"u":"010471zmx","n":"KINGS HARBOR MULTICARE CENTER","y":2002,"k":"unclassified","un":0.0,"upa":0.0,"ac":5.42,"t":true},"geometry":{"type":"Polygon","coordinates":[[[-73.83172,40.86066],[-73.82989,40.86126],[-73.82912,40.85986],[-73.83012,40.8595],[-73.83039,40.86007],[-73.83084,40.85994],[-73.83104,40.8603],[-73.83143,40.86016],[-73.83172,40.86066]]]}},{"type":"Feature","properties":{"u":"960476zmq","n":"ELIAS RESTAURANT REZONING","y":1997,"k":"unclassified","un":0.0,"upa":0.0,"ac":1.76,"t":true},"geometry":{"type":"Polygon","coordinates":[[[-73.91681,40.77249],[-73.91628,40.77292],[-73.91532,40.77227],[-73.91586,40.77184],[-73.91681,40.77249]]]}},{"type":"Feature","properties":{"u":"880506zmm","n":"MANHATTAN WEST","y":1990,"k":"unclassified","un":0.0,"upa":0.0,"ac":6.52,"t":true},"geometry":{"type":"Polygon","coordinates":[[[-73.98988,40.77339],[-73.98947,40.77562],[-73.98783,40.77492],[-73.98921,40.77305],[-73.98988,40.77339]]]}},{"type":"Feature","properties":{"u":"180399zmq","n":"76th Drive and Austin Place Rezoning","y":2019,"k":"unclassified","un":0.0,"upa":0.0,"ac":0.96,"t":false},"geometry":{"type":"Polygon","coordinates":[[[-73.83623,40.71521],[-73.8359,40.71545],[-73.83514,40.71486],[-73.83553,40.71457],[-73.83623,40.71521]]]}},{"type":"Feature","properties":{"u":"010689zmm","n":"500 WEST 56TH STREET","y":2001,"k":"unclassified","un":0.0,"upa":0.0,"ac":1.1,"t":true},"geometry":{"type":"Polygon","coordinates":[[[-73.98985,40.76891],[-73.98932,40.7687],[-73.98987,40.76799],[-73.99036,40.76819],[-73.98985,40.76891]]]}},{"type":"Feature","properties":{"u":"840631zmk","n":"FAEMART","y":1984,"k":"unclassified","un":0.0,"upa":0.0,"ac":6.46,"t":true},"geometry":{"type":"Polygon","coordinates":[[[-73.93157,40.5884],[-73.92979,40.58864],[-73.9286,40.58751],[-73.93137,40.58724],[-73.93157,40.5884]]]}},{"type":"Feature","properties":{"u":"930074zmk","n":"SITE 34D & 60A/CONEY IS. I URA","y":1993,"k":"unclassified","un":0.0,"upa":0.0,"ac":1.72,"t":true},"geometry":{"type":"MultiPolygon","coordinates":[[[[-73.98465,40.57592],[-73.98556,40.57581],[-73.98565,40.5762],[-73.98472,40.57631],[-73.98465,40.57592]]],[[[-73.99549,40.576],[-73.99629,40.57593],[-73.99636,40.57638],[-73.99556,40.57645],[-73.99549,40.576]]]]}},{"type":"Feature","properties":{"u":"810301zmr","n":"S/S ARLINGTON PL BET HOLLAND & NORT","y":1983,"k":"unclassified","un":0.0,"upa":0.0,"ac":19.48,"t":true},"geometry":{"type":"Polygon","coordinates":[[[-74.17149,40.63617],[-74.16822,40.63608],[-74.16827,40.63384],[-74.16937,40.63345],[-74.17139,40.6334],[-74.17149,40.63617]]]}},{"type":"Feature","properties":{"u":"230293zmk","n":"500 Kent Avenue","y":2024,"k":"unclassified","un":0.0,"upa":0.0,"ac":3.16,"t":false},"geometry":{"type":"Polygon","coordinates":[[[-73.968,40.70584],[-73.96927,40.70553],[-73.96938,40.70709],[-73.96838,40.70686],[-73.968,40.70584]]]}},{"type":"Feature","properties":{"u":"840055zmq","n":"EAST SOUTH BOUND WEST WINCHESTER BL","y":1984,"k":"unclassified","un":0.0,"upa":0.0,"ac":2.57,"t":true},"geometry":{"type":"Polygon","coordinates":[[[-73.73471,40.74375],[-73.73383,40.7445],[-73.73307,40.74409],[-73.73417,40.74318],[-73.73471,40.74375]]]}},{"type":"Feature","properties":{"u":"170213zmk","n":"57 Caton Place Rezoning","y":2018,"k":"more housing allowed","un":0.0,"upa":0.0,"ac":1.22,"t":false},"geometry":{"type":"Polygon","coordinates":[[[-73.97335,40.65059],[-73.97276,40.64972],[-73.9731,40.64959],[-73.97336,40.64997],[-73.97361,40.64987],[-73.97394,40.65035],[-73.97335,40.65059]]]}},{"type":"Feature","properties":{"u":"220203zmx","n":"1810 Randall Avenue","y":2022,"k":"more housing allowed","un":0.0,"upa":0.0,"ac":1.12,"t":false},"geometry":{"type":"Polygon","coordinates":[[[-73.86278,40.81652],[-73.8629,40.81702],[-73.86198,40.81714],[-73.86186,40.81664],[-73.86278,40.81652]]]}},{"type":"Feature","properties":{"u":"190295zmk","n":"8118 13th Avenue Rezoning","y":2020,"k":"unclassified","un":0.0,"upa":0.0,"ac":0.7,"t":false},"geometry":{"type":"Polygon","coordinates":[[[-74.01207,40.61666],[-74.01171,40.61702],[-74.01119,40.6167],[-74.01155,40.61635],[-74.01207,40.61666]]]}},{"type":"Feature","properties":{"u":"110077zmr","n":"HYLAN BLVD REZONING","y":2012,"k":"unclassified","un":0.0,"upa":0.0,"ac":1.53,"t":false},"geometry":{"type":"Polygon","coordinates":[[[-74.14766,40.54173],[-74.14714,40.54107],[-74.14752,40.54061],[-74.1483,40.54099],[-74.14766,40.54173]]]}},{"type":"Feature","properties":{"u":"801058zmq","n":"89-00 23RD AVE","y":1988,"k":"unclassified","un":0.0,"upa":0.0,"ac":5.27,"t":true},"geometry":{"type":"Polygon","coordinates":[[[-73.88092,40.76784],[-73.87893,40.76808],[-73.87872,40.76712],[-73.87919,40.76651],[-73.87992,40.76655],[-73.88092,40.76784]]]}},{"type":"Feature","properties":{"u":"080482zmr","n":"WOODROW PLAZA","y":2011,"k":"unclassified","un":0.0,"upa":0.0,"ac":2.65,"t":false},"geometry":{"type":"Polygon","coordinates":[[[-74.2082,40.54227],[-74.20627,40.54242],[-74.20611,40.54185],[-74.20797,40.54168],[-74.2082,40.54227]]]}},{"type":"Feature","properties":{"u":"230381zmk","n":"396-400 Avenue X Rezoning","y":2024,"k":"more housing allowed","un":0.0,"upa":0.0,"ac":0.85,"t":false},"geometry":{"type":"Polygon","coordinates":[[[-73.96737,40.59047],[-73.9683,40.59037],[-73.96837,40.59076],[-73.96745,40.59086],[-73.96737,40.59047]]]}},{"type":"Feature","properties":{"u":"880817zmk","n":"SPRING CREEK","y":1988,"k":"unclassified","un":0.0,"upa":0.0,"ac":12.69,"t":true},"geometry":{"type":"Polygon","coordinates":[[[-73.86169,40.66818],[-73.85867,40.66858],[-73.85824,40.66682],[-73.86125,40.66643],[-73.86169,40.66818]]]}},{"type":"Feature","properties":{"u":"190158zmm","n":"Terence Cardinal Cooke Rezoning","y":2019,"k":"more housing allowed","un":0.0,"upa":0.0,"ac":2.13,"t":false},"geometry":{"type":"Polygon","coordinates":[[[-73.94951,40.79361],[-73.95,40.79294],[-73.95104,40.79338],[-73.95055,40.79406],[-73.94951,40.79361]]]}},{"type":"Feature","properties":{"u":"880955zmq","n":"MASPETH FEDERAL S & L PKG FACILITY","y":1990,"k":"unclassified","un":0.0,"upa":0.0,"ac":1.77,"t":true},"geometry":{"type":"Polygon","coordinates":[[[-73.8963,40.72599],[-73.89624,40.72685],[-73.89518,40.72683],[-73.8952,40.72652],[-73.89574,40.72601],[-73.8963,40.72599]]]}},{"type":"Feature","properties":{"u":"830492zmk","n":"49TH TO 50TH ST W/S/O 13TH AVE","y":1983,"k":"unclassified","un":0.0,"upa":0.0,"ac":2.06,"t":true},"geometry":{"type":"Polygon","coordinates":[[[-73.99351,40.63496],[-73.99284,40.63562],[-73.992,40.63512],[-73.99268,40.63446],[-73.99351,40.63496]]]}},{"type":"Feature","properties":{"u":"060303zmq","n":"NY HOSPITAL QUEENS EXPANSION","y":2006,"k":"unclassified","un":0.0,"upa":0.0,"ac":9.18,"t":true},"geometry":{"type":"Polygon","coordinates":[[[-73.82594,40.74862],[-73.82416,40.74829],[-73.82438,40.7461],[-73.82623,40.74665],[-73.82594,40.74862]]]}},{"type":"Feature","properties":{"u":"080186zmk","n":"BRISTOL ST","y":2008,"k":"unclassified","un":0.0,"upa":0.0,"ac":1.62,"t":true},"geometry":{"type":"Polygon","coordinates":[[[-73.91381,40.67027],[-73.91286,40.67042],[-73.91268,40.6697],[-73.91363,40.66957],[-73.91381,40.67027]]]}},{"type":"Feature","properties":{"u":"831771zmq","n":"BAYBRIDGE SHOPPING CENTER","y":1985,"k":"unclassified","un":0.0,"upa":0.0,"ac":3.99,"t":true},"geometry":{"type":"Polygon","coordinates":[[[-73.78683,40.78887],[-73.78471,40.78882],[-73.78472,40.788],[-73.78682,40.78806],[-73.78683,40.78887]]]}},{"type":"Feature","properties":{"u":"790136zmk","n":"BURGER KING REST","y":1979,"k":"unclassified","un":0.0,"upa":0.0,"ac":2.0,"t":true},"geometry":{"type":"Polygon","coordinates":[[[-73.86723,40.67629],[-73.86627,40.6759],[-73.86613,40.6752],[-73.86704,40.67508],[-73.86723,40.67629]]]}},{"type":"Feature","properties":{"u":"180229zmk","n":"895 Bedford Avenue Rezoning","y":2019,"k":"more housing allowed","un":0.0,"upa":0.0,"ac":0.68,"t":false},"geometry":{"type":"Polygon","coordinates":[[[-73.95493,40.69341],[-73.95487,40.69311],[-73.95583,40.693],[-73.95589,40.6933],[-73.95493,40.69341]]]}},{"type":"Feature","properties":{"u":"780279zmm","n":"E31TH & 32TH STS","y":1978,"k":"unclassified","un":0.0,"upa":0.0,"ac":3.16,"t":true},"geometry":{"type":"Polygon","coordinates":[[[-73.98123,40.74456],[-73.98077,40.74523],[-73.97916,40.74456],[-73.97961,40.7439],[-73.98123,40.74456]]]}},{"type":"Feature","properties":{"u":"970278zmr","n":"INTERNATIONAL CHRISTIAN CENTER","y":1997,"k":"unclassified","un":0.0,"upa":0.0,"ac":6.85,"t":true},"geometry":{"type":"Polygon","coordinates":[[[-74.1604,40.60968],[-74.15945,40.61179],[-74.15808,40.61132],[-74.15914,40.60947],[-74.1604,40.60968]]]}},{"type":"Feature","properties":{"u":"920044zmx","n":"EASTCHESTER RD REZONING","y":1994,"k":"unclassified","un":0.0,"upa":0.0,"ac":1.7,"t":true},"geometry":{"type":"Polygon","coordinates":[[[-73.84366,40.86226],[-73.84274,40.86224],[-73.84264,40.86147],[-73.84359,40.86146],[-73.84366,40.86226]]]}},{"type":"Feature","properties":{"u":"130120zmy","n":"RIVER PLAZA REZONING","y":2013,"k":"unclassified","un":0.0,"upa":0.0,"ac":13.95,"t":false},"geometry":{"type":"Polygon","coordinates":[[[-73.90969,40.87461],[-73.90855,40.87379],[-73.90615,40.87327],[-73.90697,40.8715],[-73.90865,40.87195],[-73.90917,40.8728],[-73.91047,40.87412],[-73.90969,40.87461]]]}},{"type":"Feature","properties":{"u":"930169zmq","n":"ROYAL FARMS SUPERMARKET EXPANSION","y":1994,"k":"unclassified","un":0.0,"upa":0.0,"ac":2.98,"t":true},"geometry":{"type":"Polygon","coordinates":[[[-73.79266,40.67926],[-73.79188,40.67946],[-73.79125,40.67791],[-73.79196,40.67771],[-73.79266,40.67926]]]}},{"type":"Feature","properties":{"u":"770481zmk","n":"120 AVE,SUTPHIN BLVD,ROCKAWAY BLVD","y":1978,"k":"unclassified","un":0.0,"upa":0.0,"ac":1.3,"t":true},"geometry":{"type":"Polygon","coordinates":[[[-73.9629,40.69081],[-73.96212,40.69089],[-73.96202,40.69015],[-73.96276,40.69009],[-73.9629,40.69081]]]}},{"type":"Feature","properties":{"u":"240184zmk","n":"Grace Houses","y":2025,"k":"more housing allowed","un":0.0,"upa":0.0,"ac":2.37,"t":false},"geometry":{"type":"Polygon","coordinates":[[[-73.89566,40.67325],[-73.89589,40.67414],[-73.8945,40.67434],[-73.89428,40.67345],[-73.89473,40.67339],[-73.89487,40.67393],[-73.89533,40.67386],[-73.89519,40.67332],[-73.89566,40.67325]]]}},{"type":"Feature","properties":{"u":"980319zmk","n":"THE HOME DEPOT","y":1999,"k":"unclassified","un":0.0,"upa":0.0,"ac":23.37,"t":true},"geometry":{"type":"Polygon","coordinates":[[[-73.98983,40.58086],[-73.98946,40.58211],[-73.98886,40.58313],[-73.98597,40.5829],[-73.98552,40.58136],[-73.98732,40.5798],[-73.98983,40.58086]]]}},{"type":"Feature","properties":{"u":"090342zmx","n":"SS ADMINISTRATION PARKING","y":2009,"k":"unclassified","un":0.0,"upa":0.0,"ac":1.92,"t":true},"geometry":{"type":"Polygon","coordinates":[[[-73.88673,40.84044],[-73.88619,40.84011],[-73.8866,40.83929],[-73.88754,40.83965],[-73.88673,40.84044]]]}},{"type":"Feature","properties":{"u":"000320zmq","n":"PATHMARK AGUILAR","y":2001,"k":"unclassified","un":0.0,"upa":0.0,"ac":2.41,"t":true},"geometry":{"type":"Polygon","coordinates":[[[-73.8132,40.72905],[-73.81221,40.729],[-73.81231,40.72793],[-73.81333,40.72797],[-73.8132,40.72905]]]}},{"type":"Feature","properties":{"u":"210098zmk","n":"1220 Avenue P Rezoning","y":2022,"k":"more housing allowed","un":0.0,"upa":0.0,"ac":1.56,"t":false},"geometry":{"type":"Polygon","coordinates":[[[-73.96184,40.61006],[-73.96044,40.61021],[-73.96035,40.6097],[-73.96176,40.60966],[-73.96184,40.61006]]]}},{"type":"Feature","properties":{"u":"160378zmr","n":"901 Manor Road","y":2017,"k":"unclassified","un":0.0,"upa":0.0,"ac":0.26,"t":false},"geometry":{"type":"Polygon","coordinates":[[[-74.12036,40.6049],[-74.12004,40.6049],[-74.12001,40.60455],[-74.12033,40.60455],[-74.12036,40.6049]]]}},{"type":"Feature","properties":{"u":"170029zmk","n":"50 Nevins Street Rezoning","y":2017,"k":"more housing allowed","un":0.0,"upa":0.0,"ac":0.37,"t":false},"geometry":{"type":"Polygon","coordinates":[[[-73.98181,40.68734],[-73.98203,40.68702],[-73.98243,40.68717],[-73.98221,40.68749],[-73.98181,40.68734]]]}},{"type":"Feature","properties":{"u":"000372zmr","n":"AKR RETAIL","y":2002,"k":"unclassified","un":0.0,"upa":0.0,"ac":1.79,"t":true},"geometry":{"type":"Polygon","coordinates":[[[-74.16685,40.56049],[-74.16599,40.56042],[-74.16577,40.55961],[-74.1666,40.55948],[-74.16685,40.56049]]]}},{"type":"Feature","properties":{"u":"030526zmq","n":"OCEAN BAY REZONING","y":2004,"k":"unclassified","un":0.0,"upa":0.0,"ac":4.11,"t":true},"geometry":{"type":"MultiPolygon","coordinates":[[[[-73.79113,40.59232],[-73.79121,40.593],[-73.7889,40.59292],[-73.78886,40.59247],[-73.79113,40.59232]]],[[[-73.78444,40.595],[-73.78362,40.59507],[-73.78354,40.59441],[-73.78433,40.59436],[-73.78444,40.595]]]]}},{"type":"Feature","properties":{"u":"210278zmk","n":"130 St. Felix Street","y":2021,"k":"more housing allowed","un":0.0,"upa":0.0,"ac":1.95,"t":false},"geometry":{"type":"Polygon","coordinates":[[[-73.97809,40.6859],[-73.97722,40.68622],[-73.97703,40.68521],[-73.97797,40.6851],[-73.97809,40.6859]]]}},{"type":"Feature","properties":{"u":"180209zmq","n":"NYPD 116th Precinct Rezoning","y":2018,"k":"unclassified","un":0.0,"upa":0.0,"ac":3.52,"t":false},"geometry":{"type":"Polygon","coordinates":[[[-73.73548,40.66659],[-73.73279,40.66659],[-73.73275,40.66603],[-73.73547,40.66602],[-73.73548,40.66659]]]}},{"type":"Feature","properties":{"u":"100457zmq","n":"154TH ST REZONING","y":2011,"k":"unclassified","un":0.0,"upa":0.0,"ac":1.66,"t":false},"geometry":{"type":"Polygon","coordinates":[[[-73.8078,40.79337],[-73.8071,40.79331],[-73.80723,40.79231],[-73.80795,40.79237],[-73.8078,40.79337]]]}},{"type":"Feature","properties":{"u":"040161zmk","n":"KINGS MATERIAL","y":2007,"k":"unclassified","un":0.0,"upa":0.0,"ac":1.23,"t":true},"geometry":{"type":"Polygon","coordinates":[[[-73.9813,40.63945],[-73.98072,40.6391],[-73.9813,40.63853],[-73.98188,40.63888],[-73.9813,40.63945]]]}},{"type":"Feature","properties":{"u":"130208zmm","n":"West 106th Street Rezoning","y":2014,"k":"unclassified","un":0.0,"upa":0.0,"ac":3.87,"t":false},"geometry":{"type":"Polygon","coordinates":[[[-73.96319,40.79938],[-73.96347,40.79901],[-73.9638,40.79911],[-73.9641,40.79881],[-73.96473,40.79907],[-73.96485,40.79954],[-73.96557,40.79989],[-73.9652,40.80031],[-73.96319,40.79938]]]}},{"type":"Feature","properties":{"u":"860464zmq","n":"B.53RD-B.54TH ST BET BEACH CHANNEL","y":1984,"k":"unclassified","un":0.0,"upa":0.0,"ac":5.51,"t":true},"geometry":{"type":"Polygon","coordinates":[[[-73.78438,40.59517],[-73.78335,40.59525],[-73.78312,40.59301],[-73.78409,40.59277],[-73.78438,40.59517]]]}},{"type":"Feature","properties":{"u":"190222zmk","n":"3513 Atlantic Avenue Rezoning","y":2019,"k":"unclassified","un":0.0,"upa":0.0,"ac":1.13,"t":false},"geometry":{"type":"Polygon","coordinates":[[[-73.86827,40.68299],[-73.86782,40.68305],[-73.86789,40.68334],[-73.86723,40.68343],[-73.86712,40.68296],[-73.86819,40.68266],[-73.86827,40.68299]]]}},{"type":"Feature","properties":{"u":"920149zmx","n":"CROSSTOWN DINER","y":1993,"k":"unclassified","un":0.0,"upa":0.0,"ac":0.51,"t":true},"geometry":{"type":"Polygon","coordinates":[[[-73.82907,40.83276],[-73.82866,40.83298],[-73.82834,40.83263],[-73.82877,40.8324],[-73.82907,40.83276]]]}},{"type":"Feature","properties":{"u":"090096zmk","n":"131-7 BERRY ST","y":2009,"k":"unclassified","un":0.0,"upa":0.0,"ac":0.42,"t":true},"geometry":{"type":"Polygon","coordinates":[[[-73.95931,40.71837],[-73.95901,40.71864],[-73.95862,40.71841],[-73.95892,40.71813],[-73.95931,40.71837]]]}},{"type":"Feature","properties":{"u":"210335zmk","n":"870-888 Atlantic Avenue Rezoning","y":2022,"k":"unclassified","un":0.0,"upa":0.0,"ac":1.54,"t":false},"geometry":{"type":"Polygon","coordinates":[[[-73.96669,40.68114],[-73.96652,40.68164],[-73.96529,40.68139],[-73.96547,40.68088],[-73.96669,40.68114]]]}},{"type":"Feature","properties":{"u":"990440zmm","n":"621 W48TH ST","y":2000,"k":"unclassified","un":0.0,"upa":0.0,"ac":4.69,"t":true},"geometry":{"type":"Polygon","coordinates":[[[-73.99708,40.76617],[-73.99496,40.76531],[-73.99549,40.76458],[-73.9976,40.76541],[-73.99708,40.76617]]]}},{"type":"Feature","properties":{"u":"110166zmq","n":"HANAC","y":2011,"k":"unclassified","un":0.0,"upa":0.0,"ac":0.41,"t":false},"geometry":{"type":"Polygon","coordinates":[[[-73.91969,40.77108],[-73.91896,40.77089],[-73.91921,40.77069],[-73.91979,40.77084],[-73.91969,40.77108]]]}},{"type":"Feature","properties":{"u":"020034zmq","n":"DIST 14 GARAGE & LOT CLEANING UNIT","y":2003,"k":"unclassified","un":0.0,"upa":0.0,"ac":11.34,"t":true},"geometry":{"type":"Polygon","coordinates":[[[-73.78227,40.59805],[-73.78251,40.5987],[-73.78251,40.59952],[-73.78209,40.60024],[-73.78222,40.60146],[-73.78127,40.60168],[-73.7805,40.60211],[-73.77939,40.60143],[-73.78204,40.59917],[-73.78176,40.59802],[-73.78227,40.59805]]]}},{"type":"Feature","properties":{"u":"910615zmr","n":"NEW 123RD POLICE PRECINCT","y":1992,"k":"unclassified","un":0.0,"upa":0.0,"ac":2.14,"t":true},"geometry":{"type":"Polygon","coordinates":[[[-74.19286,40.53454],[-74.19216,40.53469],[-74.19161,40.5338],[-74.1922,40.53324],[-74.19286,40.53454]]]}},{"type":"Feature","properties":{"u":"800633zmx","n":"E GUNHILL RD, ALLERTON AVE & WICKHA","y":1981,"k":"unclassified","un":0.0,"upa":0.0,"ac":0.64,"t":true},"geometry":{"type":"Polygon","coordinates":[[[-73.83618,40.86519],[-73.83559,40.86543],[-73.83523,40.86465],[-73.83618,40.86519]]]}},{"type":"Feature","properties":{"u":"050049zmx","n":"3924 E TREMONT AVE","y":2005,"k":"unclassified","un":0.0,"upa":0.0,"ac":1.38,"t":true},"geometry":{"type":"Polygon","coordinates":[[[-73.82014,40.82201],[-73.8196,40.8222],[-73.8189,40.82186],[-73.81869,40.82151],[-73.81926,40.82132],[-73.81957,40.82182],[-73.81994,40.82171],[-73.82014,40.82201]]]}},{"type":"Feature","properties":{"u":"210033zmk","n":"606 Neptune Avenue","y":2021,"k":"unclassified","un":0.0,"upa":0.0,"ac":1.69,"t":false},"geometry":{"type":"Polygon","coordinates":[[[-73.97558,40.57906],[-73.97552,40.57991],[-73.97476,40.58],[-73.97484,40.57891],[-73.97558,40.57906]]]}},{"type":"Feature","properties":{"u":"800233zmk","n":"W/S OF 15TH AVE BET 38TH & 39TH STS","y":1981,"k":"unclassified","un":0.0,"upa":0.0,"ac":1.59,"t":true},"geometry":{"type":"Polygon","coordinates":[[[-73.98262,40.63826],[-73.98179,40.63904],[-73.98128,40.63871],[-73.9821,40.63792],[-73.98262,40.63826]]]}},{"type":"Feature","properties":{"u":"801057zmx","n":"2050-60 EASTCHESTER RD","y":1981,"k":"unclassified","un":0.0,"upa":0.0,"ac":1.78,"t":true},"geometry":{"type":"Polygon","coordinates":[[[-73.84416,40.85563],[-73.84355,40.85555],[-73.84318,40.85474],[-73.84324,40.85453],[-73.84394,40.85455],[-73.84416,40.85563]]]}},{"type":"Feature","properties":{"u":"180170zmm","n":"180 Ave of the Americas (One Vandam) - rezoning","y":2018,"k":"unclassified","un":0.0,"upa":0.0,"ac":1.14,"t":false},"geometry":{"type":"Polygon","coordinates":[[[-74.00361,40.72629],[-74.00322,40.7261],[-74.0035,40.72574],[-74.00314,40.72555],[-74.00338,40.72526],[-74.00401,40.72558],[-74.00361,40.72629]]]}},{"type":"Feature","properties":{"u":"000539zmk","n":"HARBOR TECH-5 DELEVAN","y":2002,"k":"unclassified","un":0.0,"upa":0.0,"ac":3.84,"t":true},"geometry":{"type":"Polygon","coordinates":[[[-74.0078,40.67956],[-74.00616,40.67849],[-74.00688,40.67791],[-74.00845,40.67899],[-74.0078,40.67956]]]}},{"type":"Feature","properties":{"u":"090120zmm","n":"BATTERY MARITIME BLDG","y":2009,"k":"unclassified","un":0.0,"upa":0.0,"ac":8.22,"t":true},"geometry":{"type":"Polygon","coordinates":[[[-74.01289,40.7014],[-74.01264,40.70166],[-74.01174,40.70187],[-74.01142,40.70178],[-74.01087,40.69972],[-74.01167,40.69947],[-74.01228,40.69958],[-74.01289,40.7014]]]}},{"type":"Feature","properties":{"u":"790403zmx","n":"SPECIAL CITY ISLAND DIST REZONING","y":1980,"k":"unclassified","un":0.0,"upa":0.0,"ac":3.48,"t":true},"geometry":{"type":"Polygon","coordinates":[[[-73.78412,40.84127],[-73.78241,40.84164],[-73.78206,40.84089],[-73.78382,40.84052],[-73.78412,40.84127]]]}},{"type":"Feature","properties":{"u":"210321zmx","n":"Our Lady of Pity - 272 East 151st Street","y":2022,"k":"more housing allowed","un":0.0,"upa":0.0,"ac":1.89,"t":false},"geometry":{"type":"Polygon","coordinates":[[[-73.92246,40.81806],[-73.92212,40.81881],[-73.92124,40.81858],[-73.92141,40.81779],[-73.92246,40.81806]]]}},{"type":"Feature","properties":{"u":"070203zmk","n":"CENTURY 21 BAY RIDGE","y":2007,"k":"unclassified","un":0.0,"upa":0.0,"ac":1.58,"t":true},"geometry":{"type":"Polygon","coordinates":[[[-74.02802,40.6216],[-74.02714,40.62107],[-74.0276,40.62052],[-74.02831,40.62086],[-74.02802,40.6216]]]}},{"type":"Feature","properties":{"u":"860425zmr","n":"FOREST PLAZA","y":1990,"k":"unclassified","un":0.0,"upa":0.0,"ac":26.16,"t":true},"geometry":{"type":"MultiPolygon","coordinates":[[[[-74.15568,40.62434],[-74.15745,40.62429],[-74.159,40.6246],[-74.15881,40.62646],[-74.15534,40.62605],[-74.15568,40.62434]]],[[[-74.14731,40.62332],[-74.14824,40.62206],[-74.14966,40.62273],[-74.14883,40.62425],[-74.14783,40.62503],[-74.1467,40.62493],[-74.14731,40.62332]]]]}},{"type":"Feature","properties":{"u":"220111zmk","n":"Fulton Street Daycare & Senior Housing Rezoning","y":2022,"k":"more housing allowed","un":0.0,"upa":0.0,"ac":0.43,"t":false},"geometry":{"type":"Polygon","coordinates":[[[-73.87411,40.68311],[-73.87424,40.68361],[-73.87389,40.68371],[-73.87377,40.68321],[-73.87411,40.68311]]]}},{"type":"Feature","properties":{"u":"230307zmq","n":"23-01 Steinway Street Rezoning","y":2024,"k":"more housing allowed","un":0.0,"upa":0.0,"ac":1.77,"t":false},"geometry":{"type":"Polygon","coordinates":[[[-73.90751,40.77111],[-73.90819,40.77055],[-73.90892,40.77108],[-73.90825,40.77163],[-73.90751,40.77111]]]}},{"type":"Feature","properties":{"u":"210149zmx","n":"Crab Shanty Restaurant - 361 City Island Avenue","y":2021,"k":"unclassified","un":0.0,"upa":0.0,"ac":0.28,"t":false},"geometry":{"type":"Polygon","coordinates":[[[-73.78757,40.84854],[-73.78767,40.84881],[-73.78725,40.8489],[-73.78715,40.84864],[-73.78757,40.84854]]]}},{"type":"Feature","properties":{"u":"220171zmx","n":"1959 Strang Ave.","y":2022,"k":"unclassified","un":0.0,"upa":0.0,"ac":0.42,"t":false},"geometry":{"type":"Polygon","coordinates":[[[-73.84309,40.89007],[-73.84323,40.89041],[-73.84274,40.89051],[-73.84261,40.89017],[-73.84309,40.89007]]]}},{"type":"Feature","properties":{"u":"030461zmx","n":"CROTONA PARKWAY REZONING","y":2006,"k":"unclassified","un":0.0,"upa":0.0,"ac":0.8,"t":true},"geometry":{"type":"Polygon","coordinates":[[[-73.8854,40.84133],[-73.88529,40.84178],[-73.88523,40.84208],[-73.88493,40.84193],[-73.885,40.84154],[-73.88476,40.84142],[-73.88492,40.84107],[-73.8854,40.84133]]]}},{"type":"Feature","properties":{"u":"180395zmq","n":"106-02 Rockaway Beach Blvd. Rezoning","y":2021,"k":"unclassified","un":0.0,"upa":0.0,"ac":3.66,"t":false},"geometry":{"type":"Polygon","coordinates":[[[-73.83022,40.5826],[-73.82799,40.58317],[-73.82766,40.58256],[-73.82978,40.58192],[-73.83022,40.5826]]]}},{"type":"Feature","properties":{"u":"160064zmx","n":"3276 JEROME AVENUE","y":2016,"k":"unclassified","un":0.0,"upa":0.0,"ac":0.82,"t":false},"geometry":{"type":"Polygon","coordinates":[[[-73.88567,40.8789],[-73.88551,40.87813],[-73.88579,40.87806],[-73.88633,40.8783],[-73.88567,40.8789]]]}},{"type":"Feature","properties":{"u":"100437zmm","n":"WASHINGTON/GREENWICH STS","y":2010,"k":"unclassified","un":0.0,"upa":0.0,"ac":7.46,"t":false},"geometry":{"type":"Polygon","coordinates":[[[-74.00772,40.73756],[-74.0079,40.73522],[-74.00689,40.73538],[-74.00735,40.7336],[-74.00788,40.73351],[-74.00788,40.73394],[-74.00852,40.73384],[-74.00821,40.73756],[-74.00772,40.73756]]]}},{"type":"Feature","properties":{"u":"190438zmk","n":"2513-2523 Avenue O Rezoning","y":2020,"k":"unclassified","un":0.0,"upa":0.0,"ac":0.41,"t":false},"geometry":{"type":"Polygon","coordinates":[[[-73.94842,40.61452],[-73.94835,40.61414],[-73.94881,40.61409],[-73.94888,40.61447],[-73.94842,40.61452]]]}},{"type":"Feature","properties":{"u":"220453zmk","n":"703 Myrtle Ave Rezoning","y":2023,"k":"more housing allowed","un":0.0,"upa":0.0,"ac":0.78,"t":false},"geometry":{"type":"Polygon","coordinates":[[[-73.95436,40.69516],[-73.95429,40.6948],[-73.9552,40.6947],[-73.95526,40.69506],[-73.95436,40.69516]]]}},{"type":"Feature","properties":{"u":"970155zmm","n":"ST NICHOLAS PARK","y":1997,"k":"unclassified","un":0.0,"upa":0.0,"ac":2.72,"t":true},"geometry":{"type":"Polygon","coordinates":[[[-73.94777,40.81617],[-73.94722,40.817],[-73.9461,40.81654],[-73.9467,40.81573],[-73.94777,40.81617]]]}},{"type":"Feature","properties":{"u":"010556zmm","n":"11TH AVE REZONING","y":2001,"k":"unclassified","un":0.0,"upa":0.0,"ac":1.84,"t":true},"geometry":{"type":"Polygon","coordinates":[[[-73.99489,40.7668],[-73.99438,40.76756],[-73.99356,40.7672],[-73.99408,40.76645],[-73.99489,40.7668]]]}},{"type":"Feature","properties":{"u":"230001zmk","n":"7120 New Utrech Avenue Rezoning","y":2023,"k":"more housing allowed","un":0.0,"upa":0.0,"ac":0.92,"t":false},"geometry":{"type":"Polygon","coordinates":[[[-73.99936,40.61915],[-73.99904,40.61895],[-73.99927,40.61819],[-73.99983,40.61852],[-73.99936,40.61915]]]}},{"type":"Feature","properties":{"u":"200149zmm","n":"364 Avenue of the Americas","y":2020,"k":"unclassified","un":0.0,"upa":0.0,"ac":0.86,"t":false},"geometry":{"type":"Polygon","coordinates":[[[-74.00051,40.73232],[-74.00006,40.73293],[-73.99962,40.73271],[-74.00006,40.7321],[-74.00051,40.73232]]]}},{"type":"Feature","properties":{"u":"240375zmk","n":"58 Nixon Court Rezoning","y":2025,"k":"more housing allowed","un":0.0,"upa":0.0,"ac":2.13,"t":false},"geometry":{"type":"Polygon","coordinates":[[[-73.96633,40.58591],[-73.9665,40.58514],[-73.96735,40.58477],[-73.96754,40.58578],[-73.96633,40.58591]]]}},{"type":"Feature","properties":{"u":"000304zmq","n":"INTERNATIONAL AIRPORT CENTER","y":2001,"k":"unclassified","un":0.0,"upa":0.0,"ac":31.38,"t":true},"geometry":{"type":"Polygon","coordinates":[[[-73.75457,40.64888],[-73.75949,40.65164],[-73.75755,40.65318],[-73.75465,40.652],[-73.75315,40.65089],[-73.75457,40.64888]]]}},{"type":"Feature","properties":{"u":"180447zmq","n":"Former Parkway Hospital Rezoning","y":2019,"k":"more housing allowed","un":0.0,"upa":0.0,"ac":3.57,"t":false},"geometry":{"type":"Polygon","coordinates":[[[-73.83767,40.72429],[-73.83718,40.72349],[-73.83893,40.72304],[-73.83931,40.7238],[-73.83767,40.72429]]]}},{"type":"Feature","properties":{"u":"230146zmk","n":"281-311 Marcus Garvey Blvd.","y":2024,"k":"more housing allowed","un":0.0,"upa":0.0,"ac":1.71,"t":false},"geometry":{"type":"Polygon","coordinates":[[[-73.93831,40.68689],[-73.93881,40.68683],[-73.93909,40.68829],[-73.93861,40.68835],[-73.93831,40.68689]]]}},{"type":"Feature","properties":{"u":"240237zmm","n":"MSK Pavilion","y":2024,"k":"unclassified","un":0.0,"upa":0.0,"ac":1.2,"t":false},"geometry":{"type":"Polygon","coordinates":[[[-73.95764,40.76352],[-73.95718,40.76414],[-73.95655,40.76387],[-73.957,40.76325],[-73.95764,40.76352]]]}},{"type":"Feature","properties":{"u":"220364zmq","n":"Innovation QNS Rezoning and LSGD","y":2022,"k":"more housing allowed","un":0.0,"upa":0.0,"ac":18.29,"t":false},"geometry":{"type":"Polygon","coordinates":[[[-73.91972,40.75402],[-73.92028,40.75335],[-73.92204,40.75295],[-73.92496,40.75435],[-73.92369,40.75588],[-73.91972,40.75402]]]}},{"type":"Feature","properties":{"u":"210283zmq","n":"26-50 Brooklyn Queens Expressway","y":2023,"k":"unclassified","un":0.0,"upa":0.0,"ac":2.32,"t":false},"geometry":{"type":"Polygon","coordinates":[[[-73.90174,40.76079],[-73.90235,40.76064],[-73.90302,40.76171],[-73.90201,40.76196],[-73.90174,40.76079]]]}},{"type":"Feature","properties":{"u":"160194zmm","n":"1968 Second Avenue","y":2016,"k":"unclassified","un":0.0,"upa":0.0,"ac":0.19,"t":false},"geometry":{"type":"Polygon","coordinates":[[[-73.94407,40.78761],[-73.94385,40.78752],[-73.94404,40.78723],[-73.94427,40.78733],[-73.94407,40.78761]]]}},{"type":"Feature","properties":{"u":"210043zmk","n":"135-137 Bedford Avenue","y":2021,"k":"unclassified","un":0.0,"upa":0.0,"ac":0.77,"t":false},"geometry":{"type":"Polygon","coordinates":[[[-73.95559,40.71928],[-73.95618,40.71872],[-73.95654,40.71895],[-73.95594,40.7195],[-73.95559,40.71928]]]}},{"type":"Feature","properties":{"u":"040251zmk","n":"RESTAURANT 101","y":2005,"k":"unclassified","un":0.0,"upa":0.0,"ac":0.85,"t":true},"geometry":{"type":"Polygon","coordinates":[[[-74.03421,40.61305],[-74.03368,40.61282],[-74.03415,40.61229],[-74.03463,40.61252],[-74.03421,40.61305]]]}},{"type":"Feature","properties":{"u":"230276zmq","n":"5875 Queens Midtown Expressway Rezoning","y":2024,"k":"unclassified","un":0.0,"upa":0.0,"ac":6.63,"t":false},"geometry":{"type":"Polygon","coordinates":[[[-73.90879,40.72846],[-73.91033,40.72936],[-73.91173,40.72996],[-73.90882,40.72991],[-73.90759,40.72941],[-73.90879,40.72846]]]}},{"type":"Feature","properties":{"u":"230378zmk","n":"166 Kings Highway Rezoning","y":2025,"k":"more housing allowed","un":0.0,"upa":0.0,"ac":1.2,"t":false},"geometry":{"type":"Polygon","coordinates":[[[-73.98585,40.60522],[-73.98597,40.60589],[-73.985,40.60574],[-73.98492,40.60532],[-73.98585,40.60522]]]}},{"type":"Feature","properties":{"u":"890658zmk","n":"LIRR/ROW REZONING","y":1989,"k":"unclassified","un":0.0,"upa":0.0,"ac":0.48,"t":true},"geometry":{"type":"Polygon","coordinates":[[[-73.97607,40.62758],[-73.9754,40.62773],[-73.97515,40.6275],[-73.97602,40.62739],[-73.97607,40.62758]]]}},{"type":"Feature","properties":{"u":"180344zmk","n":"29 Jay St Rezoning","y":2018,"k":"unclassified","un":0.0,"upa":0.0,"ac":0.96,"t":false},"geometry":{"type":"Polygon","coordinates":[[[-73.98593,40.7044],[-73.98597,40.70376],[-73.98661,40.70378],[-73.98657,40.70442],[-73.98593,40.7044]]]}},{"type":"Feature","properties":{"u":"190235zmm","n":"East Harlem Follow-Up Actions","y":2019,"k":"unclassified","un":0.0,"upa":0.0,"ac":1.11,"t":false},"geometry":{"type":"Polygon","coordinates":[[[-73.94219,40.79848],[-73.94251,40.79804],[-73.94335,40.79839],[-73.94303,40.79883],[-73.94219,40.79848]]]}},{"type":"Feature","properties":{"u":"240311zmq","n":"122-03 14th Avenue","y":2025,"k":"more housing allowed","un":0.0,"upa":0.0,"ac":0.75,"t":false},"geometry":{"type":"Polygon","coordinates":[[[-73.84576,40.78541],[-73.84575,40.78575],[-73.84479,40.78572],[-73.84481,40.78538],[-73.84576,40.78541]]]}},{"type":"Feature","properties":{"u":"080128zmx","n":"JAMES J. LYONS URP","y":2008,"k":"unclassified","un":0.0,"upa":0.0,"ac":1.55,"t":true},"geometry":{"type":"Polygon","coordinates":[[[-73.84449,40.81733],[-73.84464,40.81802],[-73.84376,40.81815],[-73.84343,40.81797],[-73.84388,40.81741],[-73.84449,40.81733]]]}},{"type":"Feature","properties":{"u":"170187zmm","n":"Greater East Midtown","y":2017,"k":"unclassified","un":0.0,"upa":0.0,"ac":2.99,"t":false},"geometry":{"type":"Polygon","coordinates":[[[-73.97319,40.75112],[-73.97171,40.7505],[-73.97221,40.74983],[-73.97368,40.75045],[-73.97319,40.75112]]]}},{"type":"Feature","properties":{"u":"250176zmq","n":"Long Island City Neighborhood Plan","y":2025,"k":"more housing allowed","un":0.0,"upa":0.0,"ac":199.0,"t":false},"geometry":{"type":"Polygon","coordinates":[[[-73.9448,40.74844],[-73.9452,40.74728],[-73.95026,40.74824],[-73.95106,40.74583],[-73.95342,40.74628],[-73.95365,40.74559],[-73.95552,40.74595],[-73.95483,40.74802],[-73.95705,40.74889],[-73.95472,40.75097],[-73.95067,40.75549],[-73.94898,40.75468],[-73.94942,40.75417],[-73.94842,40.75398],[-73.94425,40.75211],[-73.94069,40.75581],[-73.93893,40.75487],[-73.94282,40.75064],[-73.94215,40.75029],[-73.94156,40.75094],[-73.94105,40.75072],[-73.94259,40.74906],[-73.94373,40.74966],[-73.9448,40.74844]]]}},{"type":"Feature","properties":{"u":"210480zmm","n":"Cooper Park Commons","y":2021,"k":"more housing allowed","un":0.0,"upa":0.0,"ac":6.35,"t":false},"geometry":{"type":"Polygon","coordinates":[[[-73.94024,40.71712],[-73.93844,40.71769],[-73.9379,40.71639],[-73.94003,40.71584],[-73.94024,40.71712]]]}},{"type":"Feature","properties":{"u":"200158zmk","n":"Bedford Avenue Overlay Extension","y":2020,"k":"unclassified","un":0.0,"upa":0.0,"ac":0.22,"t":false},"geometry":{"type":"Polygon","coordinates":[[[-73.96128,40.71509],[-73.96097,40.71494],[-73.96118,40.71475],[-73.96151,40.71489],[-73.96128,40.71509]]]}},{"type":"Feature","properties":{"u":"830094zmk","n":"FORMER NYS ARSENAL","y":1983,"k":"unclassified","un":0.0,"upa":0.0,"ac":6.79,"t":true},"geometry":{"type":"Polygon","coordinates":[[[-74.02563,40.64133],[-74.0249,40.64209],[-74.02244,40.64056],[-74.0232,40.63989],[-74.02563,40.64133]]]}},{"type":"Feature","properties":{"u":"220188zmk","n":"280 Bergen Street Rezoning","y":2022,"k":"more housing allowed","un":0.0,"upa":0.0,"ac":3.24,"t":false},"geometry":{"type":"Polygon","coordinates":[[[-73.98199,40.68343],[-73.98243,40.68277],[-73.98298,40.68301],[-73.98276,40.68333],[-73.98322,40.6835],[-73.98343,40.68318],[-73.98437,40.68355],[-73.98395,40.68419],[-73.98199,40.68343]]]}},{"type":"Feature","properties":{"u":"980391zmx","n":"1572 JEROME AVE","y":1998,"k":"unclassified","un":0.0,"upa":0.0,"ac":0.42,"t":true},"geometry":{"type":"Polygon","coordinates":[[[-73.91429,40.84398],[-73.91415,40.84425],[-73.91359,40.84398],[-73.91378,40.84373],[-73.91429,40.84398]]]}},{"type":"Feature","properties":{"u":"760129zmr","n":"168 ARTHUR KILL RD","y":1995,"k":"unclassified","un":0.0,"upa":0.0,"ac":5.07,"t":true},"geometry":{"type":"Polygon","coordinates":[[[-74.15091,40.56866],[-74.14974,40.56953],[-74.14853,40.56854],[-74.14967,40.56774],[-74.15091,40.56866]]]}},{"type":"Feature","properties":{"u":"180138zmq","n":"O'Neill's Rezoning","y":2018,"k":"unclassified","un":0.0,"upa":0.0,"ac":1.72,"t":false},"geometry":{"type":"Polygon","coordinates":[[[-73.90072,40.72944],[-73.89972,40.72929],[-73.89972,40.72906],[-73.90024,40.72906],[-73.9006,40.72877],[-73.90123,40.72863],[-73.9012,40.72931],[-73.90073,40.7293],[-73.90072,40.72944]]]}},{"type":"Feature","properties":{"u":"020071zmq","n":"MAGNOLIA PLAZA","y":2003,"k":"unclassified","un":0.0,"upa":0.0,"ac":1.27,"t":true},"geometry":{"type":"Polygon","coordinates":[[[-73.84259,40.67032],[-73.84177,40.67017],[-73.84159,40.66946],[-73.84241,40.66961],[-73.84259,40.67032]]]}},{"type":"Feature","properties":{"u":"230250zmq","n":"21st Street Rezoning","y":2024,"k":"more housing allowed","un":0.0,"upa":0.0,"ac":1.85,"t":false},"geometry":{"type":"Polygon","coordinates":[[[-73.92186,40.77635],[-73.92087,40.77717],[-73.92047,40.77689],[-73.92106,40.7763],[-73.92082,40.77612],[-73.92115,40.77585],[-73.92186,40.77635]]]}},{"type":"Feature","properties":{"u":"190434zmm","n":"La Hermosa","y":2019,"k":"more housing allowed","un":0.0,"upa":0.0,"ac":2.18,"t":false},"geometry":{"type":"Polygon","coordinates":[[[-73.94962,40.79793],[-73.94865,40.79752],[-73.94918,40.79678],[-73.95016,40.79719],[-73.94962,40.79793]]]}},{"type":"Feature","properties":{"u":"140155zmk","n":"1380 Rockaway Parkway Rezoning","y":2014,"k":"unclassified","un":0.0,"upa":0.0,"ac":0.28,"t":false},"geometry":{"type":"Polygon","coordinates":[[[-73.90384,40.64589],[-73.90352,40.64609],[-73.90328,40.64588],[-73.9036,40.64567],[-73.90384,40.64589]]]}},{"type":"Feature","properties":{"u":"170380zmm","n":"East 33rd St Rezoning","y":2018,"k":"more housing allowed","un":0.0,"upa":0.0,"ac":0.8,"t":false},"geometry":{"type":"Polygon","coordinates":[[[-73.97445,40.74328],[-73.97511,40.74356],[-73.97484,40.74395],[-73.97415,40.74368],[-73.97445,40.74328]]]}},{"type":"Feature","properties":{"u":"990612zmk","n":"TIFFANY PLACE REZONING","y":2001,"k":"unclassified","un":0.0,"upa":0.0,"ac":0.41,"t":true},"geometry":{"type":"Polygon","coordinates":[[[-74.0016,40.68613],[-74.00127,40.68605],[-74.00149,40.68557],[-74.00181,40.68567],[-74.0016,40.68613]]]}},{"type":"Feature","properties":{"u":"150422zmr","n":"LANDMARK COLONY","y":2016,"k":"unclassified","un":0.0,"upa":0.0,"ac":2.49,"t":false},"geometry":{"type":"Polygon","coordinates":[[[-74.13439,40.59668],[-74.13372,40.5964],[-74.13451,40.5952],[-74.13524,40.59552],[-74.13439,40.59668]]]}},{"type":"Feature","properties":{"u":"250185zmm","n":"Midtown South Mixed-Use Plan (MSX)","y":2025,"k":"more housing allowed","un":0.0,"upa":0.0,"ac":144.97,"t":false},"geometry":{"type":"MultiPolygon","coordinates":[[[[-73.99356,40.75634],[-73.99118,40.75534],[-73.99049,40.75628],[-73.98766,40.75508],[-73.98879,40.75353],[-73.98731,40.7529],[-73.98778,40.75067],[-73.99014,40.75167],[-73.99036,40.75136],[-73.99321,40.75255],[-73.99298,40.75286],[-73.99536,40.75387],[-73.99356,40.75634]]],[[[-73.9864,40.74674],[-73.98867,40.74366],[-73.98945,40.74399],[-73.98958,40.74322],[-73.99061,40.74199],[-73.99233,40.74271],[-73.99208,40.74306],[-73.99192,40.743],[-73.98862,40.74768],[-73.9864,40.74674]]],[[[-73.99483,40.74948],[-73.9916,40.74811],[-73.99114,40.74875],[-73.98972,40.74814],[-73.9931,40.74349],[-73.99491,40.74425],[-73.99424,40.74518],[-73.99471,40.74538],[-73.99336,40.74724],[-73.99573,40.74825],[-73.99483,40.74948]]],[[[-73.98289,40.75185],[-73.98469,40.74938],[-73.98668,40.7502],[-73.98465,40.75299],[-73.98283,40.75222],[-73.98305,40.75192],[-73.98289,40.75185]]]]}},{"type":"Feature","properties":{"u":"200232zmq","n":"25-46 Far Rockaway Blvd","y":2023,"k":"unclassified","un":0.0,"upa":0.0,"ac":0.66,"t":false},"geometry":{"type":"Polygon","coordinates":[[[-73.76386,40.59974],[-73.76353,40.5999],[-73.76303,40.59929],[-73.76336,40.59912],[-73.76386,40.59974]]]}},{"type":"Feature","properties":{"u":"230041zmq","n":"Ocean Crest Rezoning","y":2023,"k":"more housing allowed","un":0.0,"upa":0.0,"ac":2.31,"t":false},"geometry":{"type":"Polygon","coordinates":[[[-73.766,40.59872],[-73.76657,40.59943],[-73.76592,40.59974],[-73.76569,40.59943],[-73.76503,40.59974],[-73.7647,40.59934],[-73.766,40.59872]]]}},{"type":"Feature","properties":{"u":"210375zmm","n":"Wetherole Street and 67th Avenue Rezoning","y":2022,"k":"more housing allowed","un":0.0,"upa":0.0,"ac":0.61,"t":false},"geometry":{"type":"Polygon","coordinates":[[[-73.85579,40.72515],[-73.85559,40.72547],[-73.85492,40.72523],[-73.85512,40.72491],[-73.85579,40.72515]]]}},{"type":"Feature","properties":{"u":"030244zmm","n":"ANCHOR-MILBANK FRAWLEY CIRCLE WEST","y":2003,"k":"unclassified","un":0.0,"upa":0.0,"ac":9.14,"t":true},"geometry":{"type":"Polygon","coordinates":[[[-73.95029,40.80127],[-73.94963,40.80214],[-73.94623,40.80067],[-73.94686,40.79979],[-73.95029,40.80127]]]}},{"type":"Feature","properties":{"u":"230351zmk","n":"2118 Avenue U Rezoning","y":2024,"k":"more housing allowed","un":0.0,"upa":0.0,"ac":1.11,"t":false},"geometry":{"type":"Polygon","coordinates":[[[-73.95038,40.59951],[-73.94945,40.5996],[-73.94935,40.5991],[-73.95028,40.599],[-73.95038,40.59951]]]}},{"type":"Feature","properties":{"u":"180174zmq","n":"St. Michael's Cemetery Park Elimination","y":2018,"k":"unclassified","un":0.0,"upa":0.0,"ac":3.41,"t":false},"geometry":{"type":"Polygon","coordinates":[[[-73.89468,40.76592],[-73.89547,40.76406],[-73.89651,40.7632],[-73.89884,40.76002],[-73.89903,40.76],[-73.89635,40.76396],[-73.89583,40.76382],[-73.89482,40.76595],[-73.89468,40.76592]]]}},{"type":"Feature","properties":{"u":"110106zmr","n":"1582 RICHMOND AVE","y":2014,"k":"unclassified","un":0.0,"upa":0.0,"ac":2.18,"t":false},"geometry":{"type":"Polygon","coordinates":[[[-74.16,40.61071],[-74.16062,40.60936],[-74.16134,40.60947],[-74.1613,40.60961],[-74.16105,40.60957],[-74.16097,40.61037],[-74.16079,40.61035],[-74.16067,40.61082],[-74.16,40.61071]]]}},{"type":"Feature","properties":{"u":"110047zmk","n":"BROOKLYN BAY CENTER","y":2011,"k":"unclassified","un":0.0,"upa":0.0,"ac":29.7,"t":false},"geometry":{"type":"Polygon","coordinates":[[[-73.99669,40.59391],[-73.99551,40.59286],[-74.00427,40.5888],[-74.00439,40.59025],[-73.99669,40.59391]]]}},{"type":"Feature","properties":{"u":"820640zmr","n":"HYLAN BLVD & OTIS AVE","y":1982,"k":"unclassified","un":0.0,"upa":0.0,"ac":0.52,"t":true},"geometry":{"type":"Polygon","coordinates":[[[-74.10776,40.5737],[-74.10754,40.57395],[-74.10695,40.57365],[-74.10724,40.57338],[-74.10776,40.5737]]]}},{"type":"Feature","properties":{"u":"210239zmk","n":"2134 COYLE STREET REZONING","y":2022,"k":"more housing allowed","un":0.0,"upa":0.0,"ac":1.56,"t":false},"geometry":{"type":"Polygon","coordinates":[[[-73.93708,40.60058],[-73.93683,40.59922],[-73.93731,40.59917],[-73.93757,40.60052],[-73.93708,40.60058]]]}},{"type":"Feature","properties":{"u":"250030zmk","n":"236 Gold Street Rezoning","y":2025,"k":"more housing allowed","un":0.0,"upa":0.0,"ac":0.39,"t":false},"geometry":{"type":"Polygon","coordinates":[[[-73.98313,40.69721],[-73.98316,40.69687],[-73.98364,40.69689],[-73.98362,40.69723],[-73.98313,40.69721]]]}},{"type":"Feature","properties":{"u":"910441zmx","n":"WHITE PLAINS RD REZONING","y":1992,"k":"unclassified","un":0.0,"upa":0.0,"ac":0.75,"t":true},"geometry":{"type":"Polygon","coordinates":[[[-73.86742,40.84954],[-73.86741,40.85],[-73.86669,40.85001],[-73.86671,40.84956],[-73.86742,40.84954]]]}},{"type":"Feature","properties":{"u":"180282zmq","n":"91-05 Beach Channel Drive Overlay Rezoning","y":2019,"k":"unclassified","un":0.0,"upa":0.0,"ac":0.7,"t":false},"geometry":{"type":"Polygon","coordinates":[[[-73.81701,40.58863],[-73.81629,40.589],[-73.81605,40.58867],[-73.81681,40.58835],[-73.81701,40.58863]]]}},{"type":"Feature","properties":{"u":"070174zmq","n":"COLLEGE POINT-14TH AVE","y":2008,"k":"unclassified","un":0.0,"upa":0.0,"ac":1.7,"t":true},"geometry":{"type":"Polygon","coordinates":[[[-73.85329,40.78574],[-73.85333,40.78654],[-73.85242,40.78658],[-73.85237,40.78577],[-73.85329,40.78574]]]}},{"type":"Feature","properties":{"u":"240294zmk","n":"2201-2227 Neptune Avenue","y":2025,"k":"more housing allowed","un":0.0,"upa":0.0,"ac":2.39,"t":false},"geometry":{"type":"Polygon","coordinates":[[[-73.99051,40.57837],[-73.9907,40.5794],[-73.98961,40.5793],[-73.98946,40.57849],[-73.99051,40.57837]]]}},{"type":"Feature","properties":{"u":"200243zmq","n":"50-25 Barnett Avenue Rezoning","y":2021,"k":"more housing allowed","un":0.0,"upa":0.0,"ac":3.05,"t":false},"geometry":{"type":"Polygon","coordinates":[[[-73.91348,40.75079],[-73.91149,40.7507],[-73.91163,40.74999],[-73.9136,40.75022],[-73.91348,40.75079]]]}},{"type":"Feature","properties":{"u":"820479zmq","n":"QUEENS BLVD_57TH AVE_&_90TH ST","y":1983,"k":"unclassified","un":0.0,"upa":0.0,"ac":0.28,"t":true},"geometry":{"type":"Polygon","coordinates":[[[-73.87261,40.7346],[-73.87218,40.7348],[-73.87202,40.73439],[-73.87261,40.7346]]]}},{"type":"Feature","properties":{"u":"210314zmk","n":"1160 Flushing Avenue","y":2023,"k":"unclassified","un":0.0,"upa":0.0,"ac":1.75,"t":false},"geometry":{"type":"Polygon","coordinates":[[[-73.92544,40.70629],[-73.92465,40.70697],[-73.92403,40.70659],[-73.92472,40.70588],[-73.92544,40.70629]]]}},{"type":"Feature","properties":{"u":"200329zmk","n":"2892 Nostrand Ave Rezoning","y":2022,"k":"more housing allowed","un":0.0,"upa":0.0,"ac":1.83,"t":false},"geometry":{"type":"Polygon","coordinates":[[[-73.94422,40.61296],[-73.94479,40.61289],[-73.94505,40.61425],[-73.94448,40.61432],[-73.94422,40.61296]]]}},{"type":"Feature","properties":{"u":"220169zmq","n":"40-25 Crescent Street Rezoning","y":2022,"k":"more housing allowed","un":0.0,"upa":0.0,"ac":1.98,"t":false},"geometry":{"type":"Polygon","coordinates":[[[-73.93884,40.75251],[-73.93816,40.75326],[-73.93739,40.75286],[-73.93807,40.75211],[-73.93884,40.75251]]]}},{"type":"Feature","properties":{"u":"980680zmk","n":"HUNTINGTON HOUSE APTS","y":1999,"k":"unclassified","un":0.0,"upa":0.0,"ac":1.06,"t":true},"geometry":{"type":"Polygon","coordinates":[[[-73.99857,40.67518],[-73.99823,40.67582],[-73.99744,40.67559],[-73.99753,40.67538],[-73.99827,40.67511],[-73.99857,40.67518]]]}},{"type":"Feature","properties":{"u":"240328zmq","n":"South Jamaica Gateway Rezoning","y":2024,"k":"unclassified","un":0.0,"upa":0.0,"ac":1.43,"t":false},"geometry":{"type":"Polygon","coordinates":[[[-73.79293,40.69964],[-73.79423,40.69901],[-73.79451,40.69939],[-73.7932,40.70002],[-73.79293,40.69964]]]}},{"type":"Feature","properties":{"u":"090430zmm","n":"WESTERN RAIL YARDS/MTA SITE","y":2009,"k":"unclassified","un":0.0,"upa":0.0,"ac":0.28,"t":true},"geometry":{"type":"Polygon","coordinates":[[[-73.98669,40.76581],[-73.98642,40.7657],[-73.98665,40.76535],[-73.98694,40.76548],[-73.98669,40.76581]]]}},{"type":"Feature","properties":{"u":"130306zmk","n":"BROOKLYN COLLEGE CAMPUS ROAD","y":2013,"k":"unclassified","un":0.0,"upa":0.0,"ac":1.68,"t":false},"geometry":{"type":"Polygon","coordinates":[[[-73.94862,40.6306],[-73.94865,40.63076],[-73.94794,40.63155],[-73.94755,40.63159],[-73.94747,40.63072],[-73.94862,40.6306]]]}},{"type":"Feature","properties":{"u":"950439zmx","n":"GUN HILL RD RETAIL DEVELOPMENT","y":1995,"k":"unclassified","un":0.0,"upa":0.0,"ac":15.8,"t":true},"geometry":{"type":"Polygon","coordinates":[[[-73.83418,40.86067],[-73.8341,40.86404],[-73.83222,40.86303],[-73.83124,40.86135],[-73.83153,40.86083],[-73.83418,40.86067]]]}},{"type":"Feature","properties":{"u":"060225zmm","n":"TUCK-IT-AWAY","y":2008,"k":"unclassified","un":0.0,"upa":0.0,"ac":2.36,"t":true},"geometry":{"type":"Polygon","coordinates":[[[-73.95602,40.81881],[-73.95505,40.8201],[-73.95446,40.81984],[-73.95542,40.81855],[-73.95602,40.81881]]]}},{"type":"Feature","properties":{"u":"820798zmm","n":"MADISON AVE, E60TH ST, E61ST ST","y":1982,"k":"unclassified","un":0.0,"upa":0.0,"ac":2.82,"t":true},"geometry":{"type":"Polygon","coordinates":[[[-73.97165,40.76457],[-73.9711,40.76527],[-73.96982,40.76472],[-73.97034,40.764],[-73.97165,40.76457]]]}},{"type":"Feature","properties":{"u":"050037zmq","n":"JUNCTION BLVD","y":2007,"k":"unclassified","un":0.0,"upa":0.0,"ac":0.87,"t":true},"geometry":{"type":"Polygon","coordinates":[[[-73.86821,40.74217],[-73.86747,40.7421],[-73.86756,40.74169],[-73.86824,40.74153],[-73.86821,40.74217]]]}},{"type":"Feature","properties":{"u":"230248zmk","n":"2185 Coyle Street","y":2025,"k":"more housing allowed","un":0.0,"upa":0.0,"ac":4.02,"t":false},"geometry":{"type":"Polygon","coordinates":[[[-73.93579,40.59893],[-73.93676,40.59883],[-73.93708,40.60058],[-73.93612,40.60068],[-73.93579,40.59893]]]}},{"type":"Feature","properties":{"u":"050529zmx","n":"BX TERMINAL MARKET GATEWAY CENTER","y":2006,"k":"unclassified","un":0.0,"upa":0.0,"ac":42.49,"t":true},"geometry":{"type":"Polygon","coordinates":[[[-73.93127,40.82525],[-73.93111,40.82689],[-73.92848,40.82347],[-73.93019,40.81914],[-73.93076,40.81922],[-73.9309,40.82122],[-73.93273,40.82139],[-73.93306,40.82517],[-73.93127,40.82525]]]}},{"type":"Feature","properties":{"u":"060021zmq","n":"ASTORIA BLVD","y":2009,"k":"unclassified","un":0.0,"upa":0.0,"ac":1.02,"t":true},"geometry":{"type":"Polygon","coordinates":[[[-73.88526,40.76507],[-73.88427,40.76518],[-73.88417,40.7646],[-73.8852,40.76477],[-73.88526,40.76507]]]}},{"type":"Feature","properties":{"u":"190102zmx","n":"2069 Bruckner Boulevard Rezoning","y":2019,"k":"more housing allowed","un":0.0,"upa":0.0,"ac":3.13,"t":false},"geometry":{"type":"Polygon","coordinates":[[[-73.85301,40.82684],[-73.85422,40.82667],[-73.85446,40.82777],[-73.85326,40.82793],[-73.85301,40.82684]]]}},{"type":"Feature","properties":{"u":"050376zmm","n":"ALL SAINTS HOUSING","y":2005,"k":"unclassified","un":0.0,"upa":0.0,"ac":1.39,"t":true},"geometry":{"type":"Polygon","coordinates":[[[-73.93647,40.80979],[-73.93577,40.80949],[-73.9362,40.80884],[-73.93694,40.80913],[-73.93647,40.80979]]]}},{"type":"Feature","properties":{"u":"900831zmr","n":"AMBOY-BEDELL SHOPPING CENTER","y":1991,"k":"unclassified","un":0.0,"upa":0.0,"ac":7.43,"t":true},"geometry":{"type":"Polygon","coordinates":[[[-74.21719,40.52118],[-74.21647,40.5226],[-74.21443,40.52254],[-74.21438,40.52131],[-74.21719,40.52118]]]}},{"type":"Feature","properties":{"u":"220007zmx","n":"Bruckner Sites Rezoning","y":2022,"k":"more housing allowed","un":0.0,"upa":0.0,"ac":8.64,"t":false},"geometry":{"type":"MultiPolygon","coordinates":[[[[-73.82683,40.83495],[-73.82622,40.83414],[-73.82925,40.83256],[-73.82952,40.83346],[-73.82854,40.83358],[-73.82868,40.83379],[-73.82713,40.83447],[-73.82731,40.83471],[-73.82683,40.83495]]],[[[-73.8319,40.83065],[-73.83332,40.82977],[-73.83372,40.83067],[-73.83222,40.83103],[-73.8319,40.83065]]]]}},{"type":"Feature","properties":{"u":"180291zmq","n":"15-33 Clintonville St. Rezoning","y":2019,"k":"unclassified","un":0.0,"upa":0.0,"ac":0.38,"t":false},"geometry":{"type":"Polygon","coordinates":[[[-73.80968,40.78604],[-73.80985,40.78646],[-73.80902,40.78623],[-73.80902,40.7862],[-73.80968,40.78604]]]}},{"type":"Feature","properties":{"u":"170356zmk","n":"587 Bergen Street Rezoning","y":2018,"k":"more housing allowed","un":0.0,"upa":0.0,"ac":0.56,"t":false},"geometry":{"type":"Polygon","coordinates":[[[-73.97064,40.68076],[-73.97047,40.68072],[-73.97061,40.68034],[-73.97006,40.68023],[-73.9702,40.67984],[-73.97053,40.67991],[-73.97043,40.68023],[-73.97081,40.68031],[-73.97064,40.68076]]]}},{"type":"Feature","properties":{"u":"220267zmq","n":"141-05 109th Avenue Rezoning","y":2023,"k":"more housing allowed","un":0.0,"upa":0.0,"ac":1.43,"t":false},"geometry":{"type":"Polygon","coordinates":[[[-73.80549,40.68834],[-73.80508,40.68806],[-73.80666,40.68752],[-73.80686,40.68787],[-73.80549,40.68834]]]}},{"type":"Feature","properties":{"u":"200230zmq","n":"Beach 67th Street Rezoning","y":2021,"k":"more housing allowed","un":0.0,"upa":0.0,"ac":1.02,"t":false},"geometry":{"type":"Polygon","coordinates":[[[-73.79623,40.59359],[-73.79632,40.59444],[-73.7958,40.59447],[-73.79572,40.59362],[-73.79623,40.59359]]]}},{"type":"Feature","properties":{"u":"220196zmq","n":"Halletts North","y":2022,"k":"more housing allowed","un":0.0,"upa":0.0,"ac":4.86,"t":false},"geometry":{"type":"Polygon","coordinates":[[[-73.93276,40.77807],[-73.93163,40.77777],[-73.93251,40.77613],[-73.93361,40.77649],[-73.93276,40.77807]]]}},{"type":"Feature","properties":{"u":"840125zmk","n":"WILLIAMSBURG URA","y":1984,"k":"unclassified","un":0.0,"upa":0.0,"ac":7.4,"t":true},"geometry":{"type":"Polygon","coordinates":[[[-73.96737,40.70429],[-73.96625,40.705],[-73.96425,40.70329],[-73.96524,40.70263],[-73.96737,40.70429]]]}},{"type":"Feature","properties":{"u":"250046zmq","n":"Queens Future Zoning Map Change","y":2025,"k":"unclassified","un":0.0,"upa":0.0,"ac":56.54,"t":false},"geometry":{"type":"Polygon","coordinates":[[[-73.84661,40.75433],[-73.85204,40.75272],[-73.85287,40.75478],[-73.85322,40.75731],[-73.85349,40.75776],[-73.85266,40.75753],[-73.85151,40.7576],[-73.84877,40.75844],[-73.84661,40.75433]]]}},{"type":"Feature","properties":{"u":"990274zmq","n":"EDWARDS SUPER FOOD STORE","y":2000,"k":"unclassified","un":0.0,"upa":0.0,"ac":0.7,"t":true},"geometry":{"type":"Polygon","coordinates":[[[-73.84173,40.68188],[-73.8415,40.68145],[-73.84211,40.6813],[-73.84233,40.68176],[-73.84173,40.68188]]]}},{"type":"Feature","properties":{"u":"090146zmx","n":"BROADWAY PLAZA REZONING","y":2009,"k":"unclassified","un":0.0,"upa":0.0,"ac":4.49,"t":true},"geometry":{"type":"Polygon","coordinates":[[[-73.90522,40.87832],[-73.9041,40.8779],[-73.90469,40.87656],[-73.90605,40.87711],[-73.90522,40.87832]]]}},{"type":"Feature","properties":{"u":"240280zmk","n":"441 & 467 Prospect Avenue Rezoning","y":2025,"k":"more housing allowed","un":0.0,"upa":0.0,"ac":2.3,"t":false},"geometry":{"type":"Polygon","coordinates":[[[-73.98168,40.65954],[-73.9821,40.65905],[-73.98351,40.6599],[-73.98316,40.66034],[-73.98168,40.65954]]]}},{"type":"Feature","properties":{"u":"861028zmm","n":"SOTHEBY'S EXPNSN","y":1990,"k":"unclassified","un":0.0,"upa":0.0,"ac":2.75,"t":true},"geometry":{"type":"Polygon","coordinates":[[[-73.95449,40.7661],[-73.95386,40.76697],[-73.95279,40.76653],[-73.95342,40.76568],[-73.95449,40.7661]]]}},{"type":"Feature","properties":{"u":"010705zmx","n":"3677, 3683 EAST TREMONT AVE","y":2002,"k":"unclassified","un":0.0,"upa":0.0,"ac":2.95,"t":true},"geometry":{"type":"Polygon","coordinates":[[[-73.82341,40.82778],[-73.82274,40.82815],[-73.82171,40.82694],[-73.82118,40.82658],[-73.82162,40.82635],[-73.82238,40.8269],[-73.82296,40.82747],[-73.82298,40.82788],[-73.82297,40.82747],[-73.82341,40.82778]]]}},{"type":"Feature","properties":{"u":"210408zmm","n":"Starrett Lehigh + Warehouse Terminal Rezoning","y":2021,"k":"unclassified","un":0.0,"upa":0.0,"ac":8.88,"t":false},"geometry":{"type":"Polygon","coordinates":[[[-74.0078,40.75171],[-74.00728,40.75311],[-74.00472,40.75203],[-74.00563,40.75079],[-74.0078,40.75171]]]}},{"type":"Feature","properties":{"u":"200282zmq","n":"30-02 Newtown Avenue Rezoning","y":2021,"k":"more housing allowed","un":0.0,"upa":0.0,"ac":0.76,"t":false},"geometry":{"type":"Polygon","coordinates":[[[-73.92125,40.76841],[-73.92078,40.76764],[-73.92092,40.76747],[-73.92138,40.76768],[-73.92123,40.76786],[-73.92161,40.76804],[-73.92125,40.76841]]]}},{"type":"Feature","properties":{"u":"880941zmq","n":"GOLDEN TOWERS","y":1989,"k":"unclassified","un":0.0,"upa":0.0,"ac":10.23,"t":true},"geometry":{"type":"Polygon","coordinates":[[[-73.90748,40.7413],[-73.90727,40.74218],[-73.90227,40.74163],[-73.9026,40.74078],[-73.90748,40.7413]]]}},{"type":"Feature","properties":{"u":"220334zmx","n":"893 Eagle Avenue Rezoning","y":2023,"k":"more housing allowed","un":0.0,"upa":0.0,"ac":0.43,"t":false},"geometry":{"type":"Polygon","coordinates":[[[-73.90881,40.82263],[-73.90828,40.82251],[-73.90842,40.82219],[-73.90893,40.82231],[-73.90881,40.82263]]]}},{"type":"Feature","properties":{"u":"860117zmm","n":"GLICK 61ST ST","y":2002,"k":"unclassified","un":0.0,"upa":0.0,"ac":4.88,"t":true},"geometry":{"type":"Polygon","coordinates":[[[-73.96184,40.76024],[-73.96126,40.76109],[-73.95922,40.76017],[-73.95981,40.75944],[-73.96184,40.76024]]]}},{"type":"Feature","properties":{"u":"230354zmk","n":"250 86th Street Rezoning","y":2024,"k":"unclassified","un":0.0,"upa":0.0,"ac":0.67,"t":false},"geometry":{"type":"Polygon","coordinates":[[[-74.03171,40.6232],[-74.03239,40.62336],[-74.03223,40.62375],[-74.03155,40.62359],[-74.03171,40.6232]]]}},{"type":"Feature","properties":{"u":"830583zmq","n":"47 AVE S/S 490 7FT E/O QUEENS BLVD","y":1984,"k":"unclassified","un":0.0,"upa":0.0,"ac":1.54,"t":true},"geometry":{"type":"Polygon","coordinates":[[[-73.8868,40.73997],[-73.88595,40.74019],[-73.88561,40.73955],[-73.88645,40.73925],[-73.8868,40.73997]]]}},{"type":"Feature","properties":{"u":"180186zmk","n":"3901 9th Avenue Rezoning","y":2018,"k":"more housing allowed","un":0.0,"upa":0.0,"ac":0.82,"t":false},"geometry":{"type":"Polygon","coordinates":[[[-73.9951,40.64595],[-73.99453,40.64561],[-73.9944,40.64508],[-73.99539,40.64567],[-73.9951,40.64595]]]}},{"type":"Feature","properties":{"u":"140322zmq","n":"Astoria Cove","y":2014,"k":"unclassified","un":0.0,"upa":0.0,"ac":9.53,"t":false},"geometry":{"type":"Polygon","coordinates":[[[-73.93163,40.77777],[-73.9312,40.77754],[-73.9306,40.77654],[-73.92984,40.77633],[-73.93065,40.77474],[-73.93202,40.77518],[-73.93167,40.77586],[-73.93252,40.77614],[-73.93163,40.77777]]]}},{"type":"Feature","properties":{"u":"230344zmm","n":"2226 Third Avnue","y":2024,"k":"unclassified","un":0.0,"upa":0.0,"ac":0.18,"t":false},"geometry":{"type":"Polygon","coordinates":[[[-73.93804,40.8018],[-73.93788,40.80173],[-73.93816,40.80135],[-73.93832,40.80141],[-73.93804,40.8018]]]}},{"type":"Feature","properties":{"u":"190422zmq","n":"112-06 71st Rd Rezoning","y":2019,"k":"unclassified","un":0.0,"upa":0.0,"ac":0.79,"t":false},"geometry":{"type":"Polygon","coordinates":[[[-73.83899,40.72232],[-73.83855,40.72245],[-73.8382,40.72178],[-73.83864,40.72165],[-73.83899,40.72232]]]}},{"type":"Feature","properties":{"u":"990444zmr","n":"VICTORY VAN LINES","y":1999,"k":"unclassified","un":0.0,"upa":0.0,"ac":2.5,"t":true},"geometry":{"type":"Polygon","coordinates":[[[-74.08522,40.61831],[-74.08509,40.61918],[-74.08408,40.61912],[-74.08416,40.61796],[-74.08522,40.61831]]]}},{"type":"Feature","properties":{"u":"810240zmx","n":"2665 SCHURZ AVE, BET BUTTRICK AVE &","y":1982,"k":"unclassified","un":0.0,"upa":0.0,"ac":2.03,"t":true},"geometry":{"type":"Polygon","coordinates":[[[-73.82484,40.81385],[-73.82404,40.81413],[-73.8235,40.81319],[-73.82428,40.81294],[-73.82484,40.81385]]]}},{"type":"Feature","properties":{"u":"150076zmk","n":"Hamilton's Patio","y":2015,"k":"unclassified","un":0.0,"upa":0.0,"ac":0.72,"t":false},"geometry":{"type":"Polygon","coordinates":[[[-73.97718,40.64894],[-73.97707,40.64841],[-73.97766,40.64824],[-73.97773,40.64872],[-73.97718,40.64894]]]}},{"type":"Feature","properties":{"u":"000573zmr","n":"HYLAN BLVD MIDLAND AVE REZONING","y":2001,"k":"unclassified","un":0.0,"upa":0.0,"ac":0.95,"t":true},"geometry":{"type":"Polygon","coordinates":[[[-74.10286,40.57885],[-74.10228,40.57853],[-74.10273,40.57807],[-74.1033,40.5784],[-74.10286,40.57885]]]}},{"type":"Feature","properties":{"u":"970288zmk","n":"ATLANTIC CENTER HOUSING","y":1997,"k":"unclassified","un":0.0,"upa":0.0,"ac":5.11,"t":true},"geometry":{"type":"Polygon","coordinates":[[[-73.97283,40.68353],[-73.97208,40.68428],[-73.97116,40.68437],[-73.97084,40.68273],[-73.97276,40.68312],[-73.97283,40.68353]]]}},{"type":"Feature","properties":{"u":"800337zmx","n":"E179TH ST, MONTEREY AVE, E178TH ST,","y":1980,"k":"unclassified","un":0.0,"upa":0.0,"ac":1.06,"t":true},"geometry":{"type":"Polygon","coordinates":[[[-73.89505,40.84819],[-73.89471,40.84882],[-73.89406,40.84858],[-73.8944,40.84801],[-73.89505,40.84819]]]}},{"type":"Feature","properties":{"u":"970160zmr","n":"950-962 RICHMOND AVE","y":1997,"k":"unclassified","un":0.0,"upa":0.0,"ac":0.7,"t":true},"geometry":{"type":"Polygon","coordinates":[[[-74.14989,40.62391],[-74.14983,40.62432],[-74.14905,40.6242],[-74.14915,40.62383],[-74.14989,40.62391]]]}},{"type":"Feature","properties":{"u":"220285zmk","n":"1656 West 10th Street Rezoning","y":2023,"k":"more housing allowed","un":0.0,"upa":0.0,"ac":0.77,"t":false},"geometry":{"type":"Polygon","coordinates":[[[-73.98329,40.60667],[-73.98315,40.60591],[-73.98363,40.60597],[-73.98375,40.60662],[-73.98329,40.60667]]]}},{"type":"Feature","properties":{"u":"130279zmr","n":"Charleston Mixed Use Development","y":2013,"k":"unclassified","un":0.0,"upa":0.0,"ac":9.69,"t":false},"geometry":{"type":"Polygon","coordinates":[[[-74.23739,40.52812],[-74.23937,40.52824],[-74.2393,40.53034],[-74.23707,40.53006],[-74.23715,40.52951],[-74.23749,40.52953],[-74.23739,40.52812]]]}},{"type":"Feature","properties":{"u":"960203zmm","n":"WHITEHALL FERRY TERMNL/FERRY PLAZA","y":1999,"k":"unclassified","un":0.0,"upa":0.0,"ac":6.59,"t":true},"geometry":{"type":"Polygon","coordinates":[[[-74.01371,40.70105],[-74.01438,40.70274],[-74.01272,40.70285],[-74.01222,40.70128],[-74.01294,40.70103],[-74.01371,40.70105]]]}},{"type":"Feature","properties":{"u":"100118zmr","n":"UNION AVENUE REZONING","y":2011,"k":"unclassified","un":0.0,"upa":0.0,"ac":5.14,"t":false},"geometry":{"type":"Polygon","coordinates":[[[-74.16031,40.63377],[-74.15812,40.63384],[-74.15814,40.63275],[-74.16035,40.63285],[-74.16031,40.63377]]]}},{"type":"Feature","properties":{"u":"190336zmx","n":"New York City Borough - Based Jail System","y":2019,"k":"more housing allowed","un":0.0,"upa":0.0,"ac":1.24,"t":false},"geometry":{"type":"Polygon","coordinates":[[[-73.91036,40.80657],[-73.91078,40.80671],[-73.91022,40.80778],[-73.90979,40.80765],[-73.91036,40.80657]]]}},{"type":"Feature","properties":{"u":"230356zmk","n":"962-972 Franklin Avenue Rezoning","y":2024,"k":"more housing allowed","un":0.0,"upa":0.0,"ac":1.71,"t":false},"geometry":{"type":"Polygon","coordinates":[[[-73.95988,40.66543],[-73.96016,40.66463],[-73.96071,40.6646],[-73.96092,40.66565],[-73.95988,40.66543]]]}},{"type":"Feature","properties":{"u":"250148zmm","n":"Carmen Villegas Apartments - Senior Housing","y":2025,"k":"more housing allowed","un":0.0,"upa":0.0,"ac":1.57,"t":false},"geometry":{"type":"Polygon","coordinates":[[[-73.94568,40.79617],[-73.94486,40.79583],[-73.94533,40.79519],[-73.94614,40.79553],[-73.94568,40.79617]]]}},{"type":"Feature","properties":{"u":"240406zmk","n":"19 Maspeth Avenue Rezoning","y":2025,"k":"more housing allowed","un":0.0,"upa":0.0,"ac":1.06,"t":false},"geometry":{"type":"Polygon","coordinates":[[[-73.94282,40.71539],[-73.9416,40.7155],[-73.94155,40.71538],[-73.94273,40.7148],[-73.94282,40.71539]]]}},{"type":"Feature","properties":{"u":"760033zmk","n":"11TH ST,2ND AVE,12TH ST & GOWANUS C","y":1977,"k":"unclassified","un":0.0,"upa":0.0,"ac":11.57,"t":true},"geometry":{"type":"Polygon","coordinates":[[[-73.99875,40.67198],[-73.99758,40.67323],[-73.99595,40.67242],[-73.99629,40.67136],[-73.99753,40.6701],[-73.99875,40.67198]]]}},{"type":"Feature","properties":{"u":"910532zmk","n":"SARATOGA SQ URA REZONING","y":1992,"k":"unclassified","un":0.0,"upa":0.0,"ac":0.67,"t":true},"geometry":{"type":"Polygon","coordinates":[[[-73.92147,40.67819],[-73.92143,40.67858],[-73.92066,40.67853],[-73.92072,40.67816],[-73.92147,40.67819]]]}},{"type":"Feature","properties":{"u":"170492zmq","n":"100-03 North Conduit Avenue Rezoning","y":2019,"k":"unclassified","un":0.0,"upa":0.0,"ac":1.94,"t":false},"geometry":{"type":"Polygon","coordinates":[[[-73.83446,40.66776],[-73.8335,40.66749],[-73.83313,40.66672],[-73.83466,40.66715],[-73.83446,40.66776]]]}},{"type":"Feature","properties":{"u":"200101zmk","n":"2761 Plumb 2nd Street Rezoning","y":2023,"k":"unclassified","un":0.0,"upa":0.0,"ac":1.57,"t":false},"geometry":{"type":"Polygon","coordinates":[[[-73.92786,40.5865],[-73.9295,40.58655],[-73.92959,40.587],[-73.92865,40.5871],[-73.92786,40.5865]]]}},{"type":"Feature","properties":{"u":"860556zmx","n":"BRUSH AVE","y":1987,"k":"unclassified","un":0.0,"upa":0.0,"ac":13.06,"t":true},"geometry":{"type":"Polygon","coordinates":[[[-73.83858,40.81831],[-73.83812,40.82056],[-73.83757,40.82122],[-73.83644,40.82115],[-73.83695,40.81733],[-73.83858,40.81831]]]}},{"type":"Feature","properties":{"u":"820741zmk","n":"830 FOUNTAIN AVE AREA BND BY FLATLA","y":1982,"k":"unclassified","un":0.0,"upa":0.0,"ac":14.5,"t":true},"geometry":{"type":"Polygon","coordinates":[[[-73.87089,40.65958],[-73.86873,40.6604],[-73.86703,40.66066],[-73.86625,40.65961],[-73.86981,40.65814],[-73.87089,40.65958]]]}},{"type":"Feature","properties":{"u":"200344zmk","n":"Suydam Street Rezoning","y":2021,"k":"more housing allowed","un":0.0,"upa":0.0,"ac":1.2,"t":false},"geometry":{"type":"Polygon","coordinates":[[[-73.9214,40.7045],[-73.92183,40.70406],[-73.92258,40.70449],[-73.92215,40.70493],[-73.9214,40.7045]]]}},{"type":"Feature","properties":{"u":"770250zmx","n":"120 AVE,SUTPHIN BLVD,ROCKAWAY BLVD","y":1977,"k":"unclassified","un":0.0,"upa":0.0,"ac":1.17,"t":true},"geometry":{"type":"Polygon","coordinates":[[[-73.90741,40.82928],[-73.90712,40.82982],[-73.9063,40.82955],[-73.90663,40.82903],[-73.90741,40.82928]]]}},{"type":"Feature","properties":{"u":"870302zmm","n":"ROOSEVELT HOSPITAL","y":1988,"k":"unclassified","un":0.0,"upa":0.0,"ac":6.41,"t":true},"geometry":{"type":"Polygon","coordinates":[[[-73.98817,40.76989],[-73.98762,40.77056],[-73.98453,40.76922],[-73.98502,40.76856],[-73.98817,40.76989]]]}},{"type":"Feature","properties":{"u":"220438zmk","n":"Belmont Osborn Rezoning","y":2023,"k":"more housing allowed","un":0.0,"upa":0.0,"ac":1.22,"t":false},"geometry":{"type":"Polygon","coordinates":[[[-73.90865,40.66905],[-73.90879,40.6696],[-73.90787,40.66973],[-73.90772,40.66918],[-73.90865,40.66905]]]}},{"type":"Feature","properties":{"u":"010382zmm","n":"STUYVESANT COVE PARK","y":2001,"k":"unclassified","un":0.0,"upa":0.0,"ac":37.12,"t":true},"geometry":{"type":"MultiPolygon","coordinates":[[[[-73.97514,40.73575],[-73.97491,40.73672],[-73.97254,40.73567],[-73.97141,40.72905],[-73.97156,40.72778],[-73.97218,40.72784],[-73.97221,40.72905],[-73.97313,40.73031],[-73.97385,40.73095],[-73.97514,40.73575]]],[[[-73.97493,40.73673],[-73.97491,40.73673],[-73.97491,40.73672],[-73.97493,40.73673]]]]}},{"type":"Feature","properties":{"u":"770073zmx","n":"MORRIS PARK AVE & WILLIAMSBRIDGE RD","y":2009,"k":"unclassified","un":0.0,"upa":0.0,"ac":2.58,"t":true},"geometry":{"type":"Polygon","coordinates":[[[-73.85259,40.85149],[-73.8518,40.85185],[-73.85098,40.85079],[-73.85175,40.85044],[-73.85259,40.85149]]]}},{"type":"Feature","properties":{"u":"890371zmr","n":"FLAGG PL, FOUR CORNERS RD, EAST ENT","y":1990,"k":"unclassified","un":0.0,"upa":0.0,"ac":2.7,"t":true},"geometry":{"type":"Polygon","coordinates":[[[-74.10313,40.58915],[-74.1018,40.59112],[-74.10153,40.59107],[-74.1017,40.5903],[-74.10228,40.58951],[-74.10281,40.58896],[-74.10313,40.58915]]]}},{"type":"Feature","properties":{"u":"210312zmk","n":"103 Lee Avenue","y":2022,"k":"more housing allowed","un":0.0,"upa":0.0,"ac":0.41,"t":false},"geometry":{"type":"Polygon","coordinates":[[[-73.95851,40.70501],[-73.9582,40.70473],[-73.95856,40.70449],[-73.95888,40.70478],[-73.95851,40.70501]]]}},{"type":"Feature","properties":{"u":"800160zmr","n":"S/S HYLAN BLVD BET ELMTREE AVE & MA","y":1981,"k":"unclassified","un":0.0,"upa":0.0,"ac":0.91,"t":true},"geometry":{"type":"Polygon","coordinates":[[[-74.1058,40.57459],[-74.10531,40.57516],[-74.10482,40.57487],[-74.10533,40.57435],[-74.1058,40.57459]]]}},{"type":"Feature","properties":{"u":"030153zmr","n":"GRANDVIEW PLAZA","y":2007,"k":"unclassified","un":0.0,"upa":0.0,"ac":4.39,"t":true},"geometry":{"type":"Polygon","coordinates":[[[-74.16645,40.62907],[-74.16573,40.62905],[-74.16573,40.62883],[-74.16539,40.62881],[-74.16544,40.62716],[-74.16656,40.62737],[-74.16645,40.62907]]]}},{"type":"Feature","properties":{"u":"020124zmq","n":"EXECUTIVE MOTOR INN","y":2003,"k":"unclassified","un":0.0,"upa":0.0,"ac":1.25,"t":true},"geometry":{"type":"Polygon","coordinates":[[[-73.78456,40.6674],[-73.78406,40.66768],[-73.78379,40.66745],[-73.78337,40.66766],[-73.78359,40.66793],[-73.78331,40.66808],[-73.78284,40.66754],[-73.78322,40.66735],[-73.78456,40.6674]]]}},{"type":"Feature","properties":{"u":"060495zmr","n":"WOLFE'S POND PK","y":2012,"k":"unclassified","un":0.0,"upa":0.0,"ac":14.66,"t":false},"geometry":{"type":"Polygon","coordinates":[[[-74.19538,40.52025],[-74.1924,40.52203],[-74.19059,40.5227],[-74.19085,40.52312],[-74.19174,40.52341],[-74.19217,40.52406],[-74.19053,40.52459],[-74.18997,40.52394],[-74.19008,40.52335],[-74.18949,40.52246],[-74.19227,40.52145],[-74.19499,40.51974],[-74.19538,40.52025]]]}},{"type":"Feature","properties":{"u":"130052zmm","n":"SOUTH STREET SEAPORT - PIER 17","y":2013,"k":"unclassified","un":0.0,"upa":0.0,"ac":26.88,"t":false},"geometry":{"type":"Polygon","coordinates":[[[-73.99798,40.707],[-74.00293,40.70396],[-74.00456,40.70536],[-73.99957,40.70825],[-73.99798,40.707]]]}},{"type":"Feature","properties":{"u":"801094zmq","n":"S BAISLEY BLVD, 132 AVE, GRANNATTEE","y":1983,"k":"unclassified","un":0.0,"upa":0.0,"ac":9.12,"t":true},"geometry":{"type":"Polygon","coordinates":[[[-73.78682,40.66878],[-73.78618,40.67116],[-73.78505,40.67164],[-73.78395,40.67034],[-73.78682,40.66878]]]}},{"type":"Feature","properties":{"u":"210361zmr","n":"252 Victory Boulevard","y":2021,"k":"more housing allowed","un":0.0,"upa":0.0,"ac":1.47,"t":false},"geometry":{"type":"Polygon","coordinates":[[[-74.08396,40.63571],[-74.08358,40.63544],[-74.08421,40.63484],[-74.08442,40.63497],[-74.08459,40.63479],[-74.08495,40.63502],[-74.08396,40.63571]]]}},{"type":"Feature","properties":{"u":"190011zmk","n":"50 Old Fulton St","y":2020,"k":"unclassified","un":0.0,"upa":0.0,"ac":1.64,"t":false},"geometry":{"type":"Polygon","coordinates":[[[-73.99305,40.70114],[-73.99343,40.70125],[-73.99316,40.70237],[-73.99207,40.70167],[-73.99285,40.70157],[-73.99305,40.70114]]]}},{"type":"Feature","properties":{"u":"240145zmq","n":"78-08 Linden Boulevard Rezoning","y":2026,"k":"more housing allowed","un":0.0,"upa":0.0,"ac":2.07,"t":false},"geometry":{"type":"Polygon","coordinates":[[[-73.85705,40.66939],[-73.85727,40.67026],[-73.85629,40.67041],[-73.85606,40.66954],[-73.85705,40.66939]]]}},{"type":"Feature","properties":{"u":"250252zmq","n":"247-56 90th Ave Rezoning","y":2026,"k":"unclassified","un":0.0,"upa":0.0,"ac":0.48,"t":false},"geometry":{"type":"Polygon","coordinates":[[[-73.71979,40.72607],[-73.71971,40.72644],[-73.71845,40.72643],[-73.71979,40.72607]]]}},{"type":"Feature","properties":{"u":"250268zmq","n":"63-12 Broadway Rezoning","y":2026,"k":"more housing allowed","un":0.0,"upa":0.0,"ac":1.17,"t":false},"geometry":{"type":"Polygon","coordinates":[[[-73.89923,40.75001],[-73.89839,40.74965],[-73.89862,40.74915],[-73.89946,40.7495],[-73.89923,40.75001]]]}},{"type":"Feature","properties":{"u":"250294zmx","n":"Kingsbridge Armory Redevelopment","y":2025,"k":"unclassified","un":0.0,"upa":0.0,"ac":9.43,"t":false},"geometry":{"type":"Polygon","coordinates":[[[-73.89961,40.86854],[-73.89955,40.86894],[-73.89889,40.86965],[-73.89656,40.86857],[-73.8974,40.86748],[-73.89895,40.86777],[-73.89942,40.8681],[-73.89961,40.86854]]]}},{"type":"Feature","properties":{"u":"250064zmk","n":"74 Bogart Street Rezoning","y":2025,"k":"unclassified","un":0.0,"upa":0.0,"ac":2.74,"t":false},"geometry":{"type":"Polygon","coordinates":[[[-73.93371,40.7068],[-73.93209,40.70706],[-73.9319,40.70636],[-73.93352,40.7061],[-73.93371,40.7068]]]}},{"type":"Feature","properties":{"u":"240297zmq","n":"217-14 24th Avenue Rezoning","y":2026,"k":"more housing allowed","un":0.0,"upa":0.0,"ac":2.54,"t":false},"geometry":{"type":"Polygon","coordinates":[[[-73.77237,40.78114],[-73.77095,40.78193],[-73.77038,40.78139],[-73.77175,40.78074],[-73.77237,40.78114]]]}},{"type":"Feature","properties":{"u":"250300zmm","n":"MTA 125th and Lexington Rezoning","y":2025,"k":"more housing allowed","un":0.0,"upa":0.0,"ac":3.27,"t":false},"geometry":{"type":"Polygon","coordinates":[[[-73.93631,40.80303],[-73.93791,40.80371],[-73.93742,40.80438],[-73.93582,40.80371],[-73.93631,40.80303]]]}},{"type":"Feature","properties":{"u":"250221zmx","n":"Claremont House: 1640 Anthony Avenue","y":2025,"k":"more housing allowed","un":0.0,"upa":0.0,"ac":0.67,"t":false},"geometry":{"type":"Polygon","coordinates":[[[-73.905,40.84281],[-73.90441,40.84265],[-73.90461,40.84213],[-73.90503,40.84226],[-73.905,40.84281]]]}},{"type":"Feature","properties":{"u":"250194zmk","n":"699-703 Lexington Avenue Rezoning","y":2025,"k":"more housing allowed","un":0.0,"upa":0.0,"ac":0.3,"t":false},"geometry":{"type":"Polygon","coordinates":[[[-73.933,40.69012],[-73.93264,40.69016],[-73.93257,40.6898],[-73.93291,40.68976],[-73.933,40.69012]]]}},{"type":"Feature","properties":{"u":"250285zmk","n":"Herkimer-Williams","y":2025,"k":"more housing allowed","un":0.0,"upa":0.0,"ac":9.01,"t":false},"geometry":{"type":"Polygon","coordinates":[[[-73.90334,40.67792],[-73.90119,40.6772],[-73.90073,40.67661],[-73.90352,40.67547],[-73.90334,40.67792]]]}},{"type":"Feature","properties":{"u":"230316zmk","n":"1720 Atlantic Avenue Rezoning","y":2025,"k":"more housing allowed","un":0.0,"upa":0.0,"ac":2.33,"t":false},"geometry":{"type":"Polygon","coordinates":[[[-73.93306,40.67774],[-73.93315,40.67675],[-73.93404,40.6768],[-73.934,40.67717],[-73.93422,40.67718],[-73.93416,40.6778],[-73.93306,40.67774]]]}},{"type":"Feature","properties":{"u":"250056zmk","n":"464 Ovington Avenue Rezoning","y":2025,"k":"more housing allowed","un":0.0,"upa":0.0,"ac":0.71,"t":false},"geometry":{"type":"Polygon","coordinates":[[[-74.02203,40.63224],[-74.02258,40.6325],[-74.02221,40.63297],[-74.02181,40.63278],[-74.02203,40.63224]]]}},{"type":"Feature","properties":{"u":"250121zmk","n":"5502 Flatlands Ave Rezoning","y":2025,"k":"more housing allowed","un":0.0,"upa":0.0,"ac":1.09,"t":false},"geometry":{"type":"Polygon","coordinates":[[[-73.92311,40.62893],[-73.92313,40.62915],[-73.92222,40.62974],[-73.92214,40.629],[-73.92311,40.62893]]]}},{"type":"Feature","properties":{"u":"250044zmq","n":"78-01 Queens Boulevard Rezoning","y":2025,"k":"more housing allowed","un":0.0,"upa":0.0,"ac":2.17,"t":false},"geometry":{"type":"Polygon","coordinates":[[[-73.88491,40.7382],[-73.88576,40.73837],[-73.88553,40.73894],[-73.88462,40.73923],[-73.88433,40.73867],[-73.88491,40.7382]]]}},{"type":"Feature","properties":{"u":"250272zmq","n":"18-15 Francis Lewis Blvd Commercial Overlay","y":2025,"k":"unclassified","un":0.0,"upa":0.0,"ac":0.71,"t":false},"geometry":{"type":"Polygon","coordinates":[[[-73.80365,40.7819],[-73.80294,40.78184],[-73.80306,40.78099],[-73.80365,40.7819]]]}},{"type":"Feature","properties":{"u":"250208zmq","n":"Ikos Senior Living","y":2025,"k":"more housing allowed","un":0.0,"upa":0.0,"ac":2.03,"t":false},"geometry":{"type":"Polygon","coordinates":[[[-73.92664,40.76116],[-73.92607,40.76186],[-73.92485,40.76129],[-73.92494,40.76118],[-73.92531,40.76135],[-73.92579,40.76077],[-73.92664,40.76116]]]}},{"type":"Feature","properties":{"u":"250332zmk","n":"1417 Ave U Rezoning","y":2026,"k":"more housing allowed","un":0.0,"upa":0.0,"ac":1.11,"t":false},"geometry":{"type":"Polygon","coordinates":[[[-73.95733,40.59874],[-73.95743,40.59924],[-73.9565,40.59934],[-73.9564,40.59884],[-73.95733,40.59874]]]}},{"type":"Feature","properties":{"u":"220306zmx","n":"521 East Tremont Avenue Rezoning","y":2023,"k":"more housing allowed","un":0.0,"upa":0.0,"ac":1.55,"t":false},"geometry":{"type":"Polygon","coordinates":[[[-73.89684,40.8475],[-73.89592,40.8472],[-73.89617,40.84665],[-73.89721,40.84686],[-73.89684,40.8475]]]}},{"type":"Feature","properties":{"u":"240278zmx","n":"5602-5604 Broadway Rezoning","y":2025,"k":"more housing allowed","un":0.0,"upa":0.0,"ac":2.13,"t":false},"geometry":{"type":"Polygon","coordinates":[[[-73.90442,40.87945],[-73.90399,40.88005],[-73.9028,40.87955],[-73.90338,40.87894],[-73.90442,40.87945]]]}},{"type":"Feature","properties":{"u":"250090zmk","n":"535 Morgan Ave Rezoning","y":2025,"k":"unclassified","un":0.0,"upa":0.0,"ac":4.38,"t":false},"geometry":{"type":"Polygon","coordinates":[[[-73.94107,40.72211],[-73.93921,40.72324],[-73.93874,40.72219],[-73.94099,40.72161],[-73.94107,40.72211]]]}},{"type":"Feature","properties":{"u":"220185zmq","n":"27-24 College Point Boulevard Commercial Overlay","y":2024,"k":"unclassified","un":0.0,"upa":0.0,"ac":0.49,"t":false},"geometry":{"type":"Polygon","coordinates":[[[-73.84641,40.77348],[-73.84602,40.77347],[-73.84562,40.77309],[-73.84642,40.77313],[-73.84641,40.77348]]]}},{"type":"Feature","properties":{"u":"240250zmq","n":"102-51 Queens Boulevard Rezoning","y":2025,"k":"more housing allowed","un":0.0,"upa":0.0,"ac":1.54,"t":false},"geometry":{"type":"Polygon","coordinates":[[[-73.85039,40.72506],[-73.85103,40.72563],[-73.85014,40.72589],[-73.84954,40.7253],[-73.85039,40.72506]]]}},{"type":"Feature","properties":{"u":"230323zmk","n":"817 Avenue H Rezoning","y":2024,"k":"more housing allowed","un":0.0,"upa":0.0,"ac":1.1,"t":false},"geometry":{"type":"Polygon","coordinates":[[[-73.9681,40.62984],[-73.968,40.62934],[-73.96893,40.62924],[-73.96902,40.62974],[-73.9681,40.62984]]]}},{"type":"Feature","properties":{"u":"200286zmx","n":"261 Walton Avenue","y":2021,"k":"more housing allowed","un":0.0,"upa":0.0,"ac":1.24,"t":false},"geometry":{"type":"Polygon","coordinates":[[[-73.9309,40.81475],[-73.93004,40.81453],[-73.93036,40.81384],[-73.93103,40.81415],[-73.9309,40.81475]]]}},{"type":"Feature","properties":{"u":"240072zmk","n":"197 Berry St Rezoning","y":2024,"k":"unclassified","un":0.0,"upa":0.0,"ac":1.41,"t":false},"geometry":{"type":"Polygon","coordinates":[[[-73.96112,40.71668],[-73.95984,40.71588],[-73.96014,40.71559],[-73.96142,40.71639],[-73.96112,40.71668]]]}},{"type":"Feature","properties":{"u":"200310zmk","n":"1289 Atlantic Avenue","y":2024,"k":"more housing allowed","un":0.0,"upa":0.0,"ac":2.79,"t":false},"geometry":{"type":"Polygon","coordinates":[[[-73.94693,40.67832],[-73.94903,40.67844],[-73.94898,40.679],[-73.94687,40.67889],[-73.94693,40.67832]]]}},{"type":"Feature","properties":{"u":"190118zmx","n":"909 Castle Hill Avenue Rezoning","y":2021,"k":"more housing allowed","un":0.0,"upa":0.0,"ac":1.09,"t":false},"geometry":{"type":"Polygon","coordinates":[[[-73.84953,40.82546],[-73.85034,40.82536],[-73.85042,40.82572],[-73.85007,40.82576],[-73.85015,40.82612],[-73.8497,40.82618],[-73.84953,40.82546]]]}},{"type":"Feature","properties":{"u":"200272zmq","n":"68-19 Woodhaven Blvd Rezoning","y":2021,"k":"more housing allowed","un":0.0,"upa":0.0,"ac":1.42,"t":false},"geometry":{"type":"Polygon","coordinates":[[[-73.86035,40.71522],[-73.85863,40.71565],[-73.85856,40.71528],[-73.86004,40.71493],[-73.86035,40.71522]]]}},{"type":"Feature","properties":{"u":"240252zmk","n":"1946 East 7th Street Rezoning","y":2025,"k":"more housing allowed","un":0.0,"upa":0.0,"ac":0.36,"t":false},"geometry":{"type":"Polygon","coordinates":[[[-73.96506,40.60302],[-73.96561,40.60295],[-73.96566,40.60322],[-73.96511,40.60329],[-73.96506,40.60302]]]}},{"type":"Feature","properties":{"u":"210148zmq","n":"133 Beach 116th Street Overlay Rezoning","y":2021,"k":"unclassified","un":0.0,"upa":0.0,"ac":1.59,"t":false},"geometry":{"type":"Polygon","coordinates":[[[-73.83684,40.5782],[-73.83751,40.57935],[-73.83701,40.57952],[-73.83634,40.57837],[-73.83684,40.5782]]]}},{"type":"Feature","properties":{"u":"240079zmq","n":"14-10 Beach Channel Drive Rezoning","y":2026,"k":"more housing allowed","un":0.0,"upa":0.0,"ac":0.93,"t":false},"geometry":{"type":"Polygon","coordinates":[[[-73.75413,40.60811],[-73.75396,40.60864],[-73.75322,40.60835],[-73.75335,40.60795],[-73.75413,40.60811]]]}},{"type":"Feature","properties":{"u":"240334zmq","n":"33-01 11th Street Rezoning","y":2026,"k":"more housing allowed","un":0.0,"upa":0.0,"ac":1.67,"t":false},"geometry":{"type":"Polygon","coordinates":[[[-73.93637,40.76692],[-73.93551,40.76645],[-73.93601,40.76589],[-73.93682,40.76619],[-73.93637,40.76692]]]}},{"type":"Feature","properties":{"u":"260038zmk","n":"395 Flatbush Avenue Ext. Redevelopment","y":2026,"k":"more housing allowed","un":0.0,"upa":0.0,"ac":2.15,"t":false},"geometry":{"type":"Polygon","coordinates":[[[-73.98093,40.68891],[-73.98147,40.68994],[-73.98043,40.68991],[-73.98026,40.68865],[-73.98093,40.68891]]]}},{"type":"Feature","properties":{"u":"240271zmk","n":"20 Berry Street","y":2026,"k":"unclassified","un":0.0,"upa":0.0,"ac":1.37,"t":false},"geometry":{"type":"Polygon","coordinates":[[[-73.95609,40.72236],[-73.95544,40.72195],[-73.95604,40.72141],[-73.95668,40.72181],[-73.95609,40.72236]]]}},{"type":"Feature","properties":{"u":"250318zmr","n":"37-59 Hamilton Avenue Rezoning","y":2026,"k":"unclassified","un":0.0,"upa":0.0,"ac":1.4,"t":false},"geometry":{"type":"Polygon","coordinates":[[[-74.08028,40.64479],[-74.0806,40.6452],[-74.07924,40.64551],[-74.07914,40.64505],[-74.08028,40.64479]]]}},{"type":"Feature","properties":{"u":"250302zmq","n":"St. Francis Prep Commercial Overlay","y":2026,"k":"unclassified","un":0.0,"upa":0.0,"ac":5.86,"t":false},"geometry":{"type":"Polygon","coordinates":[[[-73.77484,40.74143],[-73.77857,40.74256],[-73.77559,40.74301],[-73.77484,40.74143]]]}},{"type":"Feature","properties":{"u":"260048zmk","n":"9201 4th Ave Rezoning","y":2026,"k":"unclassified","un":0.0,"upa":0.0,"ac":0.84,"t":false},"geometry":{"type":"Polygon","coordinates":[[[-74.03033,40.61798],[-74.03017,40.61835],[-74.02931,40.61791],[-74.02957,40.6176],[-74.03033,40.61798]]]}},{"type":"Feature","properties":{"u":"220415zmm","n":"147-14 Northern Boulevard Rezoning","y":2026,"k":"unclassified","un":0.0,"upa":0.0,"ac":2.7,"t":false},"geometry":{"type":"Polygon","coordinates":[[[-73.81944,40.76516],[-73.81737,40.7654],[-73.81709,40.76489],[-73.8193,40.76463],[-73.81944,40.76516]]]}},{"type":"Feature","properties":{"u":"850639zmm","n":"BEEKMAN PL AREA, E49TH THRU E52ND S","y":1985,"k":"unclassified","un":-1.0,"upa":-0.085,"ac":11.76,"t":true},"geometry":{"type":"Polygon","coordinates":[[[-73.96607,40.7534],[-73.96505,40.75474],[-73.96264,40.75378],[-73.96409,40.75208],[-73.96557,40.75272],[-73.96607,40.7534]]]}},{"type":"Feature","properties":{"u":"020463zmm","n":"CLINTON URA","y":2002,"k":"unclassified","un":-1.0,"upa":-0.491,"ac":2.04,"t":true},"geometry":{"type":"Polygon","coordinates":[[[-73.99323,40.76786],[-73.99238,40.76753],[-73.99301,40.7667],[-73.99381,40.76705],[-73.99323,40.76786]]]}},{"type":"Feature","properties":{"u":"200274zmx","n":"431 Concord Avenue Rezoning","y":2021,"k":"more housing allowed","un":-1.0,"upa":-1.919,"ac":0.52,"t":false},"geometry":{"type":"Polygon","coordinates":[[[-73.90975,40.80997],[-73.90959,40.81043],[-73.90913,40.81034],[-73.9093,40.80987],[-73.90975,40.80997]]]}},{"type":"Feature","properties":{"u":"990681zmr","n":"SNUG HARBOR EAST","y":2000,"k":"unclassified","un":-1.0,"upa":-0.026,"ac":38.1,"t":true},"geometry":{"type":"Polygon","coordinates":[[[-74.10566,40.64526],[-74.103,40.6454],[-74.10089,40.64481],[-74.09958,40.64481],[-74.09946,40.64329],[-74.09609,40.64341],[-74.09597,40.64288],[-74.09742,40.6428],[-74.09728,40.64198],[-74.09513,40.64222],[-74.09472,40.64081],[-74.10008,40.64014],[-74.10054,40.6433],[-74.09997,40.64359],[-74.09995,40.64318],[-74.09971,40.64317],[-74.09992,40.64451],[-74.10106,40.64448],[-74.1029,40.64502],[-74.10439,40.64498],[-74.10478,40.64432],[-74.1054,40.64414],[-74.10558,40.64448],[-74.1052,40.64452],[-74.10499,40.64501],[-74.1057,40.64495],[-74.10566,40.64526]]]}},{"type":"Feature","properties":{"u":"960199zmr","n":"RICHMOND/STEINWAY AVES REZONING","y":1997,"k":"unclassified","un":-1.0,"upa":-0.342,"ac":2.92,"t":true},"geometry":{"type":"Polygon","coordinates":[[[-74.16365,40.59218],[-74.16241,40.59318],[-74.16164,40.59279],[-74.16303,40.59176],[-74.16365,40.59218]]]}},{"type":"Feature","properties":{"u":"800932zmx","n":"ARLINGTON AVE, DODGER'S ST, INDEPEN","y":1981,"k":"unclassified","un":-1.0,"upa":-0.08,"ac":12.54,"t":true},"geometry":{"type":"Polygon","coordinates":[[[-73.91219,40.89215],[-73.91153,40.8951],[-73.91005,40.89441],[-73.91006,40.89365],[-73.9084,40.89363],[-73.90947,40.89273],[-73.91219,40.89215]]]}},{"type":"Feature","properties":{"u":"040509zmk","n":"FULTON ST REZONING","y":2005,"k":"unclassified","un":-1.0,"upa":-0.614,"ac":1.63,"t":true},"geometry":{"type":"Polygon","coordinates":[[[-73.97843,40.68864],[-73.97765,40.68832],[-73.97747,40.68739],[-73.97835,40.68776],[-73.97843,40.68864]]]}},{"type":"Feature","properties":{"u":"950540azmk","n":"MILL BASIN REZONING","y":1996,"k":"unclassified","un":-1.0,"upa":-0.018,"ac":56.62,"t":true},"geometry":{"type":"Polygon","coordinates":[[[-73.91708,40.60741],[-73.91448,40.61526],[-73.91299,40.61606],[-73.91228,40.61551],[-73.91138,40.61398],[-73.91374,40.60892],[-73.9166,40.60701],[-73.91708,40.60741]]]}},{"type":"Feature","properties":{"u":"880209zmk","n":"PROSPECT PK S/W REZONING","y":1988,"k":"unclassified","un":-1.0,"upa":-0.018,"ac":57.11,"t":true},"geometry":{"type":"Polygon","coordinates":[[[-73.97996,40.6606],[-73.97904,40.66107],[-73.97427,40.6587],[-73.9736,40.65773],[-73.97224,40.6523],[-73.97327,40.65218],[-73.97996,40.6606]]]}},{"type":"Feature","properties":{"u":"120138zmq","n":"11-20 131ST STREET","y":2012,"k":"unclassified","un":-1.0,"upa":-1.616,"ac":0.62,"t":false},"geometry":{"type":"Polygon","coordinates":[[[-73.83735,40.78777],[-73.83738,40.78715],[-73.83781,40.78716],[-73.83779,40.78778],[-73.83735,40.78777]]]}},{"type":"Feature","properties":{"u":"060551zmq","n":"BRIARWOOD PLAZA","y":2009,"k":"unclassified","un":-1.0,"upa":-1.468,"ac":0.68,"t":true},"geometry":{"type":"Polygon","coordinates":[[[-73.77294,40.76735],[-73.77207,40.76755],[-73.77194,40.76723],[-73.77279,40.76705],[-73.77294,40.76735]]]}},{"type":"Feature","properties":{"u":"860102zmx","n":"FRANGELICA REST","y":1988,"k":"unclassified","un":-1.0,"upa":-0.117,"ac":8.57,"t":true},"geometry":{"type":"Polygon","coordinates":[[[-73.88412,40.84622],[-73.8849,40.84663],[-73.88381,40.84813],[-73.88413,40.84831],[-73.88379,40.84872],[-73.88479,40.8493],[-73.88448,40.85007],[-73.88283,40.84906],[-73.88311,40.84774],[-73.88412,40.84622]]]}},{"type":"Feature","properties":{"u":"890162zmm","n":"17 PENN PLAZA W34TH STREET REZONING","y":1990,"k":"unclassified","un":-1.0,"upa":-0.087,"ac":11.45,"t":true},"geometry":{"type":"Polygon","coordinates":[[[-73.99638,40.75259],[-73.99518,40.75409],[-73.99273,40.75303],[-73.99386,40.75155],[-73.99638,40.75259]]]}},{"type":"Feature","properties":{"u":"950323zmm","n":"EASTSIDE REZONING II","y":1996,"k":"unclassified","un":-1.0,"upa":-0.404,"ac":2.48,"t":true},"geometry":{"type":"Polygon","coordinates":[[[-73.97777,40.74175],[-73.97742,40.74228],[-73.97586,40.74162],[-73.97622,40.74109],[-73.97777,40.74175]]]}},{"type":"Feature","properties":{"u":"090197zmk","n":"EAST WINDSOR TERRACE REZONING","y":2009,"k":"density lowered","un":-1.0,"upa":-0.15,"ac":6.66,"t":true},"geometry":{"type":"Polygon","coordinates":[[[-73.97476,40.64828],[-73.9735,40.64894],[-73.97375,40.64933],[-73.97335,40.64949],[-73.97284,40.64873],[-73.97209,40.64902],[-73.97185,40.64813],[-73.97331,40.64757],[-73.97407,40.6477],[-73.97417,40.64821],[-73.9747,40.64799],[-73.97476,40.64828]]]}},{"type":"Feature","properties":{"u":"800931zmx","n":"ALBERMARLE RD BET BUCKINGHAM RD & E","y":1981,"k":"unclassified","un":-1.0,"upa":-0.36,"ac":2.78,"t":true},"geometry":{"type":"Polygon","coordinates":[[[-73.91031,40.8925],[-73.91034,40.89353],[-73.90862,40.89355],[-73.90933,40.89279],[-73.91031,40.8925]]]}},{"type":"Feature","properties":{"u":"060353zmk","n":"BAY RIDGE MIXED USE DEV","y":2007,"k":"unclassified","un":-1.0,"upa":-0.09,"ac":11.15,"t":true},"geometry":{"type":"Polygon","coordinates":[[[-74.01411,40.63457],[-74.01293,40.63571],[-74.01031,40.63478],[-74.01191,40.63324],[-74.01411,40.63457]]]}},{"type":"Feature","properties":{"u":"100232zmk","n":"KINGSWOOD RETAIL & OFFICE CENTER","y":2011,"k":"unclassified","un":-2.0,"upa":-7.059,"ac":0.28,"t":false},"geometry":{"type":"Polygon","coordinates":[[[-73.95942,40.60978],[-73.95849,40.60988],[-73.95847,40.60976],[-73.9594,40.60965],[-73.95942,40.60978]]]}},{"type":"Feature","properties":{"u":"770145zmk","n":"80 GREENE AE","y":1977,"k":"unclassified","un":-2.0,"upa":-0.26,"ac":7.7,"t":true},"geometry":{"type":"Polygon","coordinates":[[[-73.9697,40.68651],[-73.96829,40.68664],[-73.96786,40.68427],[-73.96921,40.68415],[-73.9697,40.68651]]]}},{"type":"Feature","properties":{"u":"090319zmq","n":"SPEC COLLEGE PT DIST","y":2009,"k":"unclassified","un":-2.0,"upa":-0.004,"ac":533.47,"t":true},"geometry":{"type":"Polygon","coordinates":[[[-73.82485,40.78514],[-73.8257,40.7817],[-73.83007,40.77431],[-73.83243,40.77228],[-73.83669,40.76975],[-73.83902,40.76706],[-73.83955,40.76611],[-73.84109,40.76615],[-73.84466,40.76551],[-73.84632,40.76576],[-73.84759,40.76628],[-73.85128,40.77212],[-73.84886,40.77202],[-73.84888,40.77175],[-73.84796,40.77173],[-73.84788,40.77317],[-73.84187,40.77296],[-73.84178,40.77556],[-73.84086,40.77551],[-73.8408,40.77654],[-73.83899,40.77664],[-73.83853,40.78471],[-73.83622,40.78464],[-73.83624,40.78418],[-73.83084,40.78414],[-73.83084,40.78458],[-73.83055,40.78466],[-73.82691,40.78471],[-73.82485,40.78514]]]}},{"type":"Feature","properties":{"u":"200228zmx","n":"4541 Furman Avenue Rezoning","y":2022,"k":"more housing allowed","un":-2.0,"upa":-0.645,"ac":3.1,"t":false},"geometry":{"type":"Polygon","coordinates":[[[-73.85236,40.90077],[-73.85155,40.90205],[-73.85066,40.90164],[-73.85162,40.90042],[-73.85236,40.90077]]]}},{"type":"Feature","properties":{"u":"180304zmq","n":"Lefferts Boulevard Overlay Rezoning","y":2018,"k":"unclassified","un":-2.0,"upa":-14.934,"ac":0.13,"t":false},"geometry":{"type":"Polygon","coordinates":[[[-73.82439,40.68564],[-73.82445,40.68575],[-73.82394,40.68577],[-73.82439,40.68564]]]}},{"type":"Feature","properties":{"u":"000017zmr","n":"STATEN ISLAND BALLPARK","y":1999,"k":"unclassified","un":-2.0,"upa":-0.222,"ac":9.03,"t":true},"geometry":{"type":"Polygon","coordinates":[[[-74.08186,40.64679],[-74.08167,40.64715],[-74.08029,40.64678],[-74.07886,40.64598],[-74.07791,40.64512],[-74.07925,40.64471],[-74.08186,40.64679]]]}},{"type":"Feature","properties":{"u":"110122zmr","n":"SOLLAZZO PLAZA REZONING","y":2014,"k":"unclassified","un":-2.0,"upa":-3.795,"ac":0.53,"t":false},"geometry":{"type":"Polygon","coordinates":[[[-74.14996,40.62478],[-74.14985,40.62524],[-74.14938,40.62519],[-74.14948,40.62471],[-74.14996,40.62478]]]}},{"type":"Feature","properties":{"u":"210027zmx","n":"Arthur Avenue Hotel","y":2021,"k":"more housing allowed","un":-2.0,"upa":-1.955,"ac":1.02,"t":false},"geometry":{"type":"MultiPolygon","coordinates":[[[[-73.88578,40.8565],[-73.88612,40.8561],[-73.88682,40.85644],[-73.88648,40.85684],[-73.88578,40.8565]]],[[[-73.88726,40.85592],[-73.8866,40.85553],[-73.8873,40.85587],[-73.88726,40.85592]]]]}},{"type":"Feature","properties":{"u":"170024zmk","n":"116 Bedford Avenue","y":2018,"k":"unclassified","un":-2.0,"upa":-2.438,"ac":0.82,"t":false},"geometry":{"type":"Polygon","coordinates":[[[-73.95573,40.72029],[-73.95535,40.72006],[-73.95597,40.71951],[-73.95634,40.71974],[-73.95573,40.72029]]]}},{"type":"Feature","properties":{"u":"980469zmx","n":"69 CRIMINAL COURT COMPLEX","y":1999,"k":"unclassified","un":-2.0,"upa":-0.203,"ac":9.85,"t":true},"geometry":{"type":"Polygon","coordinates":[[[-73.92093,40.82649],[-73.92041,40.82732],[-73.91965,40.82781],[-73.91825,40.82715],[-73.91749,40.82652],[-73.91808,40.8256],[-73.92093,40.82649]]]}},{"type":"Feature","properties":{"u":"070579zmk","n":"542-556 HOWARD AVE","y":2011,"k":"unclassified","un":-2.0,"upa":-0.901,"ac":2.22,"t":false},"geometry":{"type":"Polygon","coordinates":[[[-73.92184,40.66864],[-73.92006,40.66939],[-73.9202,40.66839],[-73.92186,40.6685],[-73.92184,40.66864]]]}},{"type":"Feature","properties":{"u":"100202zmk","n":"EMPIRE BOULEVARD REZONING","y":2014,"k":"unclassified","un":-2.0,"upa":-0.528,"ac":3.79,"t":false},"geometry":{"type":"Polygon","coordinates":[[[-73.94413,40.66361],[-73.94598,40.66372],[-73.94595,40.66421],[-73.94546,40.66423],[-73.94542,40.66468],[-73.94404,40.66462],[-73.94413,40.66361]]]}},{"type":"Feature","properties":{"u":"010651zmm","n":"1441 BROADWAY REZONING","y":2002,"k":"unclassified","un":-2.0,"upa":-1.393,"ac":1.44,"t":true},"geometry":{"type":"Polygon","coordinates":[[[-73.98743,40.75547],[-73.98652,40.75511],[-73.98668,40.75454],[-73.98778,40.75503],[-73.98743,40.75547]]]}},{"type":"Feature","properties":{"u":"150135zmq","n":"38th Street and 31th Ave Rezoning","y":2016,"k":"unclassified","un":-3.0,"upa":-3.722,"ac":0.81,"t":false},"geometry":{"type":"Polygon","coordinates":[[[-73.91825,40.76225],[-73.91748,40.7632],[-73.91722,40.76308],[-73.91799,40.76212],[-73.91825,40.76225]]]}},{"type":"Feature","properties":{"u":"170255zmq","n":"Hamilton Beach Resiliency Rezoning","y":2017,"k":"unclassified","un":-3.0,"upa":-0.036,"ac":83.24,"t":false},"geometry":{"type":"Polygon","coordinates":[[[-73.83048,40.66052],[-73.82937,40.65861],[-73.82855,40.65673],[-73.82693,40.65047],[-73.83074,40.64994],[-73.83193,40.65482],[-73.83223,40.65479],[-73.83304,40.6581],[-73.83101,40.6584],[-73.83108,40.65871],[-73.83156,40.65864],[-73.83184,40.65975],[-73.83138,40.65982],[-73.83152,40.66038],[-73.83048,40.66052]]]}},{"type":"Feature","properties":{"u":"890662zmm","n":"AUDUBON RESEARCH PARK","y":1990,"k":"unclassified","un":-3.0,"upa":-0.297,"ac":10.09,"t":true},"geometry":{"type":"Polygon","coordinates":[[[-73.94079,40.83926],[-73.93908,40.84125],[-73.93759,40.84066],[-73.93931,40.83842],[-73.94079,40.83926]]]}},{"type":"Feature","properties":{"u":"060132zmk","n":"SHEEPSHEAD BAY REZONING","y":2006,"k":"density lowered","un":-3.0,"upa":-0.106,"ac":28.33,"t":true},"geometry":{"type":"Polygon","coordinates":[[[-73.94159,40.58426],[-73.94189,40.58553],[-73.93496,40.58663],[-73.93455,40.5845],[-73.9369,40.58442],[-73.9382,40.58419],[-73.93896,40.58474],[-73.93887,40.5842],[-73.93946,40.58418],[-73.93993,40.58469],[-73.94159,40.58426]]]}},{"type":"Feature","properties":{"u":"910332zmq","n":"LINDENWOOD COMMONS","y":1999,"k":"unclassified","un":-3.0,"upa":-0.288,"ac":10.43,"t":true},"geometry":{"type":"Polygon","coordinates":[[[-73.85727,40.67027],[-73.85795,40.67299],[-73.85797,40.67308],[-73.85704,40.67283],[-73.85582,40.6721],[-73.85538,40.67054],[-73.85727,40.67027]]]}},{"type":"Feature","properties":{"u":"160219zmq","n":"Rockaway Beach Boulevard Rezoning","y":2016,"k":"more housing allowed","un":-3.0,"upa":-2.698,"ac":1.11,"t":false},"geometry":{"type":"Polygon","coordinates":[[[-73.82978,40.58193],[-73.82955,40.5815],[-73.83056,40.58122],[-73.83077,40.58162],[-73.82978,40.58193]]]}},{"type":"Feature","properties":{"u":"170438zmx","n":"Blondell Commons","y":2019,"k":"more housing allowed","un":-3.0,"upa":-0.914,"ac":3.28,"t":false},"geometry":{"type":"Polygon","coordinates":[[[-73.84069,40.84138],[-73.84146,40.84094],[-73.84239,40.84227],[-73.8416,40.84268],[-73.84069,40.84138]]]}},{"type":"Feature","properties":{"u":"870651zmx","n":"POWERS AVE FAMILY RESIDENCE CENTER","y":1987,"k":"unclassified","un":-4.0,"upa":-1.351,"ac":2.96,"t":true},"geometry":{"type":"Polygon","coordinates":[[[-73.91195,40.80699],[-73.9113,40.80828],[-73.9104,40.80802],[-73.91111,40.80676],[-73.91195,40.80699]]]}},{"type":"Feature","properties":{"u":"000126zmm","n":"OLD NAVY","y":2000,"k":"unclassified","un":-4.0,"upa":-1.682,"ac":2.38,"t":true},"geometry":{"type":"Polygon","coordinates":[[[-73.99038,40.75042],[-73.99006,40.75084],[-73.9883,40.75012],[-73.98865,40.74965],[-73.99038,40.75042]]]}},{"type":"Feature","properties":{"u":"850111zmm","n":"350-356 W14TH A/K/A 682 HUDSON ST","y":1985,"k":"unclassified","un":-4.0,"upa":-3.58,"ac":1.12,"t":true},"geometry":{"type":"Polygon","coordinates":[[[-74.00515,40.74054],[-74.00506,40.74111],[-74.00429,40.74082],[-74.00439,40.74022],[-74.00515,40.74054]]]}},{"type":"Feature","properties":{"u":"030058zmx","n":"315 E161ST ST COMMERCIAL REZONING","y":2004,"k":"unclassified","un":-5.0,"upa":-4.146,"ac":1.21,"t":true},"geometry":{"type":"Polygon","coordinates":[[[-73.91676,40.82561],[-73.91635,40.82557],[-73.91578,40.8254],[-73.91651,40.8249],[-73.91708,40.82506],[-73.91676,40.82561]]]}},{"type":"Feature","properties":{"u":"990098zmm","n":"EAST RIVER PLAZA","y":1999,"k":"unclassified","un":-5.0,"upa":-0.438,"ac":11.42,"t":true},"geometry":{"type":"Polygon","coordinates":[[[-73.9327,40.79477],[-73.93171,40.79626],[-73.93069,40.79667],[-73.9293,40.79613],[-73.92945,40.79568],[-73.93025,40.79477],[-73.93122,40.79417],[-73.9327,40.79477]]]}},{"type":"Feature","properties":{"u":"910255zmk","n":"R2X REZONING","y":1991,"k":"unclassified","un":-5.0,"upa":-0.094,"ac":53.08,"t":true},"geometry":{"type":"Polygon","coordinates":[[[-73.97033,40.62845],[-73.96714,40.6288],[-73.96577,40.62187],[-73.96901,40.62153],[-73.97033,40.62845]]]}},{"type":"Feature","properties":{"u":"110069zmr","n":"SI COMMERCIAL REZONING","y":2011,"k":"unclassified","un":-5.0,"upa":-0.092,"ac":54.3,"t":false},"geometry":{"type":"MultiPolygon","coordinates":[[[[-74.16217,40.59652],[-74.1619,40.59531],[-74.16119,40.59533],[-74.16121,40.59458],[-74.16084,40.59455],[-74.16113,40.59361],[-74.16131,40.59323],[-74.16165,40.59337],[-74.16202,40.59286],[-74.16273,40.59318],[-74.16344,40.59264],[-74.16349,40.5935],[-74.16218,40.59484],[-74.16264,40.59488],[-74.16302,40.59737],[-74.16236,40.59741],[-74.16259,40.59858],[-74.1614,40.59872],[-74.16124,40.59686],[-74.16217,40.59652]]],[[[-74.14733,40.53967],[-74.149,40.5377],[-74.14914,40.53777],[-74.14953,40.53744],[-74.15194,40.53507],[-74.15262,40.53547],[-74.15001,40.53771],[-74.15058,40.53803],[-74.14994,40.53862],[-74.14931,40.53831],[-74.14786,40.54005],[-74.14733,40.53967]]],[[[-74.16211,40.60036],[-74.1629,40.60022],[-74.16327,40.60189],[-74.16237,40.60465],[-74.16143,40.60445],[-74.16234,40.60157],[-74.16211,40.60036]]],[[[-74.16041,40.6068],[-74.1614,40.60667],[-74.16134,40.60559],[-74.16304,40.60541],[-74.1631,40.60587],[-74.16233,40.60595],[-74.16242,40.60669],[-74.16373,40.60654],[-74.16383,40.60704],[-74.1604,40.60745],[-74.16041,40.6068]]],[[[-74.09473,40.58326],[-74.09509,40.58295],[-74.09532,40.58306],[-74.096,40.58249],[-74.09653,40.58277],[-74.09617,40.58305],[-74.09702,40.58357],[-74.09562,40.58468],[-74.09528,40.5845],[-74.09595,40.58395],[-74.09473,40.58326]]],[[[-74.15286,40.53411],[-74.15313,40.5338],[-74.15449,40.53456],[-74.1539,40.53515],[-74.15295,40.53462],[-74.15325,40.53434],[-74.15286,40.53411]]]]}},{"type":"Feature","properties":{"u":"080491zmk","n":"TEDDY'S BAR AND GRILL","y":2011,"k":"unclassified","un":-5.0,"upa":-2.548,"ac":1.96,"t":false},"geometry":{"type":"Polygon","coordinates":[[[-73.95828,40.72003],[-73.95782,40.71975],[-73.95901,40.71864],[-73.95947,40.71893],[-73.95828,40.72003]]]}},{"type":"Feature","properties":{"u":"080381zmq","n":"WILLETS PT DEV PLAN","y":2008,"k":"unclassified","un":-5.0,"upa":-0.075,"ac":66.57,"t":true},"geometry":{"type":"Polygon","coordinates":[[[-73.84174,40.75582],[-73.84325,40.75535],[-73.84587,40.76051],[-73.84372,40.76175],[-73.84242,40.76222],[-73.84123,40.76231],[-73.83941,40.76194],[-73.83882,40.76052],[-73.83935,40.76041],[-73.84174,40.75582]]]}},{"type":"Feature","properties":{"u":"190299zmq","n":"Kew Gardens Hills Rezoning","y":2019,"k":"unclassified","un":-6.0,"upa":-0.102,"ac":58.81,"t":false},"geometry":{"type":"MultiPolygon","coordinates":[[[[-73.82073,40.71906],[-73.82164,40.71742],[-73.82542,40.71727],[-73.82548,40.71908],[-73.82348,40.71926],[-73.82073,40.71906]]],[[[-73.82382,40.7257],[-73.82313,40.72436],[-73.82151,40.72489],[-73.82132,40.72451],[-73.82076,40.72468],[-73.82038,40.72401],[-73.82267,40.72345],[-73.82289,40.72276],[-73.82262,40.72272],[-73.82266,40.72202],[-73.82391,40.72225],[-73.82436,40.72215],[-73.82384,40.72084],[-73.82586,40.72047],[-73.8273,40.72466],[-73.82382,40.7257]]]]}},{"type":"Feature","properties":{"u":"841034zmm","n":"NORTH HARLEM II URP","y":1984,"k":"unclassified","un":-6.0,"upa":-5.182,"ac":1.16,"t":true},"geometry":{"type":"Polygon","coordinates":[[[-73.93954,40.81546],[-73.9391,40.816],[-73.93854,40.81577],[-73.93897,40.81519],[-73.93954,40.81546]]]}},{"type":"Feature","properties":{"u":"180036zmq","n":"38th St- 35th Ave Rezoning","y":2019,"k":"more housing allowed","un":-7.0,"upa":-3.077,"ac":2.28,"t":false},"geometry":{"type":"Polygon","coordinates":[[[-73.92246,40.75744],[-73.92166,40.75706],[-73.92238,40.75617],[-73.92318,40.75654],[-73.92246,40.75744]]]}},{"type":"Feature","properties":{"u":"110382zmk","n":"ADMIRALS ROW PLAZA","y":2011,"k":"unclassified","un":-7.0,"upa":-0.863,"ac":8.11,"t":false},"geometry":{"type":"Polygon","coordinates":[[[-73.98055,40.69825],[-73.98046,40.69971],[-73.9789,40.69966],[-73.97892,40.69937],[-73.97791,40.69933],[-73.97798,40.69814],[-73.98055,40.69825]]]}},{"type":"Feature","properties":{"u":"890919zmk","n":"KINGS HIGHWAY REZONING","y":1989,"k":"unclassified","un":-7.0,"upa":-0.166,"ac":42.2,"t":true},"geometry":{"type":"Polygon","coordinates":[[[-73.96678,40.59962],[-73.96995,40.59927],[-73.97086,40.60421],[-73.96724,40.60461],[-73.96639,40.60009],[-73.96678,40.59962]]]}},{"type":"Feature","properties":{"u":"080248zmx","n":"HUNTS POINT SPECIAL DIST","y":2008,"k":"unclassified","un":-7.0,"upa":-0.024,"ac":289.38,"t":true},"geometry":{"type":"Polygon","coordinates":[[[-73.88452,40.8228],[-73.88358,40.82086],[-73.88438,40.82074],[-73.88378,40.81889],[-73.88471,40.8187],[-73.88442,40.81759],[-73.88247,40.81805],[-73.88235,40.81742],[-73.88338,40.81736],[-73.88213,40.81636],[-73.87931,40.80573],[-73.88131,40.80536],[-73.8822,40.80914],[-73.88312,40.809],[-73.88355,40.81062],[-73.89707,40.8086],[-73.89789,40.81177],[-73.89708,40.81262],[-73.89845,40.81318],[-73.89738,40.81395],[-73.89083,40.82031],[-73.88843,40.82194],[-73.88702,40.82252],[-73.88452,40.8228]],[[-73.88711,40.82094],[-73.88758,40.82036],[-73.88768,40.82076],[-73.88888,40.82001],[-73.89038,40.81876],[-73.89013,40.81835],[-73.89064,40.81792],[-73.88996,40.81683],[-73.88925,40.81689],[-73.88907,40.81658],[-73.89181,40.81637],[-73.89098,40.81322],[-73.88957,40.81345],[-73.88922,40.81213],[-73.88516,40.81275],[-73.8857,40.81475],[-73.88478,40.81491],[-73.88578,40.81872],[-73.88617,40.81866],[-73.88627,40.81906],[-73.88588,40.81912],[-73.886,40.81955],[-73.88635,40.8195],[-73.88667,40.82073],[-73.88704,40.82067],[-73.88711,40.82094]]]}},{"type":"Feature","properties":{"u":"821222zmm","n":"RIVER TERRACE","y":1983,"k":"unclassified","un":-8.0,"upa":-5.438,"ac":1.47,"t":true},"geometry":{"type":"Polygon","coordinates":[[[-73.95343,40.76653],[-73.95307,40.76707],[-73.95215,40.76669],[-73.95256,40.76614],[-73.95343,40.76653]]]}},{"type":"Feature","properties":{"u":"970708zmm","n":"E61ST REALTY","y":1998,"k":"unclassified","un":-9.0,"upa":-2.034,"ac":4.42,"t":true},"geometry":{"type":"Polygon","coordinates":[[[-73.96324,40.76167],[-73.96262,40.76242],[-73.96076,40.76162],[-73.96131,40.76086],[-73.96324,40.76167]]]}},{"type":"Feature","properties":{"u":"760215zmm","n":"WEST,CHARLES & WASHINGTON STS,CHARL","y":1977,"k":"unclassified","un":-9.0,"upa":-13.561,"ac":0.66,"t":true},"geometry":{"type":"Polygon","coordinates":[[[-74.00927,40.73436],[-74.00921,40.735],[-74.00876,40.73501],[-74.00883,40.73436],[-74.00927,40.73436]]]}},{"type":"Feature","properties":{"u":"190517zmq","n":"42-01 28th Avenue Rezoning","y":2021,"k":"more housing allowed","un":-10.0,"upa":-5.745,"ac":1.74,"t":false},"geometry":{"type":"Polygon","coordinates":[[[-73.9129,40.76511],[-73.91264,40.76544],[-73.91104,40.76469],[-73.91131,40.76436],[-73.9129,40.76511]]]}},{"type":"Feature","properties":{"u":"760088zmk","n":"OCEAN PKWAY,AVE P & AVE S","y":1977,"k":"unclassified","un":-10.0,"upa":-0.261,"ac":38.26,"t":true},"geometry":{"type":"Polygon","coordinates":[[[-73.96526,40.60275],[-73.96629,40.60267],[-73.9694,40.61867],[-73.96834,40.6188],[-73.96526,40.60275]]]}},{"type":"Feature","properties":{"u":"110398zmq","n":"28TH AVENUE REZONING","y":2013,"k":"unclassified","un":-10.0,"upa":-6.91,"ac":1.45,"t":false},"geometry":{"type":"Polygon","coordinates":[[[-73.9121,40.76474],[-73.91164,40.7653],[-73.91085,40.76493],[-73.91131,40.76436],[-73.9121,40.76474]]]}},{"type":"Feature","properties":{"u":"950341zmr","n":"CHARLESTON AREA REZONING","y":1995,"k":"unclassified","un":-10.0,"upa":-0.043,"ac":234.89,"t":true},"geometry":{"type":"MultiPolygon","coordinates":[[[[-74.23886,40.5318],[-74.24503,40.53163],[-74.24758,40.53964],[-74.23885,40.5418],[-74.23719,40.54165],[-74.23494,40.54004],[-74.23499,40.53823],[-74.23886,40.5318]]],[[[-74.22861,40.53753],[-74.22895,40.53653],[-74.23286,40.53733],[-74.23199,40.54003],[-74.23129,40.53991],[-74.22861,40.53753]]]]}},{"type":"Feature","properties":{"u":"180481zmm","n":"245 East 53rd Street Rezoning","y":2019,"k":"unclassified","un":-10.0,"upa":-5.101,"ac":1.96,"t":false},"geometry":{"type":"Polygon","coordinates":[[[-73.96854,40.75775],[-73.96739,40.75727],[-73.96781,40.7567],[-73.96892,40.75717],[-73.96854,40.75775]]]}},{"type":"Feature","properties":{"u":"800478zmm","n":"UNITED NATIONS SPEC DIST REDUCTION","y":1980,"k":"unclassified","un":-16.0,"upa":-2.758,"ac":5.8,"t":true},"geometry":{"type":"Polygon","coordinates":[[[-73.96912,40.7519],[-73.97025,40.75045],[-73.97077,40.75026],[-73.97176,40.75063],[-73.97085,40.75181],[-73.97017,40.75152],[-73.96938,40.75248],[-73.969,40.75235],[-73.96931,40.75197],[-73.96912,40.7519]]]}},{"type":"Feature","properties":{"u":"980272zmm","n":"THE THEATER SUBDISTRICT PROP","y":1998,"k":"unclassified","un":-17.0,"upa":-3.086,"ac":5.51,"t":true},"geometry":{"type":"Polygon","coordinates":[[[-73.99049,40.7576],[-73.98898,40.75968],[-73.9881,40.75931],[-73.98961,40.75724],[-73.99049,40.7576]]]}},{"type":"Feature","properties":{"u":"860431zmq","n":"CYPRESS HGTS DEVELOPMENT","y":1988,"k":"unclassified","un":-18.0,"upa":-18.01,"ac":1.0,"t":true},"geometry":{"type":"Polygon","coordinates":[[[-73.89394,40.69246],[-73.89349,40.69321],[-73.89325,40.6931],[-73.8932,40.69224],[-73.89394,40.69246]]]}},{"type":"Feature","properties":{"u":"830529zmm","n":"100FT EAST&WEST OF LEXINGTON AVE FR","y":1983,"k":"unclassified","un":-21.0,"upa":-3.795,"ac":5.53,"t":true},"geometry":{"type":"Polygon","coordinates":[[[-73.97111,40.75952],[-73.97002,40.76098],[-73.96883,40.76053],[-73.96981,40.759],[-73.97111,40.75952]]]}},{"type":"Feature","properties":{"u":"821254zmq","n":"KINGBRIDGE AVE & W236 ST","y":1983,"k":"unclassified","un":-25.0,"upa":-0.117,"ac":212.99,"t":true},"geometry":{"type":"Polygon","coordinates":[[[-73.77754,40.7969],[-73.7763,40.79639],[-73.77443,40.79462],[-73.7704,40.78845],[-73.77051,40.78798],[-73.77189,40.78735],[-73.77304,40.78706],[-73.77497,40.78732],[-73.77874,40.78908],[-73.7823,40.78993],[-73.78527,40.79194],[-73.78479,40.79558],[-73.78084,40.79678],[-73.77754,40.7969]]]}},{"type":"Feature","properties":{"u":"800324zmm","n":"125TH ST SHOPPING MALL, F. DOUGLASS","y":1980,"k":"unclassified","un":-25.0,"upa":-5.68,"ac":4.4,"t":true},"geometry":{"type":"Polygon","coordinates":[[[-73.95322,40.81004],[-73.95261,40.81088],[-73.95086,40.81014],[-73.95155,40.80933],[-73.95322,40.81004]]]}},{"type":"Feature","properties":{"u":"820965zmq","n":"WILLETS PT BLVD & CROSS ISLAND PKWY","y":1982,"k":"unclassified","un":-25.0,"upa":-0.118,"ac":212.59,"t":true},"geometry":{"type":"Polygon","coordinates":[[[-73.7763,40.79639],[-73.77435,40.79451],[-73.77041,40.78846],[-73.77037,40.78817],[-73.77057,40.78794],[-73.77304,40.78706],[-73.77515,40.78736],[-73.77874,40.78908],[-73.7823,40.78993],[-73.78527,40.79194],[-73.78484,40.79531],[-73.78084,40.79678],[-73.77956,40.79695],[-73.77726,40.79684],[-73.7763,40.79639]]]}},{"type":"Feature","properties":{"u":"980506zmm","n":"CANAL ST REZONING","y":1999,"k":"unclassified","un":-25.0,"upa":-6.141,"ac":4.07,"t":true},"geometry":{"type":"Polygon","coordinates":[[[-73.99312,40.71441],[-73.99208,40.71506],[-73.99067,40.71464],[-73.992,40.71389],[-73.99302,40.71381],[-73.99312,40.71441]]]}},{"type":"Feature","properties":{"u":"030001zmr","n":"SIBP REZONING/N.E NORTH SHORE","y":2003,"k":"density lowered","un":-28.0,"upa":-0.039,"ac":722.59,"t":true},"geometry":{"type":"MultiPolygon","coordinates":[[[[-74.08434,40.62604],[-74.0841,40.62752],[-74.08324,40.62874],[-74.0847,40.62958],[-74.08398,40.63033],[-74.08467,40.63076],[-74.0836,40.63215],[-74.08495,40.63342],[-74.08557,40.6337],[-74.08405,40.63544],[-74.0829,40.6346],[-74.081,40.63619],[-74.08057,40.6358],[-74.0826,40.63388],[-74.08365,40.63255],[-74.08309,40.63205],[-74.08282,40.63231],[-74.0821,40.63165],[-74.08123,40.63139],[-74.08031,40.63177],[-74.08003,40.63211],[-74.08,40.6325],[-74.08029,40.63305],[-74.0819,40.63352],[-74.0814,40.63413],[-74.0801,40.63542],[-74.07955,40.63488],[-74.07947,40.63515],[-74.07786,40.63485],[-74.07817,40.63361],[-74.0762,40.63305],[-74.07681,40.63135],[-74.07702,40.63129],[-74.0771,40.63094],[-74.07757,40.63044],[-74.07717,40.63041],[-74.07704,40.62921],[-74.07757,40.62858],[-74.07976,40.62972],[-74.08068,40.62865],[-74.07851,40.62743],[-74.07927,40.62651],[-74.07972,40.62717],[-74.08005,40.62702],[-74.08073,40.62749],[-74.08148,40.62731],[-74.08215,40.62839],[-74.08247,40.62831],[-74.08241,40.62793],[-74.0828,40.62782],[-74.0827,40.62731],[-74.08326,40.62703],[-74.08398,40.62603],[-74.08434,40.62604]]],[[[-74.09113,40.61164],[-74.08721,40.61732],[-74.0869,40.61903],[-74.08711,40.61908],[-74.08651,40.62192],[-74.08559,40.62181],[-74.08269,40.62269],[-74.08147,40.62039],[-74.08141,40.61962],[-74.07872,40.62103],[-74.07708,40.61917],[-74.07954,40.61788],[-74.07991,40.61752],[-74.08054,40.61816],[-74.08331,40.61611],[-74.08463,40.61649],[-74.08444,40.61521],[-74.08527,40.61163],[-74.08199,40.61024],[-74.08502,40.60726],[-74.08977,40.60955],[-74.0896,40.60969],[-74.08971,40.60988],[-74.08918,40.61053],[-74.08858,40.61062],[-74.08885,40.61077],[-74.08914,40.61064],[-74.0896,40.61089],[-74.08969,40.61072],[-74.08991,40.61079],[-74.08979,40.61097],[-74.09113,40.61164]]],[[[-74.08761,40.64758],[-74.08687,40.64799],[-74.0864,40.64741],[-74.08572,40.64766],[-74.08474,40.6477],[-74.08447,40.64843],[-74.08038,40.64738],[-74.08131,40.64597],[-74.08403,40.6467],[-74.08463,40.64559],[-74.08241,40.64484],[-74.08018,40.64508],[-74.07799,40.64208],[-74.08036,40.64175],[-74.0797,40.63861],[-74.08064,40.63852],[-74.08048,40.63803],[-74.08103,40.63796],[-74.08096,40.63764],[-74.08189,40.63752],[-74.08196,40.63715],[-74.08525,40.63662],[-74.08711,40.63847],[-74.08606,40.64273],[-74.08535,40.64306],[-74.086,40.64402],[-74.0858,40.64449],[-74.08637,40.64519],[-74.08586,40.64546],[-74.08761,40.64758]]],[[[-74.09674,40.63172],[-74.09843,40.63146],[-74.09892,40.63422],[-74.09738,40.63428],[-74.0967,40.63548],[-74.09605,40.63592],[-74.09326,40.63519],[-74.09221,40.63589],[-74.09097,40.63565],[-74.08998,40.63579],[-74.08941,40.63607],[-74.08819,40.63775],[-74.08783,40.6374],[-74.08755,40.63763],[-74.08609,40.63642],[-74.08464,40.63583],[-74.08514,40.63544],[-74.08798,40.63198],[-74.08735,40.63166],[-74.08872,40.63004],[-74.09674,40.63172]]],[[[-74.10568,40.6186],[-74.10211,40.6212],[-74.09972,40.62071],[-74.09885,40.62014],[-74.09936,40.61967],[-74.09762,40.61895],[-74.09716,40.6191],[-74.09668,40.6154],[-74.09728,40.61513],[-74.09735,40.61401],[-74.09747,40.61389],[-74.09763,40.61419],[-74.10022,40.61343],[-74.09911,40.61255],[-74.09832,40.61143],[-74.09806,40.61137],[-74.10045,40.6108],[-74.10083,40.61129],[-74.10195,40.61086],[-74.10306,40.61262],[-74.10432,40.6121],[-74.1052,40.61355],[-74.10439,40.6139],[-74.10526,40.6151],[-74.1042,40.61557],[-74.10406,40.61536],[-74.10362,40.61555],[-74.10325,40.61504],[-74.10218,40.61549],[-74.10353,40.61716],[-74.10404,40.61683],[-74.10568,40.6186]]]]}},{"type":"Feature","properties":{"u":"850625zmk","n":"BEDFORD AVE - N3RD ST URA, SITE 5","y":1986,"k":"unclassified","un":-36.0,"upa":-7.496,"ac":4.8,"t":true},"geometry":{"type":"Polygon","coordinates":[[[-73.96205,40.71601],[-73.96144,40.71662],[-73.95869,40.71494],[-73.95878,40.71473],[-73.9602,40.71511],[-73.96205,40.71601]]]}},{"type":"Feature","properties":{"u":"891068zmm","n":"ARCORP/CONVENTION CTR HOTEL DEV","y":1990,"k":"unclassified","un":-39.0,"upa":-3.372,"ac":11.56,"t":true},"geometry":{"type":"Polygon","coordinates":[[[-74.00023,40.75516],[-74.00209,40.7559],[-74.00073,40.75777],[-73.99969,40.75733],[-73.99926,40.75792],[-73.99859,40.75764],[-74.00023,40.75516]]]}},{"type":"Feature","properties":{"u":"100420zmm","n":"3RD AVE CORRIDOR REZONING","y":2010,"k":"density lowered","un":-41.0,"upa":-2.583,"ac":15.87,"t":false},"geometry":{"type":"Polygon","coordinates":[[[-73.98721,40.73239],[-73.98899,40.72994],[-73.99055,40.7306],[-73.98987,40.73354],[-73.98721,40.73239]]]}},{"type":"Feature","properties":{"u":"840364zmm","n":"LEXINGTON AVE BETWEEN 61ST ST AND 9","y":1984,"k":"unclassified","un":-44.0,"upa":-0.583,"ac":75.53,"t":true},"geometry":{"type":"MultiPolygon","coordinates":[[[[-73.96792,40.76381],[-73.96305,40.77042],[-73.96183,40.76992],[-73.96679,40.76324],[-73.96792,40.76381]]],[[[-73.95584,40.78034],[-73.95177,40.78584],[-73.95057,40.78538],[-73.95455,40.7798],[-73.95584,40.78034]]],[[[-73.95541,40.77865],[-73.95792,40.77492],[-73.95941,40.77556],[-73.95682,40.77919],[-73.95541,40.77865]]],[[[-73.96263,40.77101],[-73.95976,40.77497],[-73.95852,40.77444],[-73.96149,40.77051],[-73.96263,40.77101]]]]}},{"type":"Feature","properties":{"u":"940315zmm","n":"475 NINTH AVE","y":1994,"k":"unclassified","un":-48.0,"upa":-23.097,"ac":2.08,"t":true},"geometry":{"type":"Polygon","coordinates":[[[-73.99611,40.75529],[-73.99561,40.75598],[-73.99461,40.75548],[-73.99513,40.75484],[-73.99611,40.75529]]]}},{"type":"Feature","properties":{"u":"830111zmm","n":"SLIVER BUILDING ZONE MAP","y":1983,"k":"unclassified","un":-84.0,"upa":-0.753,"ac":111.53,"t":true},"geometry":{"type":"MultiPolygon","coordinates":[[[[-73.95057,40.78538],[-73.95455,40.7798],[-73.95584,40.78034],[-73.956,40.78064],[-73.95587,40.78125],[-73.95232,40.78606],[-73.95057,40.78538]]],[[[-73.96188,40.7699],[-73.96674,40.7632],[-73.96794,40.76374],[-73.96305,40.77039],[-73.96188,40.7699]]],[[[-73.95854,40.77444],[-73.96147,40.77044],[-73.96262,40.77095],[-73.95968,40.77494],[-73.95854,40.77444]]],[[[-73.95654,40.77697],[-73.95818,40.77501],[-73.95931,40.77552],[-73.95664,40.77913],[-73.95541,40.77865],[-73.95654,40.77697]]],[[[-73.96342,40.77055],[-73.96865,40.76347],[-73.96893,40.76358],[-73.96374,40.7707],[-73.96342,40.77055]]],[[[-73.9645,40.77107],[-73.96908,40.76478],[-73.96932,40.76489],[-73.96476,40.77117],[-73.9645,40.77107]]],[[[-73.95791,40.78017],[-73.96078,40.77614],[-73.96109,40.77627],[-73.95824,40.78028],[-73.95791,40.78017]]],[[[-73.96123,40.77559],[-73.96414,40.7716],[-73.96439,40.77171],[-73.9615,40.77571],[-73.96123,40.77559]]],[[[-73.95318,40.78643],[-73.95598,40.78257],[-73.95632,40.78261],[-73.95342,40.78654],[-73.95318,40.78643]]],[[[-73.95694,40.7793],[-73.95963,40.77568],[-73.95987,40.77578],[-73.95723,40.77944],[-73.95694,40.7793]]],[[[-73.96011,40.77511],[-73.96297,40.77112],[-73.96322,40.77123],[-73.9603,40.77519],[-73.96011,40.77511]]],[[[-73.95663,40.78183],[-73.95751,40.78068],[-73.95775,40.78077],[-73.95689,40.78194],[-73.95663,40.78183]]]]}},{"type":"Feature","properties":{"u":"850530zmr","n":"ST GEORGE-NEW BRIGHTON NORTH SHORE","y":1985,"k":"unclassified","un":-90.0,"upa":-0.243,"ac":371.11,"t":true},"geometry":{"type":"MultiPolygon","coordinates":[[[[-74.08069,40.64714],[-74.0783,40.64187],[-74.0782,40.63869],[-74.0791,40.63825],[-74.08224,40.6378],[-74.0869,40.6378],[-74.08733,40.63852],[-74.08748,40.64169],[-74.08812,40.64173],[-74.08988,40.64374],[-74.09451,40.64063],[-74.10013,40.63992],[-74.10068,40.64301],[-74.08988,40.64494],[-74.08975,40.64634],[-74.08923,40.64659],[-74.0876,40.64411],[-74.08776,40.6475],[-74.08628,40.64811],[-74.08475,40.64816],[-74.08069,40.64714]]],[[[-74.08664,40.63473],[-74.08969,40.63326],[-74.09012,40.63265],[-74.09907,40.63133],[-74.09968,40.63465],[-74.09599,40.63578],[-74.09151,40.63549],[-74.08986,40.63472],[-74.08714,40.63598],[-74.08611,40.63543],[-74.08664,40.63473]]]]}},{"type":"Feature","properties":{"u":"070495zmm","n":"SPEC MANHATTANVILLE DIST","y":2007,"k":"unclassified","un":-96.0,"upa":-1.717,"ac":55.9,"t":true},"geometry":{"type":"Polygon","coordinates":[[[-73.95882,40.82167],[-73.95746,40.82113],[-73.95828,40.82079],[-73.95759,40.82051],[-73.95818,40.81972],[-73.95602,40.81881],[-73.95505,40.82009],[-73.95402,40.81966],[-73.95492,40.81833],[-73.9553,40.81849],[-73.95561,40.8174],[-73.95586,40.8171],[-73.95694,40.81756],[-73.95827,40.81567],[-73.95949,40.81702],[-73.96313,40.81839],[-73.9615,40.82103],[-73.95987,40.82045],[-73.95882,40.82167]]]}},{"type":"Feature","properties":{"u":"860649zmm","n":"MURRAY HILL MIDBLOCK CONTEXTUAL ZO","y":1986,"k":"unclassified","un":-120.0,"upa":-4.065,"ac":29.52,"t":true},"geometry":{"type":"MultiPolygon","coordinates":[[[[-73.97756,40.7502],[-73.97999,40.74693],[-73.98085,40.74732],[-73.97843,40.75059],[-73.97756,40.7502]]],[[[-73.97606,40.74956],[-73.97848,40.74628],[-73.97928,40.74663],[-73.97693,40.74991],[-73.97606,40.74956]]],[[[-73.97939,40.75058],[-73.98169,40.74764],[-73.98248,40.74796],[-73.98028,40.75095],[-73.97939,40.75058]]],[[[-73.97535,40.74644],[-73.97615,40.74537],[-73.97763,40.74596],[-73.97681,40.74706],[-73.97535,40.74644]]]]}},{"type":"Feature","properties":{"u":"130190zmm","n":"SPECIAL GOVERNORS ISLAND DISTRICT","y":2013,"k":"unclassified","un":-141.0,"upa":-1.012,"ac":139.28,"t":false},"geometry":{"type":"Polygon","coordinates":[[[-74.01671,40.68672],[-74.02195,40.6913],[-74.02016,40.69391],[-74.01404,40.69438],[-74.01112,40.69214],[-74.01133,40.68895],[-74.01253,40.68707],[-74.01671,40.68672]]]}},{"type":"Feature","properties":{"u":"820215zmm","n":"E95TH ST, 5TH AVE, E61 ST, LEXINGTO","y":1982,"k":"unclassified","un":-294.0,"upa":-3.124,"ac":94.1,"t":true},"geometry":{"type":"MultiPolygon","coordinates":[[[[-73.96601,40.7717],[-73.97097,40.76498],[-73.97131,40.76514],[-73.97157,40.76567],[-73.96686,40.77207],[-73.96601,40.7717]]],[[[-73.9628,40.77034],[-73.9675,40.76396],[-73.9683,40.76432],[-73.96354,40.77067],[-73.9628,40.77034]]],[[[-73.96454,40.77108],[-73.96925,40.76467],[-73.97001,40.76504],[-73.9653,40.77141],[-73.96454,40.77108]]],[[[-73.9627,40.77621],[-73.96561,40.77226],[-73.96645,40.77264],[-73.96353,40.77658],[-73.9627,40.77621]]],[[[-73.95987,40.78012],[-73.96227,40.77682],[-73.96313,40.77718],[-73.96018,40.78112],[-73.95991,40.78101],[-73.95987,40.78012]]],[[[-73.96127,40.77561],[-73.96415,40.77164],[-73.96491,40.77199],[-73.96197,40.7759],[-73.96127,40.77561]]],[[[-73.96075,40.77324],[-73.96243,40.77092],[-73.9632,40.77123],[-73.96145,40.77354],[-73.96075,40.77324]]],[[[-73.9553,40.78637],[-73.95663,40.78474],[-73.95742,40.78512],[-73.95611,40.78676],[-73.9553,40.78637]]],[[[-73.96155,40.76935],[-73.96253,40.76806],[-73.96332,40.76834],[-73.9621,40.77002],[-73.96152,40.76977],[-73.96155,40.76935]]],[[[-73.95487,40.78462],[-73.95639,40.78303],[-73.95642,40.78332],[-73.9554,40.78481],[-73.95487,40.78462]]],[[[-73.95954,40.77484],[-73.96007,40.77407],[-73.96081,40.7744],[-73.96027,40.77515],[-73.95954,40.77484]]]]}},{"type":"Feature","properties":{"u":"850539zmm","n":"UPPER EAST SIDE MIDBLOCK ZONING","y":1985,"k":"unclassified","un":-416.0,"upa":-0.899,"ac":462.8,"t":true},"geometry":{"type":"MultiPolygon","coordinates":[[[[-73.96638,40.76131],[-73.9604,40.76924],[-73.9591,40.76869],[-73.96482,40.76085],[-73.96507,40.7608],[-73.96638,40.76131]]],[[[-73.9627,40.76232],[-73.95823,40.76835],[-73.95678,40.76771],[-73.95779,40.76531],[-73.95838,40.7645],[-73.96126,40.76168],[-73.9627,40.76232]]],[[[-73.95121,40.77793],[-73.94786,40.78257],[-73.94626,40.78188],[-73.94959,40.77732],[-73.95121,40.77793]]],[[[-73.96905,40.76337],[-73.96366,40.77067],[-73.96281,40.77032],[-73.96811,40.76297],[-73.96905,40.76337]]],[[[-73.95783,40.76891],[-73.95486,40.77289],[-73.9533,40.77222],[-73.95627,40.76816],[-73.95783,40.76891]]],[[[-73.94989,40.7715],[-73.94702,40.77546],[-73.9454,40.77476],[-73.94835,40.77085],[-73.94989,40.7715]]],[[[-73.95446,40.77348],[-73.95159,40.77738],[-73.95003,40.77668],[-73.95293,40.77282],[-73.95446,40.77348]]],[[[-73.97157,40.76567],[-73.96685,40.77208],[-73.96599,40.7717],[-73.97088,40.76494],[-73.97133,40.76511],[-73.97157,40.76567]]],[[[-73.96722,40.76298],[-73.96204,40.77001],[-73.96127,40.76964],[-73.96634,40.76264],[-73.96722,40.76298]]],[[[-73.95541,40.76782],[-73.95253,40.77187],[-73.95112,40.77124],[-73.95402,40.76721],[-73.95541,40.76782]]],[[[-73.95203,40.77242],[-73.94918,40.77639],[-73.9478,40.77575],[-73.95062,40.7718],[-73.95203,40.77242]]],[[[-73.95666,40.77439],[-73.95383,40.77833],[-73.95244,40.7777],[-73.95525,40.7738],[-73.95666,40.77439]]],[[[-73.97002,40.76496],[-73.96537,40.77137],[-73.96451,40.77103],[-73.96917,40.76462],[-73.97002,40.76496]]],[[[-73.96,40.76982],[-73.95709,40.77378],[-73.9557,40.77323],[-73.95868,40.76928],[-73.96,40.76982]]],[[[-73.95984,40.7817],[-73.95562,40.78741],[-73.95476,40.78706],[-73.95897,40.78133],[-73.95984,40.7817]]],[[[-73.9466,40.77603],[-73.94479,40.77846],[-73.94325,40.77779],[-73.9442,40.77564],[-73.94483,40.77477],[-73.94598,40.77519],[-73.9466,40.77603]]],[[[-73.95445,40.78035],[-73.95078,40.78543],[-73.94996,40.78511],[-73.9537,40.77996],[-73.95445,40.78035]]],[[[-73.95152,40.76919],[-73.95027,40.77094],[-73.94891,40.77029],[-73.94813,40.76955],[-73.94924,40.76814],[-73.95152,40.76919]]],[[[-73.95588,40.78124],[-73.95226,40.78605],[-73.95156,40.78579],[-73.95501,40.78087],[-73.95588,40.78124]]],[[[-73.95329,40.77886],[-73.9516,40.78143],[-73.9502,40.78075],[-73.95194,40.77827],[-73.95329,40.77886]]],[[[-73.96645,40.77264],[-73.96351,40.7766],[-73.96266,40.77624],[-73.96561,40.77226],[-73.96645,40.77264]]],[[[-73.96313,40.77718],[-73.96018,40.78112],[-73.95934,40.78077],[-73.96227,40.77682],[-73.96313,40.77718]]],[[[-73.95837,40.77513],[-73.95545,40.77898],[-73.95494,40.77877],[-73.95486,40.77833],[-73.95755,40.77475],[-73.95837,40.77513]]],[[[-73.96322,40.77125],[-73.96032,40.77519],[-73.95949,40.77485],[-73.9624,40.7709],[-73.96322,40.77125]]],[[[-73.9571,40.78261],[-73.95394,40.78672],[-73.95323,40.78642],[-73.95628,40.78225],[-73.9571,40.78261]]],[[[-73.96166,40.77058],[-73.95876,40.77454],[-73.95797,40.7742],[-73.96087,40.77023],[-73.96166,40.77058]]],[[[-73.94887,40.77691],[-73.9473,40.7791],[-73.94586,40.77847],[-73.94738,40.77636],[-73.94887,40.77691]]],[[[-73.96161,40.77653],[-73.95874,40.78045],[-73.95791,40.78017],[-73.96083,40.77621],[-73.96161,40.77653]]],[[[-73.96491,40.77201],[-73.96202,40.77592],[-73.96129,40.77563],[-73.96414,40.77166],[-73.96491,40.77201]]],[[[-73.95982,40.77572],[-73.95714,40.77943],[-73.95637,40.77908],[-73.95906,40.77543],[-73.95982,40.77572]]],[[[-73.95832,40.78101],[-73.9575,40.78216],[-73.95669,40.78183],[-73.95756,40.78065],[-73.95832,40.78101]]]]}}]}